country,year,avg_temp_mean_f,avg_temp_max_f,avg_temp_min_f,total_precip_mm,avg_sunshine_hrs,total_radiation_mj
Afghanistan,1995,32.05074,41.002563,23.068647,306.3,3880.6956,7952.1006
Afghanistan,1996,33.12527,42.244843,24.002138,286.5,3930.1436,7991.54
Afghanistan,1997,31.392311,40.039936,22.51829,409.7,3834.756,7926.03
Afghanistan,1998,34.633327,43.208427,25.867275,302.7,3923.0476,7948.9995
Afghanistan,1999,34.642914,43.536865,25.495192,210.1,3895.5046,8004.33
Afghanistan,2000,34.48846,43.89804,24.76173,144.9,3984.6296,8151.84
Afghanistan,2001,35.72618,45.473225,25.966646,142.5,4015.5518,8163.63
Afghanistan,2002,34.781612,44.04481,25.36451,211.9,3939.1829,7978.2197
Afghanistan,2003,33.505318,42.64747,24.024866,225.20001,3940.4468,8007.93
Afghanistan,2004,35.26474,44.28632,25.71853,242.9,3938.3838,7931.0596
Afghanistan,2005,31.985498,40.379715,23.427168,356.5,3914.635,7927.9697
Afghanistan,2006,34.448788,43.003525,25.509003,363.1,3883.1196,7877.4
Afghanistan,2007,33.445484,41.772125,25.001057,337.9,3910.2947,7963.44
Afghanistan,2008,34.19299,42.796646,25.552794,259.2,3970.5618,8057.01
Afghanistan,2009,31.549133,39.585743,23.244453,416.10004,3879.369,7934.4805
Afghanistan,2010,35.263577,43.8764,26.731277,336.2,3922.6733,7795.6504
Afghanistan,2011,34.82846,43.670265,26.007084,290.3,3891.8306,7901.73
Afghanistan,2012,30.58432,38.872055,22.084106,436.30002,3890.7227,7867.0205
Afghanistan,2013,33.206604,41.594837,24.608015,317.5,3887.041,7967.11
Afghanistan,2014,32.56761,41.298454,23.891714,306.20004,3915.9314,7971.05
Afghanistan,2015,33.115288,41.621716,24.484728,447.7,3867.7466,7806.96
Afghanistan,2016,35.672386,44.231697,27.08989,326.30002,3937.6008,7925.51
Afghanistan,2017,32.070415,40.45021,23.47202,264.1,3867.4543,8179.9697
Afghanistan,2018,32.713425,41.44909,23.840649,206.90001,3894.334,8077.79
Afghanistan,2019,30.759945,38.515087,22.6418,334.19998,3765.3267,8091.18
Afghanistan,2020,30.48557,38.331505,21.99921,311.40002,3805.5518,8273.641
Albania,1995,56.510574,65.48846,47.232758,1041.9,3523.9133,5675.8496
Albania,1996,56.866665,65.52483,48.08008,1139.2001,3396.9395,5519.93
Albania,1997,57.15496,66.38944,47.63172,747.4,3558.201,5862.1396
Albania,1998,57.61448,66.660675,48.331005,973.6,3541.2886,5808.33
Albania,1999,58.16421,67.41618,48.694458,937.4,3542.5745,5697.7
Albania,2000,57.95542,68.0827,47.799995,708.19995,3690.7256,6038.2
Albania,2001,58.178013,67.3824,48.798267,896.30005,3608.0623,5790.84
Albania,2002,58.17682,67.38018,49.165913,961.1,3453.3906,5548.96
Albania,2003,58.73055,68.085884,48.967663,843.60004,3557.8384,5875.24
Albania,2004,57.80454,67.0536,48.397785,1117.7999,3490.2627,5662.66
Albania,2005,56.61234,65.69928,47.394264,1181.7,3510.1665,5671.34
Albania,2006,57.45334,67.00292,48.17912,846.6,3550.1453,5749.5303
Albania,2007,59.187084,68.725006,49.474865,759.1,3584.9473,5855.87
Albania,2008,58.86754,68.10434,49.42221,819.4,3600.883,5795.7397
Albania,2009,58.806625,67.76707,49.59421,1109.2,3490.5254,5683.76
Albania,2010,58.50443,67.023636,49.7032,1507.9,3380.905,5506.5
Albania,2011,58.314987,68.34355,48.260735,692,3685.206,6005.77
Albania,2012,59.26296,68.98541,49.29901,1052.4,3619.9673,6018.0703
Albania,2013,59.217545,68.51615,49.86175,978.69995,3529.2537,5671.8896
Albania,2014,58.76318,67.72095,49.717743,1062.6,3497.2283,5595.43
Albania,2015,59.117657,68.94224,49.447742,890.4,3626.87,5903.4
Albania,2016,59.186028,68.27813,50.25993,1164.2,3526.2593,5660.3203
Albania,2017,59.91815,70.18336,49.952354,1157.4001,3619.7397,5894.61
Albania,2018,61.076435,70.721146,51.98019,1695.2,3343.431,5438.6104
Albania,2019,60.835526,70.69303,51.48679,1427.2,3475.16,5745.3496
Albania,2020,60.587337,70.758156,50.994553,1242.8,3482.7048,5759.95
Algeria,1995,76.18599,88.58697,62.106754,25.5,3995.4739,8096.6895
Algeria,1996,76.33426,88.64459,62.47672,43,3967.6055,8047.9297
Algeria,1997,76.06466,88.25952,62.053734,24.400002,3942.3123,7981.21
Algeria,1998,76.38002,88.68905,62.593735,14.200001,3931.1338,8026.87
Algeria,1999,77.131386,89.14324,63.553654,50.899998,3962.4995,8054.26
Algeria,2000,76.04504,88.42081,62.21336,8.6,3994.9934,8144.6797
Algeria,2001,78.28825,90.70948,64.22311,16.1,3991.2283,8162.3296
Algeria,2002,77.4104,89.55527,63.60247,22.5,3989.742,8089.07
Algeria,2003,76.59256,88.612114,63.057793,40.200005,3974.4028,8022.51
Algeria,2004,75.79713,87.87417,62.14499,53.400005,3963.2986,8077.52
Algeria,2005,77.1194,89.18368,63.435543,12.2,3980.5173,8061.84
Algeria,2006,76.9281,88.77807,63.194885,25.900002,3943.021,7958.95
Algeria,2007,76.79551,88.987404,62.758945,3.7,4015.3884,8187.5703
Algeria,2008,75.997536,87.82573,62.696796,31.300001,4002.581,8112.18
Algeria,2009,76.02687,88.02379,62.647243,36.1,3953.5955,8025.66
Algeria,2010,79.05418,91.041374,65.57706,7.9000006,3962.0923,7985.01
Algeria,2011,76.09874,88.05979,62.590034,22.899998,3950.213,8080.47
Algeria,2012,76.0996,88.097946,62.514584,9.2,3988.7388,8090.8506
Algeria,2013,76.65495,88.75044,62.808502,12.299999,4001.1416,8165.54
Algeria,2014,77.73257,89.68817,63.918343,19.300001,3996.5178,8074.03
Algeria,2015,77.18769,89.166916,63.616776,12.299999,3996.737,8094.25
Algeria,2016,78.23048,90.08966,64.616714,11.4,3974.7505,8053.6504
Algeria,2017,76.94369,88.6979,64.364365,35.4,3859.5684,7704.13
Algeria,2018,77.25161,88.6005,64.91497,28.700003,3718.976,7309.21
Algeria,2019,76.84364,88.49793,64.03766,27.5,3810.359,7534.1
Algeria,2020,78.361595,89.843,66.292015,13.2,3824.0874,7502.0303
Andorra,1995,50.31961,58.3907,42.042015,753.1,3623.4639,5829.06
Andorra,1996,48.831608,56.309246,40.77096,1099.4,3527.3086,5739.86
Andorra,1997,51.547634,59.829967,42.787907,883,3613.349,5901.7803
Andorra,1998,50.38689,58.46393,42.27774,637.8,3660.1553,5922.35
Andorra,1999,49.493805,57.362732,41.429768,717.7001,3644.979,5836.65
Andorra,2000,51.031155,58.98637,43.00203,645,3649.51,5946.88
Andorra,2001,50.10732,58.56626,41.396973,653.5,3695.199,6050.4697
Andorra,2002,50.409275,58.30292,42.29081,837.9,3521.7944,5709.42
Andorra,2003,50.948994,58.567745,42.763744,924.69995,3553.8228,5751.59
Andorra,2004,50.019287,58.06178,41.854897,557,3709.3828,5906.7803
Andorra,2005,49.920967,57.908646,41.60705,582.4,3680.8218,5998.54
Andorra,2006,52.551113,60.61728,44.27919,567.4,3645.063,5942.9897
Andorra,2007,51.29007,59.727386,43.06185,578.3,3668.5667,5912.69
Andorra,2008,49.98334,57.69416,42.20383,947.6001,3524.736,5668.54
Andorra,2009,51.681976,59.784096,43.45267,713.2001,3661.5562,5949.85
Andorra,2010,48.560944,56.224037,40.589687,912.8999,3489.6406,5753.23
Andorra,2011,52.49439,60.753387,44.107082,682.89996,3691.2495,5895.21
Andorra,2012,51.04092,59.230553,42.66662,626.6,3719.283,6074.46
Andorra,2013,49.600323,57.07621,41.796673,784.4,3591.551,5776.6396
Andorra,2014,51.38936,59.139057,43.366615,858.6,3553.219,5733.5703
Andorra,2015,52.324924,60.44098,44.09796,636.10004,3699.8655,6000.89
Andorra,2016,51.484135,59.500736,43.37844,741.8,3628.2156,5877.79
Andorra,2017,50.913956,60.675407,42.01187,1019.8,3607.6929,6092.25
Andorra,2018,50.31231,59.166855,42.185215,1407,3397.0461,5641.33
Andorra,2019,50.93598,60.194584,42.080173,1113.3,3517.5266,6007.2305
Andorra,2020,52.480385,61.504772,44.10699,1001,3445.1365,5678.1396
Angola,1995,82.50041,93.87731,72.17301,873.39996,3758.2637,7763.5
Angola,1996,82.40751,93.94173,71.8101,923.2,3768.692,7772.9805
Angola,1997,82.189125,93.626305,71.84729,811.1,3781.0398,7775.81
Angola,1998,83.63182,95.16074,72.96378,831.5,3740.1255,7789.4307
Angola,1999,82.52298,94.10836,71.730415,893.30005,3763.3774,7756.6997
Angola,2000,82.30876,93.94959,71.42426,646.5,3821.4207,7966.09
Angola,2001,82.91761,94.510025,72.17277,742.2,3804.6733,7931.95
Angola,2002,83.60432,95.03523,73.081894,602.5,3878.1282,7981.68
Angola,2003,83.28375,94.55293,72.89302,837.69995,3801.36,7830.13
Angola,2004,83.59032,95.215744,72.928696,725.80005,3840.9277,7979.8496
Angola,2005,84.150696,95.81244,73.53781,750.19995,3831.0708,7924.62
Angola,2006,84.00519,95.63268,73.299866,612.1,3874.9358,8016.79
Angola,2007,83.87625,95.49484,73.16968,652.30005,3856.77,7994.2397
Angola,2008,82.96469,94.85967,72.075905,672.5,3868.449,8047.74
Angola,2009,84.61128,96.36698,73.745674,586,3855.5388,7962.1606
Angola,2010,83.94752,95.36096,73.43499,910.60004,3815.6968,7911.8105
Angola,2011,82.99955,94.67746,72.11409,623.4,3870.1956,8003.95
Angola,2012,83.06354,94.74681,72.334595,720.19995,3826.7788,7928.25
Angola,2013,84.14716,95.53701,73.560745,636.89996,3846.2056,7887.55
Angola,2014,83.891975,95.37452,73.41601,624.60004,3877.8784,7874.57
Angola,2015,84.5275,96.218544,73.7474,505.2,3931.0706,8168.9897
Angola,2016,84.45684,96.00192,73.999626,627.6,3848.7932,7958.1504
Angola,2017,84.27124,95.9092,74.19677,437.5,3852.3784,7946.949
Angola,2018,83.8136,95.16924,73.746765,497.3,3721.2278,7700.74
Angola,2019,83.71348,94.70567,73.80077,776.39996,3597.1172,7463.63
Angola,2020,84.48844,95.599,74.11949,772.60004,3573.4827,7472.6904
Anguilla,1995,78.97855,79.795425,78.10515,60.1,3916.5852,7749.17
Anguilla,1996,78.45899,79.26771,77.56386,100.399994,3899.1392,7687.7
Anguilla,1997,78.98799,79.78483,78.12438,47.1,3927.3696,7692.66
Anguilla,1998,79.73369,80.56819,78.85794,226.50002,3834.9475,7547.9697
Anguilla,1999,78.92504,79.75252,78.03389,131.20001,3929.4617,7751.5
Anguilla,2000,78.868744,79.697296,77.98114,61.800003,3971.5588,7822.45
Anguilla,2001,78.67866,79.47463,77.81419,8.500001,3861.1208,7631.33
Anguilla,2002,79.39793,80.22743,78.512245,58.299995,3911.385,7733.9805
Anguilla,2003,79.36678,80.2141,78.46022,52.3,3925.6145,7751.1304
Anguilla,2004,79.016045,79.831314,78.11738,218.9,3853.1516,7574.8496
Anguilla,2005,79.04893,79.85929,78.19269,48.5,3873.3416,7675.13
Anguilla,2006,79.35645,80.12559,78.500656,104.299995,3819.5027,7471.34
Anguilla,2007,79.558044,80.36477,78.68904,368.59998,3832.8198,7516.1797
Anguilla,2008,78.52169,79.41721,77.57345,140,3917.5273,7720.9004
Anguilla,2009,79.21434,80.067154,78.31129,20.1,3923.7688,7769.24
Anguilla,2010,79.62417,80.521835,78.68806,278.3,3769.629,7317.62
Anguilla,2011,79.00536,79.81811,78.13326,180.90001,3878.3281,7554.65
Anguilla,2012,79.21069,80.05213,78.331314,11.6,3921.5066,7690.3896
Anguilla,2013,78.63512,79.46082,77.71236,137.09999,3830.5962,7395.5703
Anguilla,2014,78.62115,79.4591,77.72567,371.40002,3830.7932,7503.99
Anguilla,2015,79.37988,80.204,78.4903,123.20001,3871.385,7619.96
Anguilla,2016,79.25498,80.04918,78.39131,209.90001,3878.6235,7528.84
Anguilla,2017,79.27798,80.082436,78.44765,48.500004,3829.187,7713.33
Anguilla,2018,79.113686,79.933014,78.24076,53.9,3796.022,7695.4404
Anguilla,2019,79.137985,79.97518,78.30019,185.9,3730.486,7444.71
Anguilla,2020,79.32774,80.14164,78.464096,204,3672.4226,7327.66
Antigua and Barbuda,1995,78.970634,79.74191,78.1197,44.8,3925.996,7811.05
Antigua and Barbuda,1996,78.38233,79.18558,77.51737,119.99999,3914.889,7685.41
Antigua and Barbuda,1997,79.07068,79.84474,78.223015,48.199997,3958.6,7791.42
Antigua and Barbuda,1998,79.68061,80.48312,78.80641,164.09998,3815.0693,7553.02
Antigua and Barbuda,1999,78.741714,79.53332,77.89605,96.899994,3945.4321,7787.79
Antigua and Barbuda,2000,78.76114,79.5441,77.90738,54.2,3945.909,7818.44
Antigua and Barbuda,2001,78.677345,79.44924,77.84206,7.7,3888.1467,7738.13
Antigua and Barbuda,2002,79.208405,80.00476,78.3537,175.8,3912.469,7757.32
Antigua and Barbuda,2003,79.272354,80.07455,78.392166,35.399998,3932.278,7784.4897
Antigua and Barbuda,2004,78.86899,79.6523,78.00549,141.70001,3843.7239,7616.53
Antigua and Barbuda,2005,79.05386,79.82353,78.21734,18.3,3899.465,7731.43
Antigua and Barbuda,2006,79.33774,80.09107,78.49967,78.700005,3825.0164,7494.81
Antigua and Barbuda,2007,79.50075,80.26737,78.648605,183.9,3850.5186,7576.67
Antigua and Barbuda,2008,78.35061,79.20131,77.44877,112.200005,3939.8,7820.13
Antigua and Barbuda,2009,79.20061,80.01956,78.3532,14.799999,3925.5107,7771.68
Antigua and Barbuda,2010,79.44586,80.271805,78.56452,545.7,3791.455,7444.2295
Antigua and Barbuda,2011,78.92384,79.70838,78.06989,159.5,3878.7014,7611.58
Antigua and Barbuda,2012,79.090744,79.91172,78.21082,20.400002,3959.7239,7786.44
Antigua and Barbuda,2013,78.490295,79.29586,77.61126,210.1,3832.531,7438.33
Antigua and Barbuda,2014,78.68485,79.471176,77.84822,200.50002,3828.7068,7567.1104
Antigua and Barbuda,2015,79.4509,80.26737,78.59756,50.899998,3902.541,7672.09
Antigua and Barbuda,2016,79.20997,79.94959,78.37803,68,3889.3345,7592.21
Antigua and Barbuda,2017,79.18041,79.99096,78.33126,133.6,3877.3674,7776.42
Antigua and Barbuda,2018,78.87255,79.71874,78.031425,111.200005,3809.7483,7714.9004
Antigua and Barbuda,2019,79.28407,80.0849,78.46983,170.20001,3790.041,7552.4
Antigua and Barbuda,2020,79.271774,80.05164,78.4577,145.29999,3728.9111,7415.01
Argentina,1995,64.90827,75.33715,53.820236,90.6,3773.7239,6743.25
Argentina,1996,62.6869,73.06033,51.760822,127.40001,3802.8665,6822.84
Argentina,1997,65.16507,75.46093,54.279366,163.2,3672.5579,6610.12
Argentina,1998,64.42254,74.47931,53.79953,206,3677.7605,6624.96
Argentina,1999,64.72555,74.83413,53.996788,138.90001,3742.919,6756.2305
Argentina,2000,64.915726,75.134766,53.79,100.7,3807.78,6882.91
Argentina,2001,65.189354,75.46734,53.968925,106.600006,3784.2278,6794.08
Argentina,2002,65.28979,75.378815,54.3854,192.4,3673.715,6625.18
Argentina,2003,64.002014,73.80887,53.52287,184.2,3604.6528,6481.26
Argentina,2004,65.66752,75.8614,54.59681,174.8,3706.5417,6748.7803
Argentina,2005,65.46034,75.445145,54.552574,145,3733.7227,6696.8096
Argentina,2006,65.87673,76.14912,54.882492,103.2,3757.814,6799.64
Argentina,2007,65.42693,75.92745,54.142273,121.5,3776.3367,6806.27
Argentina,2008,64.37349,74.73394,53.167625,57.2,3831.6614,6862.91
Argentina,2009,65.17972,75.35515,54.334846,178.4,3677.7244,6614.9297
Argentina,2010,66.419395,76.94728,55.077038,136.1,3781.9792,6754.12
Argentina,2011,64.59907,74.59322,53.632107,126.7,3709.772,6758.96
Argentina,2012,64.255356,74.417465,53.145737,134.70001,3761.4636,6806
Argentina,2013,65.78117,76.0495,54.706432,136.6,3791.4175,6752.96
Argentina,2014,63.811123,74.17355,52.49539,98.899994,3716.8335,6761.38
Argentina,2015,65.2626,75.16848,54.7703,197.2,3669.7356,6675.04
Argentina,2016,66.695145,76.940475,55.824165,85.799995,3700.8994,6610.71
Argentina,2017,64.5235,74.96825,53.227203,175.79999,3714.7012,6720.0303
Argentina,2018,64.43313,74.5032,53.511997,135.2,3464.212,6367.29
Argentina,2019,65.36697,75.1872,54.55624,231.5,3522.5007,6316.88
Argentina,2020,63.10979,72.77414,52.13537,173.5,3531.5964,6387.1504
Armenia,1995,35.00745,42.283043,28.406275,988.8,3552.5967,6187.66
Armenia,1996,35.253803,42.712994,28.494469,1099.3,3541.1372,6210.13
Armenia,1997,33.759937,40.799892,27.301617,992.10004,3573.5679,6356
Armenia,1998,36.11464,43.455013,29.380741,997.5,3620.3381,6248.66
Armenia,1999,35.497753,43.163807,28.418114,1197.8,3614.1729,6289.79
Armenia,2000,35.05036,42.621517,27.958405,908.30005,3650.6895,6422.91
Armenia,2001,35.915493,43.31496,29.104574,1076.2001,3563.4016,6239.1396
Armenia,2002,34.447224,41.5083,27.927427,1209.8,3472.2363,6182.7803
Armenia,2003,34.142406,41.171978,27.709206,1235,3481.772,6163.4
Armenia,2004,34.134663,41.227257,27.478403,1057.5,3568.043,6305.56
Armenia,2005,35.13017,42.185646,28.689096,1205.9,3534.1343,6158.79
Armenia,2006,35.69909,43.00452,28.875755,1238.2,3569.156,6278.5
Armenia,2007,34.171135,41.32288,27.510714,1307.1,3506.329,6161.62
Armenia,2008,35.07029,42.50152,28.227177,998.1,3619.9336,6272.96
Armenia,2009,33.82682,40.75674,27.389647,1466.5,3467.75,6166.84
Armenia,2010,38.19772,45.496662,31.59326,1222.8,3593.5396,6273.13
Armenia,2011,33.47845,40.616932,26.74855,1233.3,3491.3428,6147.98
Armenia,2012,35.053516,42.1066,28.515865,1274,3502.2134,6110.14
Armenia,2013,35.113743,42.12277,28.60452,1061.4,3515.6628,6136.9297
Armenia,2014,36.34336,43.654,29.543726,1122,3578.0112,6241
Armenia,2015,36.29246,43.58792,29.409098,1205,3589.6123,6283.7197
Armenia,2016,35.060516,41.969013,28.426224,1316.1,3525.9578,6208.6494
Armenia,2017,33.220375,41.161015,25.204874,732.2,3740.3354,6662.25
Armenia,2018,34.933784,42.659946,27.369318,900.89996,3495.1316,6205.59
Armenia,2019,33.90674,41.668716,26.177124,732.4,3584.8577,6467.95
Armenia,2020,33.366287,41.21767,25.553738,877.2,3583.6472,6388.33
Australia,1995,74.28739,75.4594,73.06097,796.60004,3564.5066,6533.05
Australia,1996,74.213326,75.390816,72.96844,1789.2,3406.064,6338.33
Australia,1997,74.35655,75.52795,73.1046,1230.0999,3550.165,6483.52
Australia,1998,76.90667,78.16359,75.45027,1867,3433.3025,6334.7197
Australia,1999,75.48245,76.713234,74.11408,1778.6,3327.7244,6039.3203
Australia,2000,74.89625,76.11648,73.5259,1342,3336.83,6172.37
Australia,2001,75.54472,76.77044,74.17918,1433.3,3506.5156,6361.65
Australia,2002,74.614685,75.71535,73.43107,1346.6001,3500.021,6447.04
Australia,2003,75.09436,76.321915,73.79131,991.10004,3486.3062,6373.91
Australia,2004,75.33302,76.50722,74.096886,1453.4,3486.6746,6420.29
Australia,2005,74.78868,76.06301,73.47767,1288.2001,3415.476,6260.63
Australia,2006,75.26113,76.504875,73.890434,1017.4,3554.4968,6484
Australia,2007,75.16216,76.38776,73.85641,1155.2999,3549.8384,6426.16
Australia,2008,74.93512,76.2077,73.57877,1511.5,3399.3066,6322.96
Australia,2009,75.173744,76.36482,73.85444,1288.1,3536.4822,6506.53
Australia,2010,75.35338,76.609924,73.91929,1422.5,3358.9805,6207.85
Australia,2011,74.439735,75.59155,73.15096,1258.2,3318.9978,6207.8496
Australia,2012,74.56192,75.81082,73.19935,1521.7999,3279.444,6106.98
Australia,2013,74.82636,76.03909,73.495674,1581.0999,3400.0215,6270.9897
Australia,2014,74.629036,75.8623,73.2708,1564.2001,3365.1406,6210.8
Australia,2015,75.80424,76.92406,74.610435,685.19995,3560.482,6627.04
Australia,2016,76.70913,77.99049,75.351234,1429.5,3440.0469,6325.25
Australia,2017,75.541,76.80521,74.200134,1381.1,3376.986,6520.84
Australia,2018,75.77068,77.03921,74.40627,1448.6,3405.0923,6525.6597
Australia,2019,76.16898,77.46208,74.804245,1279.6001,3483.2178,6648.58
Australia,2020,76.49443,77.81885,75.04016,1583,3333.328,6451.63
Austria,1995,39.291405,47.418087,31.50436,1411.8,2750.0417,4380.95
Austria,1996,37.936886,45.882317,30.489119,1529.6001,2730.0828,4242.5703
Austria,1997,39.912407,48.33017,31.944746,1446.9,2904.341,4531.6196
Austria,1998,39.368805,47.824936,31.243483,1489.8,2858.3838,4346.89
Austria,1999,40.009834,48.202686,32.451454,1424.2,2723.2527,4256.88
Austria,2000,41.4865,50.117725,33.519615,1358.6001,2965.3308,4518.69
Austria,2001,39.74795,48.068794,31.668825,1300.8999,2832.6667,4400.63
Austria,2002,41.57882,49.64367,33.842636,1383.1,2846.782,4366.8804
Austria,2003,40.475117,49.82836,31.24644,1092.5999,3171.6711,4800.05
Austria,2004,39.81825,47.870186,32.19371,1453.2999,2755.0403,4318.04
Austria,2005,39.105198,47.39244,31.184797,1441,2891.3728,4464.21
Austria,2006,40.786133,49.234604,33.197346,1368.1001,2914.7908,4468.75
Austria,2007,41.593315,49.834034,33.69494,1513,2946.915,4487.75
Austria,2008,41.3754,49.508137,33.836826,1420,2841.3374,4326.2803
Austria,2009,40.675022,48.797672,33.119675,1587.8999,2907.6633,4426.73
Austria,2010,39.301636,47.109867,31.829346,1365.1001,2691.6648,4300.4297
Austria,2011,41.899143,50.937206,33.518387,1152.1,3047.9177,4577.74
Austria,2012,40.866352,49.31904,32.737396,1566.6,2851.3079,4442.21
Austria,2013,40.99305,48.969784,33.574608,1470.9,2697.436,4321.3604
Austria,2014,43.318413,51.137424,36.251183,1563.8999,2820.3152,4299.7695
Austria,2015,42.704346,51.085648,34.772964,1277.1,2882.1294,4443.85
Austria,2016,41.983925,50.162792,34.23919,1515.6001,2820.9155,4338.42
Austria,2017,41.837547,50.380577,34.178783,1566.8,2900.4211,4522.75
Austria,2018,43.619698,51.586086,36.727947,1287.3,2979.1677,4652.2197
Austria,2019,43.3257,51.445038,36.341316,1444.8999,2759.0823,4535.92
Austria,2020,43.13256,51.96268,35.43219,1418.8,2936.3472,4602.7197
Azerbaijan,1995,62.58925,72.509964,53.89056,370.69998,3362.074,5634.41
Azerbaijan,1996,61.776417,71.02467,53.34976,242.9,3215.1694,5391.67
Azerbaijan,1997,61.430058,71.22605,52.74843,390.1,3289.3816,5528.25
Azerbaijan,1998,62.995693,72.99867,54.210125,294,3299.2764,5498.63
Azerbaijan,1999,62.61331,72.9718,53.436867,326.8,3397.355,5662.3896
Azerbaijan,2000,62.508698,72.255905,53.76287,297.7,3233.8455,5535.05
Azerbaijan,2001,62.514618,72.3413,53.717957,324.2,3357.41,5618.71
Azerbaijan,2002,61.49211,71.143684,52.900814,330.10004,3246.3745,5446.4297
Azerbaijan,2003,60.181232,69.443794,51.85903,421.19998,3161.1138,5301.79
Azerbaijan,2004,61.783,71.81304,52.87025,339.30002,3341.786,5592.17
Azerbaijan,2005,62.745975,72.13739,54.27794,294.5,3334.071,5536.81
Azerbaijan,2006,62.225765,71.751495,53.623768,349.1,3291.8816,5644.0303
Azerbaijan,2007,61.56795,70.86087,53.075138,330.30002,3254.8672,5432.51
Azerbaijan,2008,61.393913,70.613525,52.943775,280.5,3454.7266,5612.5303
Azerbaijan,2009,62.163197,71.452896,53.804504,385.09998,3271.157,5507.56
Azerbaijan,2010,63.929287,73.25338,55.582813,368.59998,3251.1755,5498.4404
Azerbaijan,2011,59.9054,68.68854,51.867165,450.6,3182.08,5303.41
Azerbaijan,2012,62.779682,71.87993,54.330666,350.19998,3353.8162,5595.81
Azerbaijan,2013,62.08337,71.65434,53.557934,295.59998,3384.149,5506.31
Azerbaijan,2014,63.207375,72.811035,54.507244,223.40001,3303.782,5661.9
Azerbaijan,2015,62.361115,71.56583,53.999798,354.40002,3256.4844,5520.5
Azerbaijan,2016,60.95331,70.06007,52.718292,377.19998,3207.2175,5354.38
Azerbaijan,2017,60.699528,70.862915,51.652718,245.79999,3287.9878,5584.38
Azerbaijan,2018,62.526188,71.80064,53.99025,371,3015.6328,5284.55
Azerbaijan,2019,62.122047,72.27332,53.0762,296.7,3055.2285,5343.66
Azerbaijan,2020,61.838997,71.903656,52.6353,271.2,3111.2683,5379.3604
The Bahamas,1995,76.811066,86.747086,67.331985,853.4,3577.3857,6898.51
The Bahamas,1996,76.0109,86.15992,66.519264,1027.3,3468.6794,6806.9297
The Bahamas,1997,74.63243,83.95215,65.87546,807.4,3476.2603,6641.7695
The Bahamas,1998,76.69637,86.593475,67.34333,585.3,3637.6833,6897.58
The Bahamas,1999,76.60172,87.058754,66.7365,669.60004,3644.2412,7021.4897
The Bahamas,2000,76.48434,87.181145,66.27287,1045.5,3616.294,7110.57
The Bahamas,2001,76.287994,86.9695,66.22856,714.89996,3646.5923,7010.51
The Bahamas,2002,78.11503,88.92977,67.979256,451.49997,3745.5217,7238.7295
The Bahamas,2003,76.662735,86.946075,67.08616,716,3501.2385,6803.58
The Bahamas,2004,77.354515,87.8382,67.501144,601.80005,3684.2822,7116.5195
The Bahamas,2005,76.35741,86.79566,66.368866,791.3,3600.2322,7021.12
The Bahamas,2006,77.61392,87.73634,67.91908,690.4,3609.7605,6907.75
The Bahamas,2007,77.52843,87.95629,67.62542,609,3707.9033,7057.56
The Bahamas,2008,76.38429,86.73779,66.640495,888.1,3525.0725,6846.2803
The Bahamas,2009,78.428894,88.74533,68.728836,641.49994,3660.1538,7025.11
The Bahamas,2010,78.51631,88.703415,69.06567,722.7,3570.2932,6864.1
The Bahamas,2011,76.792755,87.00253,67.278725,1306.3,3521.0557,6789.17
The Bahamas,2012,76.14957,86.501724,66.30164,924.2,3505.754,6889.71
The Bahamas,2013,75.069145,84.95818,66.070755,1076.1,3358.2644,6501.25
The Bahamas,2014,76.341286,86.21966,67.03511,835.7999,3622.7795,6945.4097
The Bahamas,2015,76.54992,86.431465,67.399796,785.10004,3634.7407,6816.91
The Bahamas,2016,77.543884,87.716446,67.973495,903.2,3516.0247,6758.0195
The Bahamas,2017,76.42758,87.44988,66.67738,624.2,3537.7373,6756.35
The Bahamas,2018,76.66422,88.25223,66.331184,993.10004,3420.2295,6512.4805
The Bahamas,2019,75.947426,86.79127,66.42957,1403.6,3415.5405,6375.92
The Bahamas,2020,75.6359,86.59789,66.00584,709.39996,3590.2815,6566.6904
Bahrain,1995,77.24365,80.05855,73.66978,154.3,3909.2224,7639.0195
Bahrain,1996,78.42996,81.27811,74.697044,79.100006,3946.9,7640.8496
Bahrain,1997,77.31927,80.25852,73.611084,138.8,3925.0605,7580
Bahrain,1998,79.53325,82.5746,75.60293,55.500004,3960.5122,7712.83
Bahrain,1999,79.9869,83.098076,76.000404,36.7,4009.8174,7849.7803
Bahrain,2000,78.21219,80.94245,74.5795,62.000008,4008.0603,7841.8896
Bahrain,2001,78.96687,81.819336,75.15243,28.300001,4011.48,7893.24
Bahrain,2002,78.993904,81.94706,75.0612,32.8,3974.4473,7769.29
Bahrain,2003,78.40656,81.22879,74.698975,56.199997,3969.9414,7701.6807
Bahrain,2004,78.68974,81.542694,74.95032,45.8,3967.7861,7751.4795
Bahrain,2005,77.8962,80.67055,74.25095,35.5,3974.8577,7728.55
Bahrain,2006,78.613525,81.35035,74.82695,108.2,3946.3484,7637.4697
Bahrain,2007,78.73478,81.518265,75.08414,26.9,4005.3604,7780.65
Bahrain,2008,77.8017,80.637535,74.11844,32.100002,3992.304,7848.21
Bahrain,2009,78.26703,81.13558,74.54512,47.300003,3987.4543,7768.29
Bahrain,2010,79.73161,82.65671,75.75162,5.7000003,3997.9656,7808.0996
Bahrain,2011,77.83514,80.667336,74.19967,80.6,3967.5364,7732.3496
Bahrain,2012,77.95031,80.81556,74.05745,45.4,4000.715,7788.9697
Bahrain,2013,77.99259,80.84833,74.2083,43.800003,3975.595,7775.46
Bahrain,2014,78.83423,81.66523,75.13888,29.6,3986.8013,7781.2
Bahrain,2015,79.11645,81.93572,75.41528,74.4,3963.8926,7743.39
Bahrain,2016,78.80795,81.64761,74.95564,41.200005,3985.7817,7771.2
Bahrain,2017,81.07239,91.20036,72.59526,120.4,3868.125,7725.25
Bahrain,2018,81.83129,91.69968,73.345345,82.90001,3782.9316,7514.41
Bahrain,2019,81.4602,91.104195,73.17004,112.49999,3746.0645,7425.13
Bahrain,2020,81.259384,90.98111,72.69981,52.200005,3793.9666,7500.3306
Bangladesh,1995,77.452415,85.16173,71.2285,1764.7999,3193.7073,5888.79
Bangladesh,1996,77.63536,85.49928,71.04665,1912.3,3337.2896,6111.51
Bangladesh,1997,76.52298,84.28984,70.11792,2107.1,3264.266,5964.98
Bangladesh,1998,77.33429,84.63653,71.337234,2430.9,3165.802,5764.5605
Bangladesh,1999,77.91151,85.94387,71.230225,1847,3274.228,6037.5996
Bangladesh,2000,76.98364,84.59903,70.635025,1867.7,3284.6455,5964.98
Bangladesh,2001,77.06412,84.78201,70.68948,1963.7,3264.8645,5959.26
Bangladesh,2002,76.973495,84.54998,70.832,2275.7998,3145.3997,5711.68
Bangladesh,2003,77.171745,84.73417,70.86036,1760,3336.6023,5977.0303
Bangladesh,2004,77.33867,85.024445,70.89469,2180.9,3219.6423,5929.54
Bangladesh,2005,78.012886,85.75992,71.63042,1844.2,3364.9631,6086.88
Bangladesh,2006,78.60492,86.49373,72.04663,1574,3431.738,6224.88
Bangladesh,2007,77.35245,84.83823,71.13431,2407.3,3219.1616,5926.96
Bangladesh,2008,77.54429,85.0719,71.26772,1889.1001,3284.6104,5982.4497
Bangladesh,2009,78.767426,86.56179,72.194824,1688.4,3379.0002,6208.84
Bangladesh,2010,79.04067,86.8239,72.673676,1685.2,3352.71,6075.08
Bangladesh,2011,77.38938,85.017,70.95283,1930.2001,3312.594,5949.21
Bangladesh,2012,77.43639,85.165596,70.9896,1537.7999,3404.3684,6166.42
Bangladesh,2013,77.053314,84.88286,70.533646,1620.2,3272.6274,6009.64
Bangladesh,2014,77.73784,85.48894,71.18313,1259.3,3467.1938,6300.05
Bangladesh,2015,77.56651,84.82541,71.512054,2059.2,3231.08,5803.1104
Bangladesh,2016,78.420105,85.655334,72.53058,1805,3315.5278,5910.53
Bangladesh,2017,77.06982,85.13797,70.53776,2770.5,3164.1243,5784.62
Bangladesh,2018,76.66358,85.24227,69.72035,1652.2,3289.7004,5867.58
Bangladesh,2019,77.16185,85.8163,70.18737,1581.8999,3307.5745,5850.47
Bangladesh,2020,76.96291,85.48582,70.06115,2054.7,3295.3462,5831.63
Barbados,1995,79.428085,80.20597,78.56822,76.5,3979.8445,7837.92
Barbados,1996,78.88865,79.67565,78.01115,414.09998,3904.2334,7791.88
Barbados,1997,79.92184,80.74745,78.97778,178.90001,3980.1611,7746.9897
Barbados,1998,80.12766,80.903046,79.26159,94.1,3913.5762,7700.46
Barbados,1999,79.18796,79.99367,78.30142,126.000015,3977.564,7803.41
Barbados,2000,79.26742,80.0445,78.42599,106.3,3952.22,7837.39
Barbados,2001,79.248985,80.038795,78.36973,59.6,3977.0664,7782.24
Barbados,2002,79.576866,80.3517,78.68288,206.80002,3939.9434,7772.2295
Barbados,2003,79.6575,80.486336,78.73342,307.90002,3929.1255,7774.7295
Barbados,2004,79.268135,80.0632,78.381966,248.9,3923.5662,7707.78
Barbados,2005,79.62611,80.41531,78.75513,143.9,3920.8818,7712.3
Barbados,2006,79.4755,80.25406,78.57315,453.7,3864.8044,7575.13
Barbados,2007,79.648506,80.462166,78.7529,288.40002,3884.2678,7609.9897
Barbados,2008,78.761635,79.58738,77.847626,327.9,3874.4077,7663.51
Barbados,2009,79.67884,80.4491,78.827614,57,3985.5732,7825.1997
Barbados,2010,79.6337,80.43677,78.730965,238.59999,3913.05,7594.3403
Barbados,2011,79.11902,79.93252,78.20625,333.7,3927.0522,7630.56
Barbados,2012,79.31499,80.165985,78.3891,240.19997,3962.7031,7806.8
Barbados,2013,78.9771,79.74857,78.10761,154.7,3941.109,7677.3
Barbados,2014,79.22401,80.00797,78.35148,199.5,3884.4268,7657.62
Barbados,2015,79.73788,80.60395,78.74156,264.80002,3933.5388,7688.25
Barbados,2016,79.50979,80.23336,78.69697,67.3,3984.288,7751.3203
Barbados,2017,79.51594,80.309784,78.62469,162,3882.1973,7794.9897
Barbados,2018,79.180954,80.02696,78.2457,526.9,3826.295,7713.85
Barbados,2019,79.82715,80.643394,78.92624,258.8,3869.7004,7749.2295
Barbados,2020,79.710106,80.45443,78.87918,179.20001,3845.1533,7656.2695
Belarus,1995,44.26757,50.575237,37.861565,567.5,2472.3262,3738.9102
Belarus,1996,41.03992,47.11498,34.59563,582.7,2432.4712,3895.4902
Belarus,1997,42.562016,48.38984,36.42773,672.5,2451.1245,3644.15
Belarus,1998,42.726242,48.353844,36.924828,878.4,2242.6548,3506.74
Belarus,1999,45.55648,51.8991,38.883125,493.39996,2591.315,4016.2998
Belarus,2000,45.54554,51.470383,39.364155,590.30005,2477.2622,3779.88
Belarus,2001,43.840523,49.98173,37.433018,611.3,2539.3318,3836.5
Belarus,2002,45.441074,51.96345,38.53077,542.1,2675.289,4047.23
Belarus,2003,42.778484,48.939205,36.223072,532.7,2463.4453,3816.75
Belarus,2004,43.16251,49.0871,36.68727,698.9,2489.9924,3893.22
Belarus,2005,43.34661,49.40006,36.965015,618,2518.1528,3832.8198
Belarus,2006,43.87598,50.111923,37.29888,503.5,2538.726,3889.5498
Belarus,2007,45.676167,51.80417,39.295403,554,2454.6335,3807.78
Belarus,2008,45.916443,51.612514,40.06423,658.4,2434.7634,3631.67
Belarus,2009,43.842644,49.64466,37.732853,817.1,2383.0923,3778.69
Belarus,2010,43.457165,49.45504,37.23674,710.60004,2493.8584,3800.58
Belarus,2011,44.668217,50.78384,38.332523,556.80005,2655.0984,3901.9102
Belarus,2012,43.411953,49.19063,37.314564,714,2417.3691,3795.25
Belarus,2013,44.47437,50.015015,38.577374,629.6,2471.036,3932.1204
Belarus,2014,45.48278,51.91833,39.088524,531.1,2717.7295,3930.7397
Belarus,2015,47.101562,53.70625,40.290085,512.3,2702.2573,4020.8198
Belarus,2016,45.30873,51.542595,38.76284,627,2571.719,3904.14
Belarus,2017,45.01326,51.010998,38.722668,860.2,2361.5334,3744.3901
Belarus,2018,45.94038,52.4113,39.41308,600.7,2532.1228,4083.9302
Belarus,2019,47.1883,53.62075,40.44845,674.5,2661.835,4085.29
Belarus,2020,47.695797,53.877983,41.560276,711.00006,2507.3335,3835.3398
Belgium,1995,50.806313,57.24983,44.519886,771.4,2704.5894,3995.5498
Belgium,1996,47.346478,53.718735,41.323322,700.49994,2546.6392,3851.6702
Belgium,1997,50.128563,56.589508,43.82652,690.30005,2672.2258,3949.9
Belgium,1998,49.81251,55.773094,44.055336,909.4,2368.6956,3571.4502
Belgium,1999,50.991577,57.2163,44.930927,800.89996,2764.8428,3966.7202
Belgium,2000,50.8447,56.66832,45.294632,954.39996,2540.16,3747.56
Belgium,2001,50.07491,56.267967,44.12068,994.5,2634.0771,3844.51
Belgium,2002,51.126,57.275234,45.201668,957.5,2581.6511,3814.97
Belgium,2003,50.965637,58.204323,43.97323,640,2957.1033,4388.48
Belgium,2004,50.014046,56.354305,43.967255,706.1,2771.4907,4004.58
Belgium,2005,50.642567,56.975887,44.563286,662.9,2739.4456,4023.2898
Belgium,2006,51.189064,57.54523,45.260853,759.89996,2792.6782,4001.59
Belgium,2007,51.25056,57.438217,45.28723,855.1,2682.0562,3871.27
Belgium,2008,50.067543,56.228405,44.112095,820.4,2598.6262,3864.52
Belgium,2009,50.291374,56.78257,43.95351,779.5,2721.896,3994.3599
Belgium,2010,48.069115,54.210056,41.863777,822.1,2602.899,3962.8
Belgium,2011,51.706234,58.55668,45.22485,703.2,2779.6655,4071.5103
Belgium,2012,50.02579,56.351353,43.935535,868.30005,2717.1914,3943.9502
Belgium,2013,49.17437,55.322598,43.087284,734.5,2522.655,3831.4302
Belgium,2014,52.25617,58.620056,46.07331,817.4,2798.819,3982.56
Belgium,2015,51.259964,57.827557,44.829338,711.39996,2709.441,4013.82
Belgium,2016,50.813354,57.149174,44.807133,822.3,2765.975,3963.8901
Belgium,2017,51.20578,57.735886,44.858234,753.7001,2535.7988,3902
Belgium,2018,52.249744,59.423935,45.31416,649.5,2739.7856,4354.21
Belgium,2019,51.586185,58.367855,44.957115,844.30005,2655.396,4188.75
Belgium,2020,52.790737,59.560535,45.868244,798.89996,2757.1084,4303.51
Belize,1995,80.63223,81.68198,79.463776,2012.3,3403.1692,6786.1504
Belize,1996,80.50397,81.451065,79.356964,1443.1,3566.2917,7008.08
Belize,1997,80.653534,81.597145,79.51186,1723.6,3493.175,6956.9404
Belize,1998,81.50159,82.602684,80.25603,2069,3482.395,6849.5796
Belize,1999,80.71883,81.808464,79.40904,2270.2,3379.1162,6684.79
Belize,2000,80.38763,81.41984,79.14008,1586.5,3495.9097,6926.78
Belize,2001,80.66757,81.76236,79.34617,2056.1,3395.9036,6710.6797
Belize,2002,80.7483,81.79885,79.564384,2288.2,3437.2517,6794.4497
Belize,2003,80.63684,81.635124,79.47661,1830.4999,3536.2034,6860.2397
Belize,2004,80.38923,81.40828,79.21508,1885.6,3446.0227,6818.37
Belize,2005,81.07914,82.180786,79.793205,2247.3,3329.0396,6658.3896
Belize,2006,80.81831,81.8817,79.55945,2205,3452.5662,6834.9
Belize,2007,80.45382,81.51479,79.195015,2200.5999,3471.3892,6782.5103
Belize,2008,80.40681,81.42623,79.25615,2160.2002,3434.6477,6755.3
Belize,2009,80.91533,81.91178,79.79321,1925.2,3482.5342,6862.81
Belize,2010,81.24954,82.2957,80.027695,1890.4,3497.015,6894.54
Belize,2011,80.53452,81.55524,79.36293,1777.2,3491.33,6838.47
Belize,2012,80.62265,81.58361,79.52295,2026,3523.454,6949.34
Belize,2013,80.150314,81.19598,78.9731,2117.2002,3413.6711,6705
Belize,2014,80.699745,81.72192,79.49831,1828.6,3479.7773,6865.05
Belize,2015,80.94645,81.976875,79.75055,1709.8999,3497.9746,6760.9404
Belize,2016,81.22219,82.25049,80.03492,1827.4001,3534.676,6875.02
Belize,2017,81.13915,82.16181,79.89431,2168.7998,3509.9368,6894.7803
Belize,2018,80.64232,81.689865,79.41619,2205.8,3480.7034,6928.84
Belize,2019,81.06807,82.13395,79.8578,1734.1001,3530.9153,6983.41
Belize,2020,81.26459,82.34492,80.01524,1697.5,3607.2312,7008.84
Benin,1995,79.41521,90.73817,71.182014,1266.3,3502.7903,7027.3
Benin,1996,79.64676,90.95878,71.25395,1262.4,3501.1638,6971.35
Benin,1997,79.38222,90.32958,71.39062,1269.1001,3482.389,6906.9297
Benin,1998,80.26983,91.45668,71.92495,1271.7001,3492.1614,7031.69
Benin,1999,79.183624,90.331314,71.13566,1597.1,3523.8428,7000.0503
Benin,2000,79.60887,91.2492,70.88017,1298.6,3555.514,7246.29
Benin,2001,79.65376,91.2673,70.92237,984.6,3574.782,7187.24
Benin,2002,79.78155,91.05155,71.483086,1332.9,3576.8833,7068.6504
Benin,2003,80.180214,91.62163,71.75654,1153.4,3614.0923,7198.3
Benin,2004,79.776184,91.12379,71.38551,983.19995,3613.0933,7160.78
Benin,2005,80.214226,91.51363,71.883026,1041.3,3584.8206,7127.38
Benin,2006,80.21843,91.48873,71.7923,1222.7001,3541.0789,7065.17
Benin,2007,79.80229,91.3472,71.26709,1065.8,3548.2908,7165.55
Benin,2008,79.8445,91.458954,71.19346,1139.5,3635.369,7347.0996
Benin,2009,80.3459,91.71114,72.00755,1156.8,3610.4307,7206.6797
Benin,2010,80.17082,91.32377,71.99349,1211.1,3481.8826,6916.53
Benin,2011,79.93304,91.4939,71.413795,891.19995,3584.9165,7165.4004
Benin,2012,79.50465,90.63739,71.47748,1259.5,3520.1033,6994.74
Benin,2013,80.194984,91.347946,72.06673,1090.6,3614.8071,7096.0103
Benin,2014,80.06707,91.25128,71.963905,1281.8999,3566.2378,7108.24
Benin,2015,80.13494,91.25917,71.865524,1161.1,3566.666,7057.8203
Benin,2016,80.42764,91.688095,72.32802,1293.3,3519.574,7089.41
Benin,2017,79.64947,92.14771,70.53933,1002.3999,3595.1326,7166.87
Benin,2018,78.66719,90.72497,70.125824,1355.7001,3368.1516,6679.6
Benin,2019,79.154045,90.93729,70.82634,1281.7,3264.7595,6509.9
Benin,2020,79.12945,91.149956,70.27267,931.5,3350.582,6753.16
Bhutan,1995,49.023354,57.05505,41.7373,4029.4001,2949.0405,4589.1797
Bhutan,1996,49.38856,57.709133,42.13716,4560.6,2984.2944,4681.38
Bhutan,1997,47.15292,55.64538,39.41111,4250,3074.2212,4739.7197
Bhutan,1998,50.13005,58.509106,43.29689,5632.9004,2840.5322,4533.7305
Bhutan,1999,50.455967,59.3016,43.134884,3500.4001,3164.578,5025.2197
Bhutan,2000,48.605095,56.915604,41.45036,4256.8,2955.381,4705.8896
Bhutan,2001,49.46553,57.940506,42.024063,3218,3154.4329,4890.1
Bhutan,2002,49.31019,57.642887,42.213924,4217.8,3014.2444,4694.28
Bhutan,2003,49.07379,57.548454,41.770584,4610.8,2976.5547,4633.79
Bhutan,2004,48.61502,57.27069,41.067738,4920.6,2977.8772,4710.76
Bhutan,2005,49.591637,57.713406,42.61067,3674.7,3109.1794,4813.7
Bhutan,2006,50.221073,58.962307,42.932693,3180.7,3195.2363,5036.5996
Bhutan,2007,49.978928,58.12617,43.02072,4220,2941.3743,4673.65
Bhutan,2008,49.718082,57.91028,42.668312,4628.6,3008.6633,4690.04
Bhutan,2009,50.581245,58.790695,43.603626,4462.3003,3024.9023,4651.3003
Bhutan,2010,50.92211,59.392582,44.133274,5050.8003,2785.1716,4462.38
Bhutan,2011,49.10765,57.624146,41.707462,4313,2915.8242,4638.5303
Bhutan,2012,48.823734,57.119705,41.601097,4768.9,2944.706,4689.99
Bhutan,2013,49.38644,58.149105,42.013214,3678.4998,3003.6733,4814.45
Bhutan,2014,49.62813,58.02212,42.685875,3935.9,2932.6406,4610.5503
Bhutan,2015,49.348976,58.004612,42.07116,4355.3,2951.8796,4655.04
Bhutan,2016,50.531742,58.906464,43.613308,4729,2896.3843,4642.04
Bhutan,2017,50.257835,61.300846,41.267582,2605.5,3290.0598,5816.35
Bhutan,2018,49.67803,60.205555,41.280403,2576.7002,3323.4727,5702.0503
Bhutan,2019,49.651814,60.23835,40.944077,2263.3,3295.9812,5718.43
Bhutan,2020,49.827854,59.815575,41.91,2989.7002,3178.1772,5564.27
Bolivia,1995,79.34843,80.09082,78.517914,109.00001,3925.0496,7768.7
Bolivia,1996,78.826515,79.59845,77.97746,291.80002,3892.975,7694.1006
Bolivia,1997,79.45437,80.20991,78.60249,165.7,3936.4739,7755.16
Bolivia,1998,79.96354,80.72501,79.12696,347,3766.1572,7447.04
Bolivia,1999,79.13234,79.872604,78.30315,96.5,3935.5784,7747.4297
Bolivia,2000,79.11879,79.875824,78.26787,144.09999,3943.944,7769.77
Bolivia,2001,79.08917,79.82107,78.29057,20.800003,3887.1313,7710.33
Bolivia,2002,79.5846,80.34505,78.72997,202.3,3873.8447,7679.15
Bolivia,2003,79.66584,80.435776,78.79113,83.100006,3929.6172,7793.42
Bolivia,2004,79.29843,80.08139,78.429924,386.6,3819.0378,7524.31
Bolivia,2005,79.36421,80.118195,78.520874,108.600006,3875.2727,7648.91
Bolivia,2006,79.59724,80.363045,78.72208,230.69998,3859.343,7568.67
Bolivia,2007,79.6756,80.43948,78.78299,232.2,3793.1016,7465.6504
Bolivia,2008,78.82159,79.63999,77.92139,234.20001,3907.1572,7699.41
Bolivia,2009,79.79796,80.58792,78.96299,47.000008,3916.8975,7716.95
Bolivia,2010,79.71221,80.521095,78.824165,510.5,3778.3467,7364.29
Bolivia,2011,79.26723,80.04619,78.392166,238.5,3862.6619,7599.19
Bolivia,2012,79.458115,80.25942,78.59442,48.4,3926.281,7705.3896
Bolivia,2013,78.88368,79.64107,78.0297,132,3863.6318,7478.77
Bolivia,2014,79.116745,79.92882,78.25483,461.20004,3805.7927,7487.09
Bolivia,2015,79.862625,80.65572,78.96964,140.90001,3858.576,7592.39
Bolivia,2016,79.55571,80.286964,78.72918,141.2,3905.2388,7585
Bolivia,2017,79.648384,80.43109,78.815285,152.8,3834.84,7690.1807
Bolivia,2018,79.46812,80.290794,78.57315,180.1,3749.0627,7605.01
Bolivia,2019,79.66085,80.464386,78.824165,173.40001,3782.6858,7549.3403
Bolivia,2020,79.56962,80.37032,78.6805,260.8,3701.474,7374.6504
Bosnia and Herzegovina,1995,36.493347,43.91757,29.237703,1495,2989.0095,4799.7803
Bosnia and Herzegovina,1996,36.241375,43.39561,29.32487,1288.1,2837.3984,4644.0503
Bosnia and Herzegovina,1997,37.039314,44.452637,29.959429,1058.2,3134.3066,5029.2
Bosnia and Herzegovina,1998,37.46731,45.187424,30.107128,1127.3,3194.0537,5045.5303
Bosnia and Herzegovina,1999,38.000362,45.573067,30.892717,1348.8999,3051.6787,4904.34
Bosnia and Herzegovina,2000,39.26064,47.19922,31.696592,1037.3,3335.4978,5278.29
Bosnia and Herzegovina,2001,37.8986,45.530907,30.663897,1363.5,2994.4116,4849.14
Bosnia and Herzegovina,2002,39.038128,46.417595,32.375866,1266.5,2972.6572,4731.5703
Bosnia and Herzegovina,2003,38.188206,45.690197,30.91787,1058.3,3249.4438,5179.71
Bosnia and Herzegovina,2004,37.753273,45.14643,30.74274,1382.7,2965.9812,4774.94
Bosnia and Herzegovina,2005,36.112946,43.364002,29.156828,1334.2999,2989.219,4806.23
Bosnia and Herzegovina,2006,37.701702,45.349434,30.60891,1137.4,3095.1812,4934.59
Bosnia and Herzegovina,2007,39.144115,46.633595,32.05409,1287.1001,3073.0754,5021.5103
Bosnia and Herzegovina,2008,39.091785,46.580036,32.06274,1193.1001,3116.1345,4989.48
Bosnia and Herzegovina,2009,38.42385,45.793762,31.347157,1380.1001,2972.7112,4938.96
Bosnia and Herzegovina,2010,37.50662,44.620304,30.456522,1477.1001,2828.7395,4680.08
Bosnia and Herzegovina,2011,38.9439,46.870792,31.533567,807.5,3255.2134,5166.0303
Bosnia and Herzegovina,2012,39.25227,47.092247,31.564299,1067.1,3184.2698,5294.6
Bosnia and Herzegovina,2013,39.31676,46.722855,32.448112,1168.8,3086.8093,4937.92
Bosnia and Herzegovina,2014,40.185795,47.36222,33.821045,1422,2906.4683,4633.0996
Bosnia and Herzegovina,2015,39.691635,47.16151,32.527016,1050.4,3130.2334,5089.19
Bosnia and Herzegovina,2016,39.092167,46.54471,32.189217,1234.8,3011.1956,4811.1597
Bosnia and Herzegovina,2017,39.01404,45.784164,32.18529,1348.3,3254.6145,5446.25
Bosnia and Herzegovina,2018,40.244965,46.62548,33.966305,1441.1,3135.4622,5162.3496
Bosnia and Herzegovina,2019,40.12322,46.58825,33.58362,1419.8999,3069.1438,5250.28
Bosnia and Herzegovina,2020,40.43544,47.244076,33.61129,1334.8,3285.67,5417.49
Botswana,1995,71.181526,83.80274,55.64359,0,4076.3784,8864.061
Botswana,1996,71.12893,84.07881,55.24389,0.4,4093.4146,8931.8
Botswana,1997,70.939575,83.57121,55.41995,13.899999,4065.1833,8845.59
Botswana,1998,71.47762,84.39206,55.488003,0.1,4078.9,8885.721
Botswana,1999,71.79129,84.50277,56.24301,1.2,4072.4575,8892.02
Botswana,2000,69.730446,82.5134,53.923645,1.1,4093.4595,8979
Botswana,2001,71.36001,84.27715,55.312687,0,4086.389,8963.221
Botswana,2002,71.61397,84.308464,55.926907,1.9000001,4067.2114,8902.96
Botswana,2003,71.65867,84.44803,55.962906,0.8,4072.1934,8861.05
Botswana,2004,71.75205,84.88413,55.63881,0.2,4094.0447,8973.75
Botswana,2005,72.92098,85.66587,57.26236,0.3,4079.7048,8875.67
Botswana,2006,72.22497,84.8036,56.63779,0.6,4064.1912,8839.87
Botswana,2007,72.206436,85.02526,56.453594,0.2,4079.3987,8881.439
Botswana,2008,71.61269,84.41963,55.812912,9.7,4079.2666,8918.02
Botswana,2009,72.14013,85.007515,56.347565,0,4064.6267,8864.72
Botswana,2010,74.89533,87.97035,58.79754,0.6,4077.369,8877.619
Botswana,2011,71.54352,84.04685,56.02726,0.4,4078.1912,8883.95
Botswana,2012,72.28237,84.73833,56.67725,0.2,4074.5137,8864.439
Botswana,2013,72.774055,85.59139,56.874252,0.3,4077.7583,8902.811
Botswana,2014,73.153946,85.746994,57.60756,1.8000001,4053.9407,8819.59
Botswana,2015,72.19584,84.61793,56.911484,0,4072.4167,8841.72
Botswana,2016,73.08034,85.75214,57.495827,4.9,4067.088,8836.27
Botswana,2017,73.81264,84.02841,62.66635,0.6,4027.14,8642.21
Botswana,2018,76.8062,86.68896,65.97491,0.7,3963.3745,8374.85
Botswana,2019,75.41156,85.35499,64.47474,5.3999996,3968.8506,8409.109
Botswana,2020,75.116135,84.999245,64.24268,0.8,4014.6826,8513.471
Brazil,1995,79.66423,80.55488,78.743286,38.399998,3934.824,7767.41
Brazil,1996,79.546814,80.46107,78.57524,55.899998,3922.5593,7729.07
Brazil,1997,80.182755,81.07934,79.21844,122.2,3910.9297,7689.2695
Brazil,1998,80.90474,81.809204,79.99909,19.099998,3916.4233,7769.3105
Brazil,1999,79.753296,80.69074,78.78939,22.300001,3898.4944,7774.58
Brazil,2000,79.45422,80.39418,78.50811,11,3939.5671,7904.2603
Brazil,2001,79.53181,80.486084,78.59854,5.7999997,3919.8206,7852.5
Brazil,2002,79.8114,80.717125,78.875206,20.8,3943.324,7843.44
Brazil,2003,80.11261,81.06011,79.14496,14.600002,3894.0671,7713.67
Brazil,2004,79.70018,80.65975,78.72106,36.100002,3907.6025,7762.95
Brazil,2005,79.74239,80.59655,78.85671,5.6000004,3913.917,7711.98
Brazil,2006,79.726364,80.64266,78.79433,57.699997,3891.0627,7673.3
Brazil,2007,80.51542,81.51849,79.479805,87.2,3878.225,7700.04
Brazil,2008,78.733696,79.75434,77.731064,106.70001,3911.7644,7852.16
Brazil,2009,79.75209,80.70652,78.79013,8,3933.25,7831.7197
Brazil,2010,80.25867,81.213974,79.27836,32.4,3881.5425,7737.1704
Brazil,2011,79.33851,80.301636,78.36455,9.5,3936.041,7843.23
Brazil,2012,79.72698,80.71508,78.735825,14.4,3943.9316,7844.16
Brazil,2013,79.65348,80.609375,78.69299,17.4,3901.5483,7713.02
Brazil,2014,79.73204,80.64018,78.8069,15.900001,3930.804,7770.1504
Brazil,2015,79.98346,80.92474,79.01723,113.2,3921.4473,7749.17
Brazil,2016,80.03025,80.92164,79.12041,9.6,3929.189,7813.38
Brazil,2017,80.01929,81.09661,79.02068,38,3930.6672,7904.36
Brazil,2018,79.30824,80.521095,78.17838,96.90001,3866.5063,7927.1997
Brazil,2019,80.38656,81.40013,79.43863,46.6,3893.7795,7899.81
Brazil,2020,80.25028,81.23393,79.325,166.3,3896.6733,7908.05
British Virgin Islands,1995,79.29364,80.08342,78.40696,160.7,3899.6628,7715.59
British Virgin Islands,1996,78.858734,79.64886,77.98951,352,3845.3574,7609.76
British Virgin Islands,1997,79.22104,80.03781,78.3103,188,3897.0173,7619.29
British Virgin Islands,1998,80.03441,80.83844,79.1526,306.59998,3760.8083,7414.75
British Virgin Islands,1999,79.32182,80.14976,78.40918,133,3899.7134,7661.7607
British Virgin Islands,2000,79.304016,80.13206,78.38639,103.3,3935.775,7742.57
British Virgin Islands,2001,79.14134,79.92167,78.279976,83.399994,3813.705,7493.94
British Virgin Islands,2002,79.819016,80.64734,78.90257,102.5,3871.7139,7632.93
British Virgin Islands,2003,79.73132,80.56573,78.78915,118.80001,3912.4683,7708.13
British Virgin Islands,2004,79.50271,80.31525,78.56098,315.9,3800.5173,7471.77
British Virgin Islands,2005,79.46844,80.25159,78.57513,78.5,3789.0215,7520.2803
British Virgin Islands,2006,79.65426,80.40076,78.78644,290.6,3700.7273,7356.0996
British Virgin Islands,2007,79.79072,80.59063,78.88284,569.10004,3791.6223,7457.0503
British Virgin Islands,2008,78.81794,79.68475,77.845406,89.100006,3888.7595,7667.84
British Virgin Islands,2009,79.761955,80.58865,78.86731,46.7,3874.8472,7639.89
British Virgin Islands,2010,79.94106,80.79554,79.00146,268.5,3709.6633,7257.42
British Virgin Islands,2011,79.52867,80.33715,78.63924,277.19998,3818.2444,7464.99
British Virgin Islands,2012,79.43658,80.27541,78.53369,36.2,3892.4944,7645.25
British Virgin Islands,2013,78.92624,79.73477,78.026985,188.79999,3784.937,7351.2
British Virgin Islands,2014,78.942726,79.776436,78.02206,356.09998,3779.6719,7439.0103
British Virgin Islands,2015,79.67769,80.508026,78.78249,455.5,3823.6028,7566.5396
British Virgin Islands,2016,79.59781,80.37549,78.75549,317.89996,3831.875,7465.54
British Virgin Islands,2017,79.515884,80.324326,78.657974,89.4,3787.0059,7622.93
British Virgin Islands,2018,79.48706,80.30756,78.59412,127.100006,3751.1455,7566.4307
British Virgin Islands,2019,79.305466,80.13225,78.47156,775.90015,3668.6392,7330.41
British Virgin Islands,2020,79.56416,80.43304,78.66992,560.9,3648.8079,7279.17
Brunei,1995,78.02687,85.58122,73.08109,3027.2998,3444.091,6714.81
Brunei,1996,77.620834,85.08014,72.68277,3307.7002,3253.7144,6489.74
Brunei,1997,78.01766,85.91164,72.74501,2560.2998,3542.3662,6976.8496
Brunei,1998,78.96659,86.70142,73.950516,2823.9,3517.6165,6838.4795
Brunei,1999,77.59245,85.12087,72.62961,3016.2998,3280.5962,6470.16
Brunei,2000,77.90013,85.52991,72.746704,2619.7998,3442.2266,6767.7305
Brunei,2001,77.97855,85.5795,72.91318,2636.4,3337.4414,6616.21
Brunei,2002,78.6686,86.50515,73.19525,2030.8999,3746.675,7243.9697
Brunei,2003,78.44584,85.94197,73.26528,2442.6,3575.8323,6926.91
Brunei,2004,78.16607,85.69293,72.92547,2172.5,3619.964,6984.13
Brunei,2005,78.46558,85.98142,73.14939,2373.0999,3599.0242,6928.54
Brunei,2006,77.95531,85.72226,72.96125,2567.4001,3470.2266,6795.92
Brunei,2007,77.65724,85.077965,72.99134,3452.2,3137.2937,6305.42
Brunei,2008,77.260216,84.77105,72.62645,3820.5999,3084.2317,6223.0996
Brunei,2009,78.43593,86.15452,73.389305,2758.5,3323.1167,6660.05
Brunei,2010,78.35505,85.8601,73.59027,3453.5,3263.465,6457.06
Brunei,2011,77.826164,85.297424,73.01353,3189,3181.435,6366.85
Brunei,2012,77.922356,85.56704,73.04203,3093.1,3241.6323,6441.3
Brunei,2013,78.0734,85.57235,73.28773,2936.7002,3171.3645,6384.2603
Brunei,2014,77.740944,85.0792,73.04953,3046.9,3198.1697,6337.41
Brunei,2015,78.18013,85.51342,73.38882,2791,3314.792,6536.22
Brunei,2016,79.03352,86.268974,74.29957,2667,3372.166,6555.9297
Brunei,2017,78.19834,85.44168,73.77532,4287,2864.3057,5895
Brunei,2018,78.21446,85.5445,73.59102,3654.2,3009.0088,6113.91
Brunei,2019,78.752945,86.16686,73.80899,3201.9,3188.7834,6385.84
Bulgaria,1995,43.540634,51.262424,36.454346,1014.19995,3278.129,5195.62
Bulgaria,1996,43.10472,50.777428,35.979065,900.30005,3199.689,5071.36
Bulgaria,1997,43.054214,50.761387,35.957745,848.69995,3296.965,5151.95
Bulgaria,1998,44.625465,52.44131,37.289745,863.2,3249.4373,5216.9697
Bulgaria,1999,45.9726,53.85714,38.90111,865.8,3359.3633,5250.8604
Bulgaria,2000,45.97211,54.63169,37.959316,553.3,3586.1677,5638.59
Bulgaria,2001,45.234123,53.353386,37.822346,814,3413.898,5325.8604
Bulgaria,2002,45.38083,53.127525,38.306126,1039.3,3250.3362,5126.7803
Bulgaria,2003,44.360546,52.10843,37.074734,768,3380.6257,5348.39
Bulgaria,2004,44.679947,52.66079,37.351196,878.7,3381.0667,5309.92
Bulgaria,2005,44.043938,51.366974,37.429306,1080.7,3169.9417,5007.41
Bulgaria,2006,45.12448,52.797848,38.01763,781.5,3364.2273,5271.41
Bulgaria,2007,46.740597,54.745056,39.290947,944.4,3375.5369,5454.35
Bulgaria,2008,45.987972,53.90997,38.47177,704.6,3456.9495,5399.3
Bulgaria,2009,45.94955,53.621414,38.795334,862.60004,3309.9463,5298.0303
Bulgaria,2010,45.855297,53.375576,38.86832,905.60004,3183.8723,5046.75
Bulgaria,2011,44.60996,52.308155,37.714348,710,3357.4988,5315.58
Bulgaria,2012,46.45123,54.634884,38.540134,749.5,3429.54,5581.39
Bulgaria,2013,46.8393,54.87698,39.404617,759.7,3439.1267,5459.59
Bulgaria,2014,46.436455,54.004593,39.70421,1288.1001,3138.1323,5022.61
Bulgaria,2015,46.893547,54.47284,39.869907,838.2,3292.109,5217.21
Bulgaria,2016,46.56534,54.572697,39.243435,766.4,3411.1436,5288.1504
Bulgaria,2017,45.831894,53.455105,39.23483,1032.4,3285.0034,5430.6797
Bulgaria,2018,46.15666,53.37052,39.969402,880.1,3244.2173,5327.34
Bulgaria,2019,47.442616,54.714607,41.121643,784.3,3359.0989,5463.53
Bulgaria,2020,47.084248,54.81725,40.374706,834.2,3352.4536,5509.84
Burkina Faso,1996,84.646194,96.39291,73.90592,416.7,3902.6284,8076.6206
Burkina Faso,1997,83.99618,95.428314,73.950874,401.1,3857.8354,7882.23
Burkina Faso,1998,84.566376,95.99816,74.1612,457.10004,3849.4033,7937.03
Burkina Faso,1999,83.92875,95.3657,73.49447,559.89996,3797.4246,7860.6104
Burkina Faso,2000,83.76593,95.481346,73.09962,494.09998,3924.4917,8111.6
Burkina Faso,2001,84.183914,96.086685,73.32654,381.50003,3878.871,8060.8896
Burkina Faso,2002,84.44666,96.002106,73.99772,455.09998,3888.5173,8014.17
Burkina Faso,2003,84.23811,95.535095,73.945206,616,3824.0015,7837.74
Burkina Faso,2004,84.600716,96.17208,74.26888,329.50003,3914.5872,8078.4697
Burkina Faso,2005,85.21048,96.624466,74.78553,374.09998,3897.4065,7939.4297
Burkina Faso,2006,85.0146,96.8518,74.37622,354.19998,3889.9673,8081.62
Burkina Faso,2007,84.591576,96.47529,73.90846,419.5,3827.2434,7935.62
Burkina Faso,2008,83.242004,94.7611,72.71478,492.39996,3896.171,8090.4697
Burkina Faso,2009,84.92152,96.359886,74.61342,438.69995,3892.0884,7954.83
Burkina Faso,2010,84.84969,96.29208,74.52811,479.09998,3787.998,7773.3496
Burkina Faso,2011,85.159485,97.03131,74.34811,288.7,3914.3625,8032.01
Burkina Faso,2012,83.53973,94.61503,73.59388,748.8,3779.284,7788.0996
Burkina Faso,2013,84.42575,95.85169,74.26674,537.7,3834.6206,7827.2207
Burkina Faso,2014,84.69024,95.99594,74.44377,450,3850.0671,7840.5
Burkina Faso,2015,84.33354,95.67613,73.98021,509.80002,3873.6533,8014.15
Burkina Faso,2016,85.05548,96.41308,74.85194,462.90002,3859.2727,7874.75
Burkina Faso,2017,83.51911,94.8809,73.90152,377.09998,3785.7683,7831.25
Burkina Faso,2018,83.770546,94.83281,74.403305,443.2,3556.346,7385.59
Burkina Faso,2019,84.49878,95.70889,74.779335,518.9,3594.9968,7384.91
Burkina Faso,2020,84.35961,95.17198,74.77837,621,3610.4612,7468.2197
Burundi,1995,74.72782,83.84709,67.43824,1854.4,3528.0027,7098.4497
Burundi,1996,74.19548,83.22887,66.985825,1947.8,3535.55,7013.3193
Burundi,1997,74.97824,84.089966,67.57287,1861.5,3528.6794,7140.27
Burundi,1998,75.872086,85.09649,68.32024,1482.6001,3681.2231,7338.42
Burundi,1999,74.12741,83.45503,66.7826,1791.2,3555.7227,7132.92
Burundi,2000,74.485306,83.816315,66.89263,1547.8999,3605.2139,7264.39
Burundi,2001,74.19912,83.45947,66.765335,1684.5,3575.0825,7191.4297
Burundi,2002,74.68049,83.854485,67.3295,1843.6998,3557.2,7180.98
Burundi,2003,74.77129,83.98985,67.45599,1732.6,3561.5962,7183.03
Burundi,2004,75.1617,84.42172,67.69108,1544.6001,3644.1711,7280.85
Burundi,2005,75.81162,85.27057,68.11508,1590.4,3609.5222,7343.88
Burundi,2006,74.81657,84.035225,67.59728,1932.5,3557.5664,7123.65
Burundi,2007,75.50617,84.783585,67.95432,1553.7999,3616.7773,7312.2397
Burundi,2008,74.679085,84.10697,67.08345,1729.2,3601.4355,7324.4404
Burundi,2009,75.225746,84.4946,67.998955,1804.4,3632.1458,7251.1
Burundi,2010,75.28615,84.38364,68.154785,1735.6,3553.2466,7107.12
Burundi,2011,75.038605,84.30695,67.49544,1749.8,3637.5095,7270.1904
Burundi,2012,75.33355,84.66787,67.769516,1717.7001,3625.722,7351.74
Burundi,2013,75.10951,84.37797,67.69172,1845.3,3640.3328,7338.4395
Burundi,2014,75.91232,85.21066,68.172295,1659.9001,3652.9622,7322.5195
Burundi,2015,76.11575,85.53366,68.41936,1678.5,3641.9058,7382.01
Burundi,2016,76.73581,86.02387,69.04536,1395.3999,3703.0925,7451.48
Burundi,2017,76.38703,87.57663,67.62154,904.4,3792.1958,7437.24
Burundi,2018,74.86874,85.41466,66.76715,1039.2,3621.5034,7150.4805
Burundi,2019,75.05817,85.45312,67.12789,1361.9,3616.9805,7006.7295
Burundi,2020,75.11569,85.41118,67.07453,1196.5,3622.62,7016.9004
Cape Verde,1995,72.53092,84.14696,60.85866,63.7,4056.615,9077.119
Cape Verde,1996,73.32613,85.20425,60.799004,12.200001,4066.7234,9141.88
Cape Verde,1997,72.63829,84.10727,60.351456,69.399994,4023.7104,8895.35
Cape Verde,1998,73.01935,84.87091,60.582005,79.2,4041.8206,9047.311
Cape Verde,1999,72.3067,83.529045,61.10499,237.2,4028.5234,8967.03
Cape Verde,2000,71.583176,83.09712,59.704258,17.3,4064.0193,9181.311
Cape Verde,2001,72.52059,84.140305,60.194134,57.699997,4061.2507,9127.29
Cape Verde,2002,73.001434,84.5903,60.512466,55.1,4062.5928,9093.57
Cape Verde,2003,73.88963,85.606445,61.24282,20.7,4032.5723,9008.67
Cape Verde,2004,73.19373,84.73925,60.73286,44.800003,4077.308,9140.21
Cape Verde,2005,73.322014,84.93551,61.351315,114.1,4041.4678,9030.02
Cape Verde,2006,73.438385,85.03265,61.13236,35.6,4070.883,9117.13
Cape Verde,2007,72.74739,84.27863,60.92154,101.3,4057.5225,9071.25
Cape Verde,2008,72.61291,84.0281,60.677284,62,4071.9885,9104.721
Cape Verde,2009,74.33578,85.819244,62.119156,24.4,4037.291,9024.609
Cape Verde,2010,75.05836,86.63194,62.941727,116.99999,4048.7808,9046.92
Cape Verde,2011,72.65563,84.01233,60.820194,59.2,4045.1433,9058.4795
Cape Verde,2012,73.772354,85.18065,62.006626,77.600006,4048.7593,8981.34
Cape Verde,2013,74.17776,85.67228,61.92239,56.4,4055.839,9080.41
Cape Verde,2014,74.28257,85.44789,62.472496,72.8,4039.3928,8926.619
Cape Verde,2015,73.59862,84.97028,61.561646,35.600002,4040.0518,9020.421
Cape Verde,2016,74.13907,85.46462,62.096836,38,4058.8298,9060.42
Cape Verde,2017,74.271675,84.91922,63.58158,48.899998,3974.0928,8816.87
Cape Verde,2018,74.60868,85.07013,64.1418,85.899994,3919.078,8693.72
Cape Verde,2019,75.13259,85.555626,65.02479,64.9,3906.4146,8608.061
Cape Verde,2020,74.49571,84.85158,64.08149,63.100002,3902.9067,8635.07
Cambodia,1995,82.16909,90.34133,75.65653,1425.8,3646.176,7069.7197
Cambodia,1996,80.99959,88.83815,74.956505,1742,3572.3071,6792.45
Cambodia,1997,81.466125,89.7096,74.93629,1376.7,3668.6006,7117.5
Cambodia,1998,83.36312,91.44574,76.956726,1537.6001,3653.523,7087.13
Cambodia,1999,80.04561,87.56316,74.34944,1931.5999,3560.8472,6674.07
Cambodia,2000,80.85308,88.471504,74.99315,1720.7,3504.0105,6731.7305
Cambodia,2001,81.87581,89.83536,75.58503,1411.2999,3659.1536,6985.34
Cambodia,2002,82.90031,91.18461,76.38689,1381.8,3642.5432,7061.46
Cambodia,2003,82.2463,90.56473,75.72779,1537.2,3669.6812,7037.7603
Cambodia,2004,82.35526,90.667656,75.64208,1263.5,3755.9973,7191.5605
Cambodia,2005,82.41843,90.67939,76.072014,1284.3,3658.4805,7002.48
Cambodia,2006,82.36111,90.49395,75.93418,1473.5,3635.0544,6939.86
Cambodia,2007,81.16174,88.81675,75.275826,1851.6,3484.0996,6727.32
Cambodia,2008,81.00846,89.01495,74.92011,1538,3603.2534,6876.71
Cambodia,2009,80.86673,88.588425,74.837166,1662.1,3492.734,6755.9
Cambodia,2010,82.784935,90.72254,76.63076,1428.7,3656.9617,6997.9097
Cambodia,2011,81.27476,89.086754,75.1841,1586.2,3465.0322,6613.66
Cambodia,2012,82.77858,90.89584,76.577,1454.7,3627.3867,6797.34
Cambodia,2013,81.88945,89.78431,75.84344,1698.2001,3493.4211,6792.0703
Cambodia,2014,82.031815,90.15221,75.641495,1326.5,3666.1003,6991.7905
Cambodia,2015,83.58243,92.01359,76.821846,1080.6,3733.0032,7141.0503
Cambodia,2016,82.88337,90.44209,76.983475,1788,3512.1414,6753.3696
Cambodia,2017,81.95139,89.744995,76.04805,2069.5,3317.9211,6498.2803
Cambodia,2018,81.70475,89.39534,75.65764,1778.6001,3337.3997,6497.73
Cambodia,2019,83.80828,92.454605,76.79781,1262.7001,3527.4192,6840.37
Cambodia,2020,83.663216,91.74671,76.74082,1673.9,3410.6394,6663.13
Cameroon,1995,70.04069,80.17065,62.152637,2420.9,3405.4722,6984.97
Cameroon,1996,70.260414,80.4694,62.152428,2109.2002,3444.589,7105.3696
Cameroon,1997,70.12104,80.48527,62.0116,2333.5,3491.065,7141.76
Cameroon,1998,71.34295,81.69941,63.04894,2404.8,3499.702,7266.1
Cameroon,1999,69.99193,79.90829,62.156826,2381.7,3468.6782,6978.88
Cameroon,2000,70.23026,80.730545,61.896687,2140.7002,3571.8555,7311.08
Cameroon,2001,70.47561,80.88398,62.102085,2051.5,3549.6453,7312.9697
Cameroon,2002,70.45804,80.834175,62.336586,2256.4,3592.1768,7276.7397
Cameroon,2003,70.921074,81.1673,62.671436,2067.4,3543.2834,7256.2803
Cameroon,2004,70.72672,81.226776,62.554234,2177.6,3625.2878,7410.11
Cameroon,2005,71.29544,81.48069,62.964615,1985.3,3548.8005,7190.29
Cameroon,2006,71.3131,81.76648,62.693375,2035.5999,3645.6467,7419.34
Cameroon,2007,70.49464,80.929596,62.12823,2163.4,3580.3428,7298.8394
Cameroon,2008,70.44287,80.86137,61.9144,1828.9001,3564.0488,7361.6396
Cameroon,2009,71.135,81.61977,62.814693,2325.9,3550.2822,7314.1396
Cameroon,2010,71.65351,81.95313,63.275047,1885.1001,3588.11,7297.7803
Cameroon,2011,70.78758,81.30686,62.164474,2147.4,3540.6487,7306.4
Cameroon,2012,70.46877,80.69809,62.23309,2119.5,3528.3916,7208.96
Cameroon,2013,70.82382,80.844284,62.833187,2061,3477.295,6993.0303
Cameroon,2014,70.76456,80.992966,62.722473,2129.8,3553.405,7217.02
Cameroon,2015,70.91628,81.29453,62.693874,1943.2,3578.2063,7317.71
Cameroon,2016,71.42557,81.73953,63.1983,2033.4,3591.6516,7271.13
Cameroon,2017,71.824745,80.26837,65.04949,1218.7999,3555.7075,7419.6094
Cameroon,2018,70.89406,79.325714,64.476944,1565.2,3413.8704,6989.04
Cameroon,2019,71.25422,79.610504,64.85051,1761.3999,3385.0989,6926.36
Cameroon,2020,71.37515,79.70133,64.6733,1338.7,3528.6313,7282.5996
Canada,1995,27.147503,34.789345,19.21688,623.7,2763.1418,4082.96
Canada,1996,23.025867,31.088627,14.666083,682.6,2891.2205,4154.1
Canada,1997,26.417097,35.048744,17.763073,597.9,2868.6433,4155.34
Canada,1998,25.514727,33.68469,17.130606,605.5,2783.2861,3962.8499
Canada,1999,24.440948,32.70603,16.031374,528.2,2924.7908,4232.17
Canada,2000,23.67455,32.058216,15.335673,501.39996,2926.7756,4095.83
Canada,2001,24.949564,33.148144,16.667292,548.9,2866.2427,4128.6
Canada,2002,28.175682,36.52672,19.387758,504.00003,2905.3567,4182.99
Canada,2003,27.02917,35.071922,18.215292,478.50003,2897.9604,4217.7803
Canada,2004,26.763838,34.492886,18.958544,522.4,2845.0647,4027.0898
Canada,2005,25.851578,34.371403,17.12025,525.7,2996.4102,4233.5703
Canada,2006,24.351156,32.662884,15.684688,631.4,2965.0706,4222.27
Canada,2007,29.941359,37.687344,21.99258,555,2854.099,4160.7
Canada,2008,26.67512,34.767067,18.459364,677.9,2869.9866,4059.3198
Canada,2009,23.243412,31.411757,15.206826,573,2818.0469,4093.0898
Canada,2010,22.71151,30.849321,14.351456,579.9,2781.15,4057.34
Canada,2011,27.285002,35.74285,18.828524,455.5,2944.8062,4163.74
Canada,2012,23.497467,31.242065,15.26633,544.60004,2808.4817,4030.08
Canada,2013,25.591984,33.74066,16.94592,460.09998,2962.3145,4175.4
Canada,2014,27.465546,35.68022,18.922224,435.6,3042.8928,4360
Canada,2015,29.14956,37.335236,20.749102,447.1,2957.5398,4261.74
Canada,2016,26.136196,34.35297,17.29184,334,3057.43,4428.7803
Canada,2017,27.923182,35.268738,20.355104,585.19995,2656.7683,4008.7598
Canada,2018,26.31982,33.541477,18.974054,593.7001,2515.6584,3881.56
Canada,2019,28.320244,35.76115,20.565205,556.9,2692.078,3997
Canada,2020,30.529362,37.630173,23.096891,596.2,2571.579,3891.8398
Central African Republic,1995,78.34465,87.54696,70.65212,1901.5,3491.7483,7157.7295
Central African Republic,1996,78.29204,87.4901,70.56322,1863.6,3540.4312,7135.86
Central African Republic,1997,78.27965,87.34009,70.67801,1629.3,3598.6245,7223.3296
Central African Republic,1998,79.76453,89.156364,71.81891,1519.2,3648.1567,7415.6504
Central African Republic,1999,78.05509,87.15491,70.5954,1675.3,3559.2395,7170.48
Central African Republic,2000,78.116974,87.457886,70.21108,1511.5,3645.2522,7367.31
Central African Republic,2001,78.158035,87.34699,70.39075,1382.4,3698.939,7422.12
Central African Republic,2002,78.59082,87.7891,70.957375,1495.7001,3687.2788,7410.96
Central African Republic,2003,78.677155,87.74028,71.10162,1499.6,3640.516,7284.58
Central African Republic,2004,79.05432,88.43165,71.13813,1395.4,3734.6128,7525.5996
Central African Republic,2005,79.3601,88.686646,71.46828,1445.5,3625.1416,7328.15
Central African Republic,2006,78.73164,87.783676,71.18792,1528.3,3638.301,7322.52
Central African Republic,2007,78.52182,87.93039,70.61019,1470,3638.8716,7325.67
Central African Republic,2008,78.445885,87.73181,70.66231,1341.9,3670.1877,7464.4
Central African Republic,2009,79.06081,88.289154,71.3011,1404.9,3696.4087,7473.54
Central African Republic,2010,79.13557,88.087456,71.63521,1706.8999,3603.039,7188.65
Central African Republic,2011,78.6622,88.279045,70.57247,1254.8,3697.2517,7555.09
Central African Republic,2012,78.91885,88.32764,70.98296,1344.4,3692.8018,7466.2603
Central African Republic,2013,78.863525,87.98587,71.39554,1326.8,3660.5295,7365.7
Central African Republic,2014,79.00818,88.21297,71.1825,1400.7001,3679.4504,7352.59
Central African Republic,2015,79.659805,89.05601,71.651245,1260.1,3748.7595,7585.3506
Central African Republic,2016,79.95864,89.22574,72.11345,1455.2001,3688.8374,7446.88
Central African Republic,2017,79.578705,89.51509,71.715065,954.2,3638.6511,7335.6797
Central African Republic,2018,79.01964,88.91887,71.19282,848.39996,3584.8223,7106.5303
Central African Republic,2019,79.33777,89.03402,71.63246,1100.3,3484.3635,6967.63
Central African Republic,2020,79.084526,88.81702,71.08751,993.69995,3501.0588,7111.2295
Chad,1995,81.91706,93.768,70.44197,93.899994,4039.6284,8911.33
Chad,1996,82.9037,95.12133,70.95854,24.2,4072.4456,8977.881
Chad,1997,82.27679,93.90657,70.72183,64.299995,4014.81,8731.14
Chad,1998,81.96329,93.95416,70.40991,183.70001,4016.9434,8846.3
Chad,1999,81.905174,93.55274,70.82638,158.5,4016.7834,8815.67
Chad,2000,81.748795,93.58273,70.30518,32.4,4068.2734,9042.84
Chad,2001,82.26074,94.24142,70.70063,90.8,4039.7798,8957.801
Chad,2002,82.796165,94.53829,71.28502,78.3,4033.7297,8919.33
Chad,2003,83.28753,95.091606,71.60112,44.7,4045.7312,8833.41
Chad,2004,83.085464,95.055176,70.78912,32.9,4061.7773,9026.32
Chad,2005,83.45334,95.26372,71.54514,101,4019.8809,8811.6
Chad,2006,83.67726,95.45778,71.37378,35.399998,4060.0894,8935.101
Chad,2007,83.16052,94.90915,71.02833,48.2,4048.9292,8939.801
Chad,2008,82.38236,94.0042,70.46281,57.799995,4055.8855,8932.33
Chad,2009,84.58352,96.29812,72.465614,46.699997,4027.4805,8845.98
Chad,2010,84.81312,96.41943,72.5534,69.5,4050.371,8881.92
Chad,2011,83.41925,94.94786,71.262085,33.499996,4050.8179,8917.949
Chad,2012,83.62279,95.09674,71.86322,104.09999,4048.3884,8841.239
Chad,2013,84.5658,96.43446,72.6069,46.799995,4048.593,8906.81
Chad,2014,84.12826,95.59487,72.40816,31.7,4034.1155,8793.15
Chad,2015,83.33147,94.67441,71.27589,22.3,4061.6162,8927.49
Chad,2016,83.949974,95.324615,72.10535,114.600006,4043.746,8867.92
Chad,2017,83.90346,94.87667,72.90975,33.8,3951.0024,8620.971
Chad,2018,84.149506,95.15578,73.00888,71.6,3847.669,8383.311
Chad,2019,83.9827,94.71048,73.0471,48.9,3789.5427,8176.05
Chad,2020,84.00745,94.67329,73.29557,84.9,3765.65,8218.34
Chile,1995,12.856944,20.78277,5.054469,673.2,3776.398,7702.469
Chile,1996,12.687182,20.45294,5.180482,599.8,3791.67,7728.7197
Chile,1997,13.023023,20.831593,5.3338385,618.30005,3745.062,7808.7
Chile,1998,15.655523,24.038057,7.186605,669.5,3769.3516,7688.2803
Chile,1999,14.1136265,21.759209,6.223481,613.30005,3738.873,7728.9297
Chile,2000,14.190083,22.346876,6.0780234,452.30002,3886.2502,7853.11
Chile,2001,14.405017,22.820717,6.022524,474.00006,3839.0828,7905.4805
Chile,2002,14.640167,22.52877,6.6086326,573.7,3813.1675,7856.1094
Chile,2003,13.784017,21.380468,6.103153,546.30005,3760.3027,7807.6006
Chile,2004,14.211168,21.810562,6.3288426,617.9,3785.5786,7849.96
Chile,2005,12.824634,20.466167,5.2231264,511.5,3786.5977,7833.21
Chile,2006,15.669936,23.294386,7.9470434,623.6,3793.6672,7705.801
Chile,2007,15.799502,23.884686,7.7160025,587.30005,3829.7456,7726.1597
Chile,2008,15.147758,23.18958,7.114743,556.8,3882.3367,7901.6797
Chile,2009,13.616829,21.037727,5.724907,723.4,3714.8083,7742.0396
Chile,2010,15.927413,24.441454,7.2921395,672.6,3717.7297,7621.7803
Chile,2011,14.397628,22.274797,6.5790434,493.40002,3828.2883,7838.7793
Chile,2012,12.496732,20.111383,4.5379405,561.1,3748.4934,7736.7603
Chile,2013,14.244423,21.94069,6.3904138,588,3818.3867,7818.1396
Chile,2014,13.034149,20.381346,5.6516743,556.19995,3825.9177,7775.3804
Chile,2015,14.412485,21.619152,6.9062486,769.6,3623.014,7480.9395
Chile,2016,16.03053,23.880316,7.959908,601,3815.495,7746.05
Chile,2017,20.837471,25.934309,15.535491,855,3648.3933,7423.01
Chile,2018,20.171051,24.978828,14.849267,905.5,3608.6614,7399.5303
Chile,2019,19.35691,23.755075,14.411349,1278.9,3334.2258,7132.04
Chile,2020,18.85329,23.401386,13.841221,1179,3421.847,7221.64
China,1995,46.203953,55.894947,37.435333,505.8,3340.0718,6274.46
China,1996,45.157692,55.0147,36.340687,510.3,3283.6086,6214.74
China,1997,47.84604,58.076893,38.916264,423.8,3407.54,6366.78
China,1998,48.822216,59.17514,39.814785,516.60004,3314.5269,6201.1504
China,1999,47.86875,57.797775,39.059772,536.3,3340.5562,6185.01
China,2000,47.045956,57.12773,37.988228,459.40002,3434.611,6436.7397
China,2001,47.60557,57.748707,38.57205,425.19998,3339.547,6306.6104
China,2002,48.10398,58.332348,39.203526,436.6,3436.1602,6324.5
China,2003,47.38392,57.279472,38.624817,516.9,3306.4976,6192.83
China,2004,47.883465,58.253223,38.47806,392.50003,3443.6384,6501.72
China,2005,47.198364,57.149277,38.239906,505.1,3316.2705,6212.79
China,2006,49.5392,59.99772,40.38906,407.70004,3436.115,6457.92
China,2007,48.36763,58.204624,39.72257,604.3,3291.6357,6155.9707
China,2008,47.292797,57.351753,37.979866,385.90002,3428.139,6530.63
China,2009,48.423935,58.628483,39.454292,386.9,3312.6711,6248.55
China,2010,47.702435,58.35035,38.447773,395.8,3421.3193,6341.3896
China,2011,46.67104,56.898758,37.47158,382.3,3342.9543,6317.9497
China,2012,45.838276,55.83405,36.88806,405.9,3404.301,6306.6797
China,2013,49.343933,59.566216,40.31607,508.2,3402.8916,6402.57
China,2014,47.66737,57.78594,38.660816,507.5,3302.025,6204.6006
China,2015,48.852623,59.333935,39.50114,367.2,3372.2744,6370.24
China,2016,49.150997,59.79646,39.66056,358.19998,3430.5916,6388.6104
China,2017,47.00397,57.442936,37.59091,555.6,3136.5557,5943.05
China,2018,46.605267,57.011185,37.260746,582.5,3111.801,5794.7
China,2019,47.132027,57.571404,37.838966,562.30005,3083.962,5806.2803
China,2020,47.06595,57.119076,38.072517,599.80005,3127.1772,5837.18
Colombia,1995,80.82331,82.06712,79.256165,1726.8,3795.0913,7510.5195
Colombia,1996,80.42107,81.62,78.95296,1700.1001,3739.7227,7481.91
Colombia,1997,80.81971,82.12901,79.23323,1938.3999,3734.2083,7405.79
Colombia,1998,81.53823,82.764435,80.042984,1807.3999,3737.4045,7492.38
Colombia,1999,80.42543,81.576195,79.00762,1504.8999,3701.8433,7386.55
Colombia,2000,80.64635,81.89073,79.09656,1669.2001,3758.9075,7493.63
Colombia,2001,80.763596,82.005974,79.22337,1577.1,3823.8823,7530.63
Colombia,2002,80.93631,82.19731,79.46995,2003.4001,3672.4417,7319.3496
Colombia,2003,81.09381,82.320854,79.4877,1848.2999,3731.7715,7372.1
Colombia,2004,80.834984,82.03852,79.398766,1984.2002,3714.6987,7409.3203
Colombia,2005,81.173256,82.33416,79.74241,1454.5,3811.6738,7511.06
Colombia,2006,80.8892,82.11273,79.39597,2599.6,3549.3218,7123.85
Colombia,2007,81.149414,82.363754,79.6317,1696.7001,3781.885,7511.0596
Colombia,2008,80.78175,81.99254,79.2741,1787.7,3722.7778,7457.29
Colombia,2009,81.17951,82.31197,79.74783,1620.9,3752.6035,7538.65
Colombia,2010,81.38743,82.53043,79.96259,1713.6,3678.9504,7330.2
Colombia,2011,81.104996,82.24737,79.62899,1521.1001,3736.719,7519.79
Colombia,2012,81.229836,82.39582,79.741554,1402.5,3796.8728,7543.86
Colombia,2013,81.179985,82.3714,79.700745,1477.7999,3772.72,7494.91
Colombia,2014,81.224884,82.409615,79.70715,1540.6,3798.8416,7493.4
Colombia,2015,81.6074,82.905975,79.94016,1874,3741.5056,7404.3203
Colombia,2016,81.76915,83.000244,80.26066,1893.5999,3683.57,7321.3096
Colombia,2017,81.83107,82.99597,80.29129,1778.9,3762.9675,7546.9897
Colombia,2018,81.53204,82.81203,79.89332,1819.2,3684.3823,7333.79
Colombia,2019,82.03762,83.30764,80.43677,2027,3578.5134,7215.4604
Colombia,2020,82.2859,83.54394,80.60344,1755.2,3729.7322,7427.9404
Comoros,1995,83.662285,89.5253,78.57119,304.5,3916.9167,7532.8896
Comoros,1996,83.95723,90.03569,78.68069,318.4,3915.5767,7582.95
Comoros,1997,83.86011,89.6407,78.92158,385.49997,3882.1172,7491.9
Comoros,1998,85.04955,91.17735,79.78409,207.99998,3900.7761,7558
Comoros,1999,84.44306,90.80823,78.8868,170.9,3959.611,7821.54
Comoros,2000,83.98582,90.50045,78.09028,184.70001,3970.6921,7892.87
Comoros,2001,84.16651,90.57374,78.46171,107.299995,3947.7493,7800.4697
Comoros,2002,84.14185,90.135315,78.936615,314.19998,3942.0823,7653.5605
Comoros,2003,84.54532,90.72539,79.20883,188.9,3929.486,7683.04
Comoros,2004,84.3438,90.47365,78.89905,298.2,3905.2595,7581.38
Comoros,2005,84.66516,90.767296,79.270966,213.5,3931.37,7648.4697
Comoros,2006,84.28043,90.04138,79.17579,429.09998,3874.3105,7400.2305
Comoros,2007,84.73279,90.91919,79.22683,164.4,3924.1877,7699.5996
Comoros,2008,83.75417,90.24815,77.77577,127.40001,3977.6953,7920.8403
Comoros,2009,84.203125,90.24284,78.95165,138.5,3923.0894,7699.3
Comoros,2010,84.565186,90.626015,79.238914,236.90002,3893.1174,7670.62
Comoros,2011,84.08228,90.38438,78.21415,149.29999,3957.2004,7774.66
Comoros,2012,84.20035,90.57275,78.319466,112.3,3967.9797,7807.26
Comoros,2013,84.527725,90.677055,79.04339,250.8,3900.2795,7610.85
Comoros,2014,84.33005,90.3713,79.05694,125.5,3969.9448,7690.3
Comoros,2015,84.51159,90.70714,78.980995,160.1,3943.7817,7765.34
Comoros,2016,85.072556,91.128044,79.76684,228,3924.161,7636.58
Comoros,2017,83.66679,85.306145,82.190605,127.299995,3894.051,7780.06
Comoros,2018,83.03199,84.72989,81.52909,280.19995,3866.8086,7775.43
Comoros,2019,83.677765,85.42746,82.09992,294,3840.0962,7623.62
Comoros,2020,83.75819,85.4332,82.21706,265.5,3801.5078,7613.62
Republic of the Congo,1995,76.76518,84.65752,71.44847,1669.1,3300.721,6388.96
Republic of the Congo,1996,76.68028,84.81515,71.22219,1580,3370.0955,6527.96
Republic of the Congo,1997,77.14323,85.30033,71.529594,1537.5,3439.5261,6551.38
Republic of the Congo,1998,78.32052,86.66266,72.56792,1265.1,3595.1577,6742.56
Republic of the Congo,1999,76.4553,84.65677,70.82513,1583.5,3411.4873,6570.5
Republic of the Congo,2000,76.591995,84.74654,70.967926,1443.8,3440.0544,6573.8
Republic of the Congo,2001,76.948814,85.14178,71.212494,1155.7,3565.1187,6722.7305
Republic of the Congo,2002,77.46885,85.84181,71.63981,1274.9,3562.7073,6721.62
Republic of the Congo,2003,77.433174,85.73948,71.69529,1426.3,3515.842,6732.09
Republic of the Congo,2004,77.638214,86.00334,71.70367,1218.6,3537.6902,6733.13
Republic of the Congo,2005,78.37341,87.09268,72.19658,1166.4001,3533.7488,6789.92
Republic of the Congo,2006,77.45398,85.88866,71.61984,1304.9,3519.0198,6739.2
Republic of the Congo,2007,77.71933,86.31277,71.53477,1268.2,3494.2637,6806.37
Republic of the Congo,2008,77.359886,85.96695,71.217766,1282.2,3471.3713,6828.33
Republic of the Congo,2009,77.71623,86.03784,71.80921,1359.1001,3585.7373,6819.1797
Republic of the Congo,2010,78.273766,86.56526,72.41824,1260.3999,3517.0242,6757.67
Republic of the Congo,2011,77.71444,86.23238,71.68296,1190.4,3545.2063,6758.4697
Republic of the Congo,2012,77.4104,85.80293,71.563255,1238.3,3514.9314,6685.59
Republic of the Congo,2013,78.13056,86.832054,72.036545,1015.60004,3589.9402,6838.6196
Republic of the Congo,2014,77.82487,86.30783,71.92781,1304.2,3535.3179,6729.55
Republic of the Congo,2015,78.286064,87.04264,72.06786,1216.8,3610.0032,6849.18
Republic of the Congo,2016,78.91312,87.53347,72.85166,1151.6,3605.3218,6866.12
Republic of the Congo,2017,77.23983,86.38225,71.533,1352.3999,3441.2312,6616.7197
Republic of the Congo,2018,77.05108,86.090805,71.21614,1242.9,3364.129,6374.37
Republic of the Congo,2019,77.317245,86.0622,71.70584,1410.3999,3259.875,6216.4004
Republic of the Congo,2020,77.36218,86.2803,71.51613,1712.1,3245.4543,6189.84
Cook Islands,1995,77.965,79.068275,76.66047,630.5,3965.782,7549.9395
Cook Islands,1996,78.732346,79.93508,77.25156,1011.9,3909.919,7393.3994
Cook Islands,1997,78.49112,79.546135,77.21403,1051.3,3865.667,7281.42
Cook Islands,1998,78.85053,79.94214,77.459854,680.5,3961.036,7536.29
Cook Islands,1999,79.40339,80.543045,77.93033,946.6,3947.275,7326.6396
Cook Islands,2000,79.16936,80.3327,77.71828,919.2,3904.188,7325.75
Cook Islands,2001,79.309006,80.46266,77.921455,1170.9,3857.3372,7278.7603
Cook Islands,2002,78.91929,79.955696,77.67783,940.2001,3835.5295,7231.1494
Cook Islands,2003,78.45619,79.508415,77.20736,1035.5,3869.1372,7313.23
Cook Islands,2004,78.505196,79.62722,77.14164,976.9,3838.8516,7230.02
Cook Islands,2005,78.8176,79.91477,77.46751,836.4,3911.6042,7442.54
Cook Islands,2006,78.394844,79.41447,77.19923,1002.7,3830.9072,7312.381
Cook Islands,2007,79.03122,80.11523,77.72592,1205.5,3855.534,7342.46
Cook Islands,2008,79.26167,80.451225,77.71779,1077.4,3928.2073,7330.9297
Cook Islands,2009,78.94168,80.03041,77.63888,1181.1,3793.8533,7202.71
Cook Islands,2010,78.440765,79.551315,77.0212,696.8,3954.3994,7400.44
Cook Islands,2011,78.5712,79.743645,77.16299,1419.4,3763.662,7076.21
Cook Islands,2012,78.39351,79.58246,77.00615,1124.8,3876.2695,7307.45
Cook Islands,2013,79.122055,80.2797,77.653175,841.39996,3905.202,7358.04
Cook Islands,2014,79.48789,80.601234,78.06175,884.89996,3884.073,7381.39
Cook Islands,2016,79.22742,80.26853,77.9873,1062.6,3795.2263,7227.04
Cook Islands,2017,79.65875,80.88579,78.12956,1038.4,3789.0771,7158.34
Cook Islands,2018,79.185104,80.322845,77.8095,1100.2001,3789.6392,7207.9697
Cook Islands,2019,79.73849,80.94816,78.255066,1029.3,3836.8938,7342.0796
Cook Islands,2020,79.52607,80.67475,78.10017,779.9,3934.04,7520.4004
Costa Rica,1995,81.5007,82.47643,80.185265,1001.1,3730.2056,7494.76
Costa Rica,1996,81.2009,82.22,79.90828,1552.8999,3610.9521,7322.36
Costa Rica,1997,81.32894,82.31148,80.05852,971.69995,3806.6086,7708.02
Costa Rica,1998,82.40537,83.46767,81.06554,1303.4001,3599.619,7335.98
Costa Rica,1999,81.35813,82.44858,80.01685,1455.2999,3700.7322,7343.4805
Costa Rica,2000,81.51483,82.58442,80.16205,1506,3691.1064,7386.37
Costa Rica,2001,81.72933,82.88354,80.32161,1594.2001,3660.879,7292.11
Costa Rica,2002,81.87671,82.92817,80.52875,1165.1,3735.37,7476.71
Costa Rica,2003,81.87462,82.9294,80.4274,1246.6001,3641.1233,7282.17
Costa Rica,2004,81.512375,82.650085,80.070076,1550.8999,3637.1907,7243.94
Costa Rica,2005,81.940216,83.04036,80.56228,1886.1001,3500.8938,7086.1494
Costa Rica,2006,81.75721,82.7706,80.47475,1024.5,3753.5916,7497.5703
Costa Rica,2007,81.35627,82.33367,80.05359,1447.7001,3669.742,7397
Costa Rica,2008,81.52033,82.52664,80.16377,1440,3723.7505,7396.87
Costa Rica,2009,81.90122,82.89685,80.62515,1517,3709.2727,7459.84
Costa Rica,2010,82.12954,83.20014,80.69666,2108.0999,3493.1467,6999.95
Costa Rica,2011,81.42941,82.51836,80.02326,2071.3,3572.0078,7047.9697
Costa Rica,2012,81.76225,82.716965,80.47434,1041.9,3805.7773,7579.8
Costa Rica,2013,81.769226,82.79255,80.44417,1484.5,3592.7002,7191.5596
Costa Rica,2014,81.896255,82.91879,80.629585,1607.7998,3623.9382,7272.4395
Costa Rica,2015,82.08092,83.19175,80.57164,1590.5,3696.4421,7321.9697
Costa Rica,2016,82.70122,83.71262,81.42254,788.80005,3797.9539,7622.3096
Costa Rica,2017,82.29017,83.38927,80.82833,1382.4999,3660.2156,7347.96
Costa Rica,2018,81.96072,83.01398,80.62096,1127,3645.3184,7368.79
Costa Rica,2019,82.400505,83.42082,81.11534,1089.1001,3799.811,7607.5996
Costa Rica,2020,82.41732,83.46107,81.05738,1527.9999,3604.3875,7347.04
Ivory Coast,1995,77.42635,87.24059,71.66493,1651.2,3115.585,6305.92
Ivory Coast,1996,77.1241,86.768326,71.77644,1409.2,3081.852,6168.1406
Ivory Coast,1997,77.06445,86.82191,71.2884,1374.3,3158.9958,6308.0195
Ivory Coast,1998,78.43388,88.53117,72.16572,1137.4,3212.213,6443.8896
Ivory Coast,1999,76.80815,86.44563,71.37865,1672.1,3140.469,6222.8896
Ivory Coast,2000,77.46255,87.75489,71.20718,1317.1001,3270.298,6580.86
Ivory Coast,2001,77.31564,87.24306,71.45262,1232.5,3182.99,6344.3003
Ivory Coast,2002,77.284195,87.16144,71.4938,1324.7,3204.8625,6354.6797
Ivory Coast,2003,77.62319,87.45857,72.079666,1221.8,3250.5195,6406.64
Ivory Coast,2004,77.55274,87.32037,71.91513,1382.6,3251.2766,6363.39
Ivory Coast,2005,77.75555,87.43243,72.18347,1390.8,3177.7705,6290.86
Ivory Coast,2006,77.60289,87.30914,72.108505,1414.9,3110.5854,6206.7
Ivory Coast,2007,77.44768,87.35623,71.46841,1421.4,3135.661,6361.07
Ivory Coast,2008,77.37453,87.242424,71.34685,1328.7,3168.2622,6460.83
Ivory Coast,2009,77.667015,87.45487,72.08041,1344.6,3144.21,6240.6396
Ivory Coast,2010,78.29257,87.95912,72.65764,1583.7999,3128.8823,6242.81
Ivory Coast,2011,77.40218,87.40358,71.40578,1434.7,3160.4429,6375.43
Ivory Coast,2012,77.0586,86.64661,71.56693,1514.9,3103.5376,6223.24
Ivory Coast,2013,77.32288,86.73388,71.983,1185,3114.1707,6165.34
Ivory Coast,2014,77.32905,86.65128,72.10481,1558.6,3089.781,6151.1904
Ivory Coast,2015,77.76902,87.59862,71.93344,1343.7999,3130.471,6294.19
Ivory Coast,2016,78.36867,88.2028,72.43091,1493.3999,3122.9072,6348.33
Ivory Coast,2017,78.2353,88.97159,71.88589,1067.7,3074.0361,6499.86
Ivory Coast,2018,77.42751,87.89603,71.21348,1406.1001,2975.5874,6184.28
Ivory Coast,2019,77.76032,87.64082,71.930275,1574.3,2938.469,6064.48
Ivory Coast,2020,78.10553,88.54118,71.4616,933.4,3039.6875,6347.1
Croatia,1995,45.155197,52.329903,38.480015,1772.5,3137.5833,4849.3203
Croatia,1996,43.24677,50.23376,36.783184,1617.2,3034.9072,4754.45
Croatia,1997,45.124313,52.643547,38.33059,1416.3,3216.7986,5062.5
Croatia,1998,45.800034,53.256035,39.057,1442.2,3314.638,5109.1504
Croatia,1999,45.842365,53.21609,39.21604,1682.9,3108.8352,4834.98
Croatia,2000,47.86849,55.76236,40.79286,1285.5,3412.0933,5260.4004
Croatia,2001,45.9841,53.511242,38.993137,1517.6001,3231.3708,4966.01
Croatia,2002,46.528553,53.610615,40.28297,1726.9001,3036.4395,4714.1797
Croatia,2003,46.22207,54.20881,39.009167,1189.7999,3422.0576,5255.46
Croatia,2004,44.862087,52.20343,38.42359,1857.9,3056.8777,4801.33
Croatia,2005,43.974934,51.235107,37.413574,1723.6,3182.609,4877.63
Croatia,2006,45.920815,53.355896,39.137627,1368.7,3244.1467,5004.31
Croatia,2007,47.048016,54.753,40.0973,1494.7,3221.3025,5065.5
Croatia,2008,46.699986,54.092693,40.31556,1587.3999,3222.4072,4936.54
Croatia,2009,46.68002,54.242092,39.92149,1522.3,3169.6548,4962.61
Croatia,2010,44.228558,51.434834,37.57681,1956.9001,3025.172,4765.88
Croatia,2011,46.856518,55.309513,39.383957,1009.1,3390.6594,5295.08
Croatia,2012,46.94542,54.90466,39.84712,1476.8,3310.5088,5250.81
Croatia,2013,46.05469,53.18577,39.737793,1713.2,3123.685,4843.1797
Croatia,2014,47.725887,54.46722,41.803356,1942.1001,2971.345,4622.58
Croatia,2015,47.717403,55.482864,40.87574,1435.5999,3270.5266,5077.33
Croatia,2016,46.85566,54.114727,40.62505,1748.7,3163.1143,4870.91
Croatia,2017,45.87961,53.934708,38.648262,1506.3,3216.0793,5250.3604
Croatia,2018,46.69745,54.026917,40.180237,1400.8999,3016.9448,4924.06
Croatia,2019,46.89052,54.54646,40.05251,1515.3,3105.9084,5097.8403
Croatia,2020,46.541203,54.517353,39.72489,1339.1,3316.4548,5258.67
Cuba,1995,74.906075,84.33247,66.28168,1282.4001,3590.7717,6926.44
Cuba,1996,75.511,85.02434,66.92918,1226.3,3560.8647,6908.41
Cuba,1997,73.822296,82.69324,65.868164,1496.8,3439.3923,6580.6904
Cuba,1998,74.67549,83.72096,66.69099,1203.7,3516.8362,6777.95
Cuba,1999,74.24065,83.66696,65.87779,1359.6,3414.263,6725.9497
Cuba,2000,74.96358,84.83917,66.05967,905.5,3563.328,7072.01
Cuba,2001,75.26759,84.838455,66.70184,1212.7,3481.2024,6842.96
Cuba,2002,75.82435,85.372284,67.06801,1234.7999,3524.9456,6917.29
Cuba,2003,75.44378,84.8816,66.876915,1330.4,3421.6533,6708.5503
Cuba,2004,75.49523,85.28376,66.73172,1196.5,3605.9678,7051.97
Cuba,2005,75.18565,84.92623,66.36403,1271.4,3532.9512,6947.46
Cuba,2006,75.20455,84.45897,67.00242,1365.3999,3508.964,6697.24
Cuba,2007,75.79784,85.291405,67.39102,1430.4,3532.3032,6861.37
Cuba,2008,75.43432,84.85884,66.95155,1178.7999,3472.7222,6803.9297
Cuba,2009,76.86216,86.54154,68.07355,1250.4,3508.664,6912.5996
Cuba,2010,76.529434,85.85384,68.185486,1743.3,3421.5327,6648.1396
Cuba,2011,75.2231,84.74006,66.70899,1242.7998,3409.049,6759.24
Cuba,2012,75.06734,84.61639,66.41622,2065.2002,3414.7957,6745.3896
Cuba,2013,74.35379,83.162224,66.460945,1701.1,3235.1135,6264.1196
Cuba,2014,75.31636,84.50212,67.05937,1373.4,3569.3884,6805.04
Cuba,2015,75.01815,84.18872,66.89418,1292.7,3517.6404,6708.08
Cuba,2016,75.76764,85.28568,67.4074,1731.1001,3365.6936,6603.1504
Cuba,2017,75.8142,84.31817,68.44735,779.6,3517.8677,6848.31
Cuba,2018,75.236824,83.79198,67.75497,901,3420.5027,6590.1797
Cuba,2019,75.41391,83.493126,68.2856,1559.4,3312.0793,6427.45
Cuba,2020,74.27608,82.44773,67.37961,1204.1,3413.9517,6502.64
Cyprus,1995,67.58005,77.28067,58.763615,181.09999,3976.3105,7148.8896
Cyprus,1996,67.746086,76.9719,59.498623,358,3935.393,7011.88
Cyprus,1997,66.99438,76.20684,58.568813,301,3953.875,7033.51
Cyprus,1998,69.14966,78.608734,60.512077,247.5,3926.2788,7028.46
Cyprus,1999,69.348755,78.9167,60.638077,225.6,3982.371,7159.19
Cyprus,2000,68.11617,77.74797,59.28272,297.80002,3982.8877,7150.99
Cyprus,2001,69.3204,79.01336,60.454624,303.80002,3931.0366,7078.67
Cyprus,2002,68.4925,78.05763,59.67668,291.89996,3902.2466,7064.2397
Cyprus,2003,68.248825,77.58322,59.62391,312.1,3894.0496,7029.2
Cyprus,2004,68.07548,77.87903,58.983456,328.5,3917.4678,7139.47
Cyprus,2005,68.02577,77.79874,59.175385,217.20001,3953.88,7135.28
Cyprus,2006,67.80979,77.45032,59.0272,267.3,3960.861,7082.76
Cyprus,2007,68.61019,78.42503,59.71983,251.3,3930.1384,7098.95
Cyprus,2008,69.260864,79.225586,60.126163,193.90001,3992.8086,7215.8003
Cyprus,2009,68.86918,78.28597,60.242317,343.10004,3916.547,7014.63
Cyprus,2010,70.55491,80.51081,61.589855,254.9,3905.8142,7073.4595
Cyprus,2011,67.74976,77.10684,59.17835,376.40002,3963.5432,7022.6904
Cyprus,2012,68.94196,78.29756,60.36296,431.8,3947.245,7057.4497
Cyprus,2013,69.01196,78.72339,60.149117,252.1,3959.339,7157.41
Cyprus,2014,68.82437,78.37843,60.196457,334.2,3929.7668,7020.21
Cyprus,2015,68.55961,77.970604,60.00314,318.4,3928.831,7045.0796
Cyprus,2016,69.948715,79.87024,60.847775,173.2,3978.8047,7172.2197
Cyprus,2017,68.129395,79.73526,58.819263,201.90001,3888.1716,6873.66
Cyprus,2018,69.798996,81.15258,60.93142,318.8,3797.3645,6694.22
Cyprus,2019,68.21447,79.324715,59.33263,384.7,3785.0935,6646.3994
Cyprus,2020,68.77767,80.04426,59.886227,329.90002,3794.1077,6774.4604
Czech Republic,1995,47.11644,53.7302,40.448673,911.2,2695.1519,4072.27
Czech Republic,1996,44.12365,50.67697,37.710335,765.8,2611.0027,3939.0098
Czech Republic,1997,46.394722,53.321877,39.40393,765.10004,2814.7886,4166.26
Czech Republic,1998,47.601948,54.18933,41.091248,716.6,2721.5383,3960.3198
Czech Republic,1999,48.15634,54.743134,41.690426,664.5,2666.1367,3979.39
Czech Republic,2000,49.528683,56.3482,42.84771,730.6,2745.172,4104.0996
Czech Republic,2001,47.142994,53.499657,40.79042,826.2,2495.9536,3847.7502
Czech Republic,2002,48.769016,55.320366,42.23067,853.10004,2657.0095,3976.3696
Czech Republic,2003,48.47216,55.783684,41.156837,584.2,3069.5955,4525.14
Czech Republic,2004,47.139397,53.82427,40.247055,728.9,2874.339,4182
Czech Republic,2005,46.868572,53.71887,39.892147,857.2001,2861.485,4269.5703
Czech Republic,2006,47.95817,54.919926,41.20294,786.5,2933.1033,4346.87
Czech Republic,2007,49.32119,56.041107,42.580563,826.5,2876.1858,4255.82
Czech Republic,2008,48.944336,55.470085,42.323936,740,2790.7505,4100.92
Czech Republic,2009,48.268612,54.78703,41.80533,832.5,2728.0994,4155.4004
Czech Republic,2010,45.61808,51.9667,38.909054,939.80005,2580.41,4004.44
Czech Republic,2011,48.96724,56.18511,42.00209,630.4,2913.774,4297.77
Czech Republic,2012,48.30488,55.260086,41.40181,816.6,2883.2402,4291.6797
Czech Republic,2013,47.773468,54.011303,41.531628,776.4,2596.611,4004.23
Czech Republic,2014,50.63486,57.322315,44.09946,737.5,2808.1455,4146.88
Czech Republic,2015,50.59176,57.442883,43.73453,655.80005,2851.8877,4244.01
Czech Republic,2016,49.141285,55.8218,42.393852,645,2829.744,4126.47
Czech Republic,2017,48.17227,55.027966,41.682816,838,2743.3743,4191.78
Czech Republic,2018,50.790302,57.930405,43.906433,569.4,2933.1628,4532.65
Czech Republic,2019,50.28201,57.388683,43.53361,750.5,2786.485,4347.64
Czech Republic,2020,49.63174,56.670696,43.104298,954.4,2757.7266,4286.66
North Korea,1995,38.79711,48.7105,29.592772,1301.9,3106.78,5443.01
North Korea,1996,38.23843,48.33194,28.645788,1134.1,3143.1934,5535.46
North Korea,1997,39.90144,49.919456,30.3791,972,3290.1592,5686.21
North Korea,1998,40.97032,50.0674,32.567455,1247.2,2996.8167,5299.83
North Korea,1999,40.23685,49.499294,31.662035,977.9,3164.284,5514.49
North Korea,2000,39.233707,48.941036,29.882425,1108.9,3138.4187,5555.08
North Korea,2001,39.88232,49.59743,31.075924,1099.2001,3196.8936,5603.7
North Korea,2002,39.76492,49.47833,30.530495,986.7,3138.7634,5507.79
North Korea,2003,40.112793,49.21499,31.484499,1052.1,3000.8389,5357.5195
North Korea,2004,41.14169,50.896687,31.997183,942.2,3155.8413,5486.55
North Korea,2005,39.208256,49.104527,30.170002,1077.9,3256.6147,5639.15
North Korea,2006,41.065666,50.828087,32.05335,941,3189.695,5537.34
North Korea,2007,41.19211,50.698143,32.25085,1542.3999,3004.2383,5218.96
North Korea,2008,41.35681,50.99972,32.459724,944.19995,3226.4678,5548.89
North Korea,2009,40.2069,50.20647,30.910223,1161.4,3160.4858,5491.06
North Korea,2010,39.446465,48.79014,30.705072,1478.8,2977.592,5205.54
North Korea,2011,39.566334,49.28206,30.575375,1284.2,3043.674,5330.64
North Korea,2012,38.26966,47.86325,29.102919,1499,3014.484,5268.98
North Korea,2013,39.779045,49.2108,31.184416,1228.1,3159.0564,5464.3496
North Korea,2014,40.99235,50.77014,31.84573,725.2,3312.6404,5631.5
North Korea,2015,41.532627,51.04335,32.458717,1094.3,3172.0532,5583.9697
North Korea,2016,41.030834,50.670902,32.09628,1194.8,3159.0872,5493.17
North Korea,2017,42.39229,50.77902,34.999477,1006.2,3263.5764,5571
North Korea,2018,42.254414,50.45329,34.90006,1345.8,3022.574,5182.83
North Korea,2019,44.273354,52.68011,36.73877,1292.8,3260.4312,5494.38
North Korea,2020,43.163784,51.11008,36.236233,2066.5,3007.1155,5232.59
Democratic Republic of the Congo,1995,77.0195,85.95846,70.98738,1621,3308.9424,6698.02
Democratic Republic of the Congo,1996,76.84543,85.65397,71.01888,1687.3,3326.8723,6730.4004
Democratic Republic of the Congo,1997,77.124886,86.225,70.907,1463.0001,3345.8643,6828.33
Democratic Republic of the Congo,1998,78.391945,87.65267,71.936455,1455.3999,3520.0361,6991.76
Democratic Republic of the Congo,1999,76.39837,85.026886,70.57659,1665.8,3386.0605,6778.66
Democratic Republic of the Congo,2000,77.02831,86.36929,70.641426,1408.9,3475.6711,6938.2705
Democratic Republic of the Congo,2001,77.01388,86.19985,70.746475,1365.5,3511.176,6970.71
Democratic Republic of the Congo,2002,77.37166,86.514725,70.97062,1436.7999,3511.6267,7015.7
Democratic Republic of the Congo,2003,77.60408,86.77535,71.28155,1388.6001,3502.2185,6936.6006
Democratic Republic of the Congo,2004,77.86337,87.24667,71.22987,1279.5,3558.9998,7035.6104
Democratic Republic of the Congo,2005,78.244606,87.55921,71.68543,1307,3484.2786,7000.4297
Democratic Republic of the Congo,2006,77.5278,86.71988,71.07491,1428.2,3486.91,6911.67
Democratic Republic of the Congo,2007,77.67815,87.15212,70.87791,1349.3999,3437.8289,6968.24
Democratic Republic of the Congo,2008,77.503075,86.895775,70.83176,1267.5,3519.7402,7118.3604
Democratic Republic of the Congo,2009,78.0418,87.30426,71.519005,1357.3,3544.574,7063.16
Democratic Republic of the Congo,2010,78.07813,87.04165,71.87234,1332.7,3469.3232,6842.62
Democratic Republic of the Congo,2011,78.01737,87.73675,71.04878,1297.5,3546.6306,7153.41
Democratic Republic of the Congo,2012,77.91494,87.43455,71.22274,1259.7,3522.5,7059.9395
Democratic Republic of the Congo,2013,78.11047,87.594475,71.46204,1144.1,3544.2783,7041.13
Democratic Republic of the Congo,2014,78.46224,88.13843,71.62429,1206.6,3539.2944,7049.76
Democratic Republic of the Congo,2015,78.78119,88.62467,71.78037,1161.8,3598.5955,7307.08
Democratic Republic of the Congo,2016,79.424164,89.25096,72.44998,1205,3599.917,7210.5703
Democratic Republic of the Congo,2017,78.37582,89.000626,71.28714,1257.5999,3597.246,7001.8496
Democratic Republic of the Congo,2018,77.842094,88.61078,70.45273,1177.1,3508.6895,6757.43
Democratic Republic of the Congo,2019,78.40622,88.835915,71.28862,1302,3432.074,6530.99
Democratic Republic of the Congo,2020,78.68406,89.439255,70.852036,1072.7,3411.714,6622.48
Denmark,1995,46.582726,52.296772,40.891186,618.4,2864.77,3909.37
Denmark,1996,44.270313,49.766266,38.89741,516.7,2617.835,3695.46
Denmark,1997,46.880512,52.243515,41.366337,649.19995,2753.648,3787.96
Denmark,1998,46.3402,51.110992,41.54584,832.69995,2463.8748,3373.1396
Denmark,1999,47.511772,52.92801,42.079678,907.30005,2684.0718,3643.12
Denmark,2000,48.135727,53.098724,43.149788,822.9,2565.2183,3497.87
Denmark,2001,46.142895,51.45053,40.889214,758.39996,2554.911,3557.24
Denmark,2002,47.998085,53.19061,42.74124,807.9,2722.0344,3756.59
Denmark,2003,47.09017,53.056477,41.266964,638.6,2885.3,3890.4097
Denmark,2004,47.060898,52.450035,41.78897,809.7999,2749.1096,3700.46
Denmark,2005,47.126705,52.856743,41.392967,682.6,2853.7637,3829.4602
Denmark,2006,48.423813,53.886444,43.02973,828,2702.1816,3750.87
Denmark,2007,48.443043,53.698555,43.23291,831.19995,2746.0154,3705.76
Denmark,2008,48.282776,53.683224,42.659954,772.6,2866.0457,3884.13
Denmark,2009,47.35922,52.63581,42.089294,711.9,2728.7344,3844.4102
Denmark,2010,43.576584,48.867157,38.065926,700.3,2592.645,3672.58
Denmark,2011,47.81679,53.266804,42.455704,720.6,2629.4417,3634.7202
Denmark,2012,46.19808,51.374462,41.003067,850.7999,2763.5774,3678.93
Denmark,2013,46.657352,52.19765,41.159706,651.9,2772.9954,3806.3896
Denmark,2014,49.70093,54.86141,44.539265,807.5,2703.8955,3708.32
Denmark,2015,48.07302,53.221684,43.114555,928.9,2720.3716,3727
Denmark,2016,48.011574,53.33025,42.777622,730.8,2785.656,3645.9697
Denmark,2017,47.659172,52.863968,42.63467,860.5,2361.7444,3378.2302
Denmark,2018,48.923588,54.699604,43.22275,668.10004,2617.5977,3907.17
Denmark,2019,48.59768,54.137413,43.134724,1022.5,2524.6406,3688.69
Denmark,2020,49.27728,54.68413,43.66085,886.8,2566.0444,3728.5698
Djibouti,1995,74.66744,84.875656,66.09573,371.8,3944.6313,7740.45
Djibouti,1996,74.286476,84.37027,65.998474,525.50006,3921.8088,7727.95
Djibouti,1997,74.95879,85.09831,66.62661,329.1,3912.9941,7667.9697
Djibouti,1998,75.361855,85.33453,66.80242,610.7,3912.3894,7690.8896
Djibouti,1999,74.80056,85.0993,66.03976,498.19998,3965.937,7950.32
Djibouti,2000,74.51863,84.97863,65.578224,675.2,3988.092,8011.49
Djibouti,2001,74.546326,84.94568,65.822525,541.8,3939.963,7941.5103
Djibouti,2002,75.56663,85.97883,67.03667,330.8,3961.4578,7827.97
Djibouti,2003,75.18291,85.54165,66.54647,431.2,3956.1272,7879.66
Djibouti,2004,75.26474,85.51052,66.607574,327.80002,3948.0532,7761.23
Djibouti,2005,75.29679,85.54781,66.76148,369.30002,3958.0508,7791.4697
Djibouti,2006,75.20308,85.093376,66.96392,393.19998,3905.2478,7614.9897
Djibouti,2007,75.23352,85.48347,66.81845,285.6,3953.318,7873.37
Djibouti,2008,74.99859,86.01978,65.601585,249.30002,3991.0793,8097.2603
Djibouti,2009,76.15941,86.86576,67.20581,167.70001,3953.087,7967.4
Djibouti,2010,75.31762,85.540665,66.62439,472.69998,3912.2925,7805.4697
Djibouti,2011,75.088264,85.67233,66.10856,376.1,3953.1523,7918.69
Djibouti,2012,75.578606,86.50961,66.50774,161.6,3980.9993,8016.4097
Djibouti,2013,75.28047,85.43982,66.76223,416.19998,3929.385,7810.71
Djibouti,2014,75.0004,85.148605,66.602936,426.2,3976.8867,7876.99
Djibouti,2015,76.15019,86.82286,67.1237,308.2,3954.464,7916.0405
Djibouti,2016,76.14156,86.38906,67.603165,407.60004,3931.8562,7811.08
Djibouti,2017,73.67317,81.60288,67.11535,180.2,3872.623,7687.6104
Djibouti,2018,73.30743,81.36173,66.631325,207.8,3851.232,7670.3604
Djibouti,2019,73.69243,81.47516,67.35157,256.1,3822.75,7520.37
Djibouti,2020,73.30509,80.93499,67.10573,466.2,3794.1282,7388.1396
Dominica,1995,79.21489,80.00279,78.35419,56.300003,3963.5122,7798.0303
Dominica,1996,78.53345,79.337296,77.66492,320.70004,3914.7827,7739.45
Dominica,1997,79.47953,80.23408,78.63776,73.4,3976.502,7843.8105
Dominica,1998,79.80661,80.59729,78.9652,312.1,3818.6497,7551.31
Dominica,1999,78.88199,79.64501,78.03118,85.4,3976.4973,7799.91
Dominica,2000,78.8547,79.643936,78.00525,107.9,3938.0762,7826.45
Dominica,2001,78.835236,79.57893,78.02058,12.6,3947.1963,7790.59
Dominica,2002,79.29624,80.07011,78.4252,119.500015,3930.6443,7782.2197
Dominica,2003,79.38913,80.204,78.48734,71.600006,3946.7744,7799.22
Dominica,2004,78.961784,79.73934,78.095245,165.9,3864.6406,7648.57
Dominica,2005,79.27674,80.06814,78.386,75,3924.6484,7716.0996
Dominica,2006,79.44322,80.20301,78.59485,253.7,3854.6484,7529.1797
Dominica,2007,79.62171,80.37956,78.77559,210.1,3868.1895,7597.06
Dominica,2008,78.49667,79.321304,77.599014,146,3910.0952,7740.61
Dominica,2009,79.425835,80.21707,78.590164,21.7,3958.0522,7808.98
Dominica,2010,79.50581,80.30953,78.60546,574.4,3846.4375,7517.04
Dominica,2011,79.04563,79.826,78.177155,257.1,3899.4368,7590.3604
Dominica,2012,79.20225,80.00885,78.33181,37.2,3964.9438,7787.16
Dominica,2013,78.6653,79.4586,77.744415,173.99997,3890.42,7565.3
Dominica,2015,79.60813,80.4491,78.67597,123,3941.3271,7717.02
Dominica,2016,79.33704,80.07893,78.51697,65.600006,3930.1445,7648.37
Dominica,2017,79.38095,80.20129,78.475266,142.2,3843.8628,7783.18
Dominica,2018,79.05304,79.91649,78.11082,321.00003,3787.9927,7699.71
Dominica,2019,79.47843,80.28043,78.62099,148.00002,3847.302,7697.92
Dominica,2020,79.36646,80.13057,78.52213,120.100006,3792.64,7516.59
Dominican Republic,1995,80.22034,80.99526,79.367615,406.4,3864.1973,7666.62
Dominican Republic,1996,79.96498,80.7591,79.08524,939.69995,3683.085,7391.8203
Dominican Republic,1997,80.255684,81.09512,79.32446,476.2,3833.8066,7568.19
Dominican Republic,1998,81.02922,81.84915,80.11868,968.5,3697.6526,7278.5303
Dominican Republic,1999,80.31204,81.10055,79.45145,368.40002,3762.789,7446.12
Dominican Republic,2000,80.60035,81.4186,79.66828,757.5,3702.6287,7374.73
Dominican Republic,2001,80.53699,81.308655,79.6778,426.19998,3744.2427,7398.15
Dominican Republic,2002,81.32576,82.08019,80.47548,376.30002,3782.7834,7456.06
Dominican Republic,2003,81.22327,82.05307,80.31027,579,3795.668,7542.75
Dominican Republic,2004,81.02998,81.87696,80.0123,766.5,3702.2678,7309.19
Dominican Republic,2005,80.56896,81.39077,79.6815,1083.2,3671.6467,7363.9497
Dominican Republic,2006,80.79948,81.56781,79.93129,928.4001,3690.0894,7319.6
Dominican Republic,2007,80.954994,81.75669,80.068634,1064.7,3655.928,7239.76
Dominican Republic,2008,80.3872,81.20393,79.526886,620.30005,3701.5356,7374.3804
Dominican Republic,2009,81.22524,81.97836,80.38869,800.80005,3729.926,7406.1104
Dominican Republic,2010,81.323074,82.24046,80.31398,1206.5,3554.3645,7018
Dominican Republic,2011,80.77821,81.573975,79.89677,957.39996,3632.1042,7219.26
Dominican Republic,2012,80.107796,80.91229,79.27828,709.6,3774.64,7478.8105
Dominican Republic,2013,80.2955,81.08477,79.44553,622.69995,3645.7861,7244.62
Dominican Republic,2014,80.66035,81.45118,79.77323,455.20004,3766.9917,7424.7
Dominican Republic,2015,81.383644,82.20323,80.516655,629,3751.605,7400.6104
Dominican Republic,2016,80.87294,81.61582,80.03787,673.8,3659.6055,7248.39
Dominican Republic,2017,80.94087,81.80156,80.01315,850.9001,3700.4395,7419.59
Dominican Republic,2018,81.12877,81.96529,80.23211,264.9,3677.4397,7396.09
Dominican Republic,2019,80.40584,81.341446,79.46994,1178.6,3518.7085,7099.5195
Dominican Republic,2020,80.9418,81.912865,79.94885,1220.7001,3534.417,7034.07
Ecuador,1995,80.80875,82.02471,79.277374,1775.2,3724.2278,7517.41
Ecuador,1996,80.406525,81.616806,78.82729,1835.7,3773.7273,7530.5195
Ecuador,1997,80.805626,82.07107,79.244576,1856.0999,3802.545,7615.7397
Ecuador,1998,81.607185,82.85937,80.03263,1933.1001,3659.59,7366.4
Ecuador,1999,80.57708,81.82179,78.96718,2123.2002,3735.9229,7460.5103
Ecuador,2000,80.70542,82.01517,78.9977,1973.3999,3696.0579,7399.8003
Ecuador,2001,80.812416,82.11397,79.173065,1985.5,3739.051,7478.31
Ecuador,2002,81.02716,82.2809,79.50225,2315.9,3619.781,7196.37
Ecuador,2003,81.35768,82.62488,79.709366,2074.2,3686.7437,7367.46
Ecuador,2004,80.83717,82.10221,79.294754,2433.9,3621.754,7201.4697
Ecuador,2005,81.16038,82.35512,79.65069,1564.7,3813.246,7538.3594
Ecuador,2006,80.82776,82.12655,79.306465,2707.0,3617.658,7182.46
Ecuador,2007,81.34528,82.56101,79.725395,1787.5,3704.5742,7452.7295
Ecuador,2008,80.98405,82.20844,79.44967,1799.1001,3721.2224,7487.0205
Ecuador,2009,81.269806,82.510956,79.691124,1736.5999,3773.958,7545.73
Ecuador,2010,81.53065,82.74373,79.87383,1810.6,3710.4272,7332.79
Ecuador,2011,81.15793,82.35093,79.57622,1819.5,3774.1436,7523.0303
Ecuador,2012,81.31562,82.53992,79.71795,1906.7001,3693.4534,7375.71
Ecuador,2013,81.21133,82.41972,79.69359,1904.2,3705.746,7347.9697
Ecuador,2014,81.29572,82.53142,79.64255,1724.6001,3779.8184,7459.6895
Ecuador,2015,81.61805,82.911644,79.865204,2343.8,3698.62,7375.23
Ecuador,2016,81.66728,82.94246,80.0541,2535.5,3614.0989,7185.87
Ecuador,2017,81.8694,83.13603,80.18896,1871.5,3748.25,7574.7
Ecuador,2018,81.53943,82.87984,79.72293,2319.2,3604.0098,7266.36
Ecuador,2019,81.79975,83.150085,80.102165,2571.2998,3515.0034,7088.56
Ecuador,2020,82.39026,83.6659,80.64746,2084,3658.3833,7398.3896
Egypt,1995,70.78806,82.03226,58.406147,8.1,4037.3037,8472.16
Egypt,1996,71.42412,82.89491,58.887535,0.3,4042.2927,8504.12
Egypt,1997,70.413315,81.618996,57.939877,5.3999996,4052.9888,8508.01
Egypt,1998,71.610725,83.01733,58.98831,0.1,4034.0154,8463.141
Egypt,1999,71.64907,83.12409,59.190254,6,4041.6777,8523.26
Egypt,2000,70.36576,81.62581,57.856964,0,4055.7615,8537.29
Egypt,2001,71.54627,82.82105,58.91212,0,4039.9058,8514.87
Egypt,2002,72.033676,83.23037,59.50464,0.3,4048.4194,8483.891
Egypt,2003,71.55615,82.87752,58.761215,0.5,4030.7424,8484.96
Egypt,2004,71.7706,83.22589,59.07295,1.3,4049.3777,8531.69
Egypt,2005,71.51169,82.91031,58.915325,0.5,4033.0437,8487.84
Egypt,2006,71.31425,82.553276,58.64828,0.5,4024.7905,8472.13
Egypt,2007,71.629074,82.81439,58.926422,0.6,4049.025,8497.39
Egypt,2008,72.09409,83.47303,59.301636,4.2,4041.6348,8518.9795
Egypt,2009,71.814415,83.081184,59.201107,0.2,4025.0144,8467.121
Egypt,2010,74.86137,86.59957,61.959793,2.5,4057.898,8507.459
Egypt,2011,70.81024,81.73958,58.436226,1.3000001,4046.2634,8496.58
Egypt,2012,72.031456,83.02549,59.43541,1.5,4023.5457,8465.4
Egypt,2013,72.30973,83.57409,59.68661,0.1,4039.2446,8504.62
Egypt,2014,72.88023,84.148605,60.17779,13.799998,4039.9766,8458.689
Egypt,2015,72.667786,83.476944,60.186172,3.2,4036.7373,8432.57
Egypt,2016,73.13874,84.28668,60.695126,0.3,4020.3967,8448.949
Egypt,2017,71.56204,81.9562,60.9756,1.3000001,4007.7983,8419.711
Egypt,2018,73.53205,83.8827,62.91886,4.1000004,3953.7285,8169.54
Egypt,2019,72.60923,82.97752,61.766365,12.5,3950.4006,8216.4
Egypt,2020,72.835106,83.00936,61.850998,10.199999,3968.6072,8181.9004
El Salvador,1995,80.79839,81.85186,79.51162,1862.3999,3590.658,7094.94
El Salvador,1996,80.602066,81.67729,79.31689,1972.3002,3630.0117,7093.1895
El Salvador,1997,80.996864,82.05578,79.72639,1480.4,3742.4624,7442.26
El Salvador,1998,81.41829,82.55633,80.12288,1935.7,3537.2505,7045.21
El Salvador,1999,80.89354,81.98304,79.52469,1762.6,3570.1448,6978.9697
El Salvador,2000,80.64956,81.74786,79.31148,2022.7001,3551.12,7024.14
El Salvador,2001,80.90737,82.05455,79.522224,2091.3,3646.8967,7102.9697
El Salvador,2002,81.17002,82.29866,79.773476,1544.8999,3657.6223,7179.59
El Salvador,2003,81.121086,82.22715,79.815155,2136.9,3596.9268,7051.75
El Salvador,2004,80.93676,82.0127,79.66115,2054.7,3548.1116,6965.0103
El Salvador,2005,81.20055,82.34452,79.786545,2219.8,3462.162,6862.5503
El Salvador,2006,81.04495,82.12803,79.709366,1598.2,3660.9402,7140.39
El Salvador,2007,80.63482,81.71649,79.346664,2102.8,3581.578,7023.63
El Salvador,2008,80.94607,81.98147,79.64295,1895.3999,3597.4912,7084.92
El Salvador,2009,81.23325,82.29225,79.97221,1701.8,3553.4067,7089.14
El Salvador,2010,81.52654,82.66531,80.1855,2057.3,3561.0286,6986.91
El Salvador,2011,80.91327,82.0257,79.62529,2230.2002,3467.324,6775.8804
El Salvador,2012,81.08774,82.10763,79.814095,1679.2001,3598.6516,7094.8296
El Salvador,2013,80.78864,81.86148,79.56044,2174.4,3528.6167,6944.38
El Salvador,2014,81.06696,82.14134,79.78038,2073.9001,3541.4634,6997.06
El Salvador,2015,81.42302,82.526245,80.11548,1957.1,3628.131,7083.96
El Salvador,2016,81.74585,82.78508,80.49058,1818.2998,3602.5842,7111.71
El Salvador,2017,81.68121,82.73361,80.36279,2061.5,3529.8062,7075.21
El Salvador,2018,81.29699,82.42613,79.912796,2194.1,3443.9834,6987.99
El Salvador,2019,81.590675,82.68825,80.2797,1495.1001,3584.889,7246.4194
El Salvador,2020,81.44751,82.60509,80.11754,1901.8,3492.2856,7093.68
Equatorial Guinea,1995,69.61735,77.567726,65.718796,2945.4,2989.7456,5601.52
Equatorial Guinea,1996,69.221405,77.128105,65.28918,2907.6,2986.2478,5586.54
Equatorial Guinea,1997,69.426956,77.18258,65.65937,2944,2942.6208,5494.38
Equatorial Guinea,1998,70.322945,78.19083,66.56628,3078.2002,3096.5718,5645.58
Equatorial Guinea,1999,69.02004,76.971504,65.16524,3422.9,2997.9636,5584.8
Equatorial Guinea,2000,69.068756,76.90385,65.206795,3062,2982.5623,5543.84
Equatorial Guinea,2001,69.1733,77.02724,65.219475,2687.7998,3004.3806,5533.69
Equatorial Guinea,2002,69.58169,77.22055,65.83148,2954.5999,3014.8284,5468.58
Equatorial Guinea,2003,69.77782,77.692,66.00384,3253.7002,3015.25,5566.04
Equatorial Guinea,2004,69.72872,77.48786,65.93,3007.3,3006.943,5591.87
Equatorial Guinea,2005,70.10109,77.701126,66.163376,2251.5,2986.111,5628.9004
Equatorial Guinea,2006,69.75767,77.71666,65.813484,2894.1,3017.4028,5632.9004
Equatorial Guinea,2007,69.71837,77.53247,65.81027,2916.7002,3017.2388,5646.8003
Equatorial Guinea,2008,69.61106,77.455154,65.70745,2893.5,2954.1777,5579.66
Equatorial Guinea,2009,69.78332,77.50559,65.97498,2781,2965.8147,5531.1104
Equatorial Guinea,2010,70.34043,77.93068,66.581314,2540.4,2983.141,5551.74
Equatorial Guinea,2011,69.707146,77.44346,65.88844,2682,3035.9736,5632.0806
Equatorial Guinea,2012,69.475845,77.091225,65.754906,2937.9001,2946.5156,5519.9697
Equatorial Guinea,2013,69.83044,77.3177,66.09162,2512.5,2855.958,5421.83
Equatorial Guinea,2014,69.780426,77.11057,66.08003,2838.2998,2805.2534,5327.7197
Equatorial Guinea,2015,70.03379,77.33398,66.24277,2562.3,2846.744,5350.5303
Equatorial Guinea,2016,70.59931,77.92615,66.99778,2975.9,2852.8389,5394.66
Equatorial Guinea,2017,69.310165,76.141396,65.522385,3614.2002,2950.5422,5297.41
Equatorial Guinea,2018,69.008286,75.9397,65.11431,4159.9004,2822.2646,5206.76
Equatorial Guinea,2019,69.39932,76.19047,65.54951,4657.4004,2775.2896,5206.6396
Equatorial Guinea,2020,69.37188,76.19609,65.549774,4384.5,2852.2822,5228.7095
Eritrea,1995,85.669624,93.49116,79.0803,64.700005,3856.47,7617.73
Eritrea,1996,85.76266,93.53253,79.290405,153.20001,3868.7795,7647.98
Eritrea,1997,85.20104,92.8116,78.65694,133.6,3867.3118,7638.96
Eritrea,1998,86.03906,93.98234,79.452385,167.8,3850.9937,7645.0703
Eritrea,1999,86.19683,94.478935,79.20532,87.6,3921.3003,7928.06
Eritrea,2000,85.85274,93.93089,79.03393,103.899994,3931.3333,7830.36
Eritrea,2001,86.3571,94.32064,79.54757,78.700005,3900.2378,7759.9395
Eritrea,2002,85.771675,93.823296,79.00066,193.20001,3853.5864,7794.41
Eritrea,2003,86.24027,94.305595,79.529816,131.1,3877.76,7675.0605
Eritrea,2004,85.83864,94.12861,79.042534,84.8,3839.711,7682.04
Eritrea,2005,86.262436,94.581764,79.27116,43.100002,3883.032,7738.5703
Eritrea,2006,85.95628,93.78162,79.430695,230.4,3857.0889,7585.75
Eritrea,2007,85.862755,93.8186,79.20976,39.600002,3862.4727,7760.5693
Eritrea,2008,85.74415,94.21762,78.5645,73.8,3882.148,7888.7695
Eritrea,2009,86.2147,94.658195,79.049484,31.500002,3951.4211,7895.9204
Eritrea,2010,86.995155,95.5799,79.56656,43.9,3919.4087,7864.05
Eritrea,2011,85.41133,93.6031,78.51071,84.80001,3862.3372,7627.6396
Eritrea,2012,86.21136,94.518616,79.188354,38,3902.8145,7783.8403
Eritrea,2013,86.365875,94.67966,79.49825,82.700005,3885.7673,7789.18
Eritrea,2014,86.24354,94.42149,79.45929,81.6,3889.3413,7795.49
Eritrea,2015,86.46654,94.92326,79.36806,100.2,3863.5754,7794.71
Eritrea,2016,86.79836,94.972015,79.91743,50,3843.8179,7633.25
Eritrea,2017,88.78737,99.0324,81.27479,171.1,3755.447,7709.0303
Eritrea,2018,89.107834,98.82036,81.68731,180.9,3790.1238,7710.51
Eritrea,2019,88.589584,98.039444,81.50189,280.00003,3724.1772,7561.63
Estonia,1995,43.296146,48.950737,37.17775,709.80005,2432.155,3467.01
Estonia,1996,40.10239,46.229897,33.594246,595.4,2497.3245,3602.8098
Estonia,1997,42.445957,48.334053,35.964844,648.8,2654.3083,3667.7803
Estonia,1998,41.932545,47.504322,36.143364,800.1,2406.7534,3358.92
Estonia,1999,43.64514,49.649776,37.0372,624.4,2545.7607,3668.8298
Estonia,2000,44.65882,50.29465,38.64113,701.39996,2538.9807,3541.2402
Estonia,2001,42.66711,48.4238,36.344814,751.4,2455.4368,3540.72
Estonia,2002,43.411175,49.60983,36.712215,605.5,2802.5977,3884.85
Estonia,2003,42.40192,48.389282,36.24693,600.9,2420.3079,3465.26
Estonia,2004,42.241283,47.940884,35.929325,752.7,2422.254,3438.38
Estonia,2005,42.381733,48.346874,35.955475,583.8,2626.1394,3629.35
Estonia,2006,43.987988,49.96268,37.534794,521.7,2565.6997,3728.08
Estonia,2007,44.162815,49.947147,38.015614,764.6,2529.7234,3564.8499
Estonia,2008,45.059967,50.087357,39.634575,841.69995,2350.959,3366.31
Estonia,2009,42.462177,47.866055,36.44887,733.2001,2409.5452,3486.3599
Estonia,2010,40.547276,46.262573,34.51597,772.10004,2333.469,3497.66
Estonia,2011,44.237495,49.614025,38.415066,704.9,2652.4739,3646.9502
Estonia,2012,41.114265,46.475063,35.13629,872.9,2346.9639,3418.8
Estonia,2013,43.708984,49.591583,37.433697,582.9,2614.9443,3705.9897
Estonia,2014,44.533028,50.129612,38.83104,698.60004,2475.3633,3528.41
Estonia,2015,45.170868,50.851337,39.27339,647.4,2540.9329,3510.02
Estonia,2016,43.394413,48.858093,37.529408,746.3,2488.1228,3503.87
Estonia,2017,43.216614,48.817337,37.454655,830.30005,2415.2517,3425.7202
Estonia,2018,44.954323,50.9586,38.591614,577.4,2606.1553,3801.25
Estonia,2019,45.15715,51.180515,38.55635,825.1,2530.037,3671.4297
Estonia,2020,46.697723,52.167686,40.928753,891.4,2557.4087,3596.13
Eswatini,1995,72.17169,84.255585,59.152985,3.5000005,4041.0806,8459.44
Eswatini,1996,72.75709,85.08504,59.384876,1.9000001,4049.0583,8479.24
Eswatini,1997,71.52805,83.494415,58.24559,3.9999998,4056.7634,8490.86
Eswatini,1998,72.88319,85.05203,59.5734,0.2,4038.4976,8457.4795
Eswatini,1999,72.92516,85.28973,59.474766,5,4036.399,8498.12
Eswatini,2000,71.582146,83.61333,58.502583,0,4051.5818,8521.85
Eswatini,2001,72.6876,84.81778,59.525063,1.4000001,4041.3965,8504.25
Eswatini,2002,73.23138,85.25349,60.18984,0.2,4048.4556,8478.8
Eswatini,2003,72.697014,84.80077,59.39562,0.5,4028.7383,8442.439
Eswatini,2004,72.93176,85.162506,59.59709,0,4044.3535,8495.56
Eswatini,2005,72.791885,84.96129,59.73885,1,4034.2205,8472.711
Eswatini,2006,72.37044,84.410194,59.152985,0.5,4032.3914,8447.27
Eswatini,2007,72.67203,84.645676,59.55564,0,4050.7295,8492.471
Eswatini,2008,73.238304,85.397095,59.850616,5.7,4037.3738,8509.45
Eswatini,2009,72.87187,84.961044,59.697174,0.3,4028.2068,8448.69
Eswatini,2010,76.164566,88.62787,62.813892,4.1,4057.7095,8475.939
Eswatini,2011,71.95194,83.74888,58.830715,0.5,4053.0225,8501.5
Eswatini,2012,73.21194,84.95496,60.236195,1.6,4032.6938,8446.66
Eswatini,2013,73.52057,85.5013,60.397453,0.1,4044.135,8479.5205
Eswatini,2014,74.05965,86.05633,60.920933,34.2,4030.3972,8441.62
Eswatini,2015,73.68287,85.0641,61.19611,1.8000001,4041.338,8417.58
Eswatini,2016,74.31795,86.1968,61.432537,0,4021.3767,8434.99
Eswatini,2017,73.512566,83.92875,63.204086,1.5,4008.508,8415
Eswatini,2018,75.46702,85.75414,65.11036,3.1000001,3970.2773,8194.66
Eswatini,2019,74.41006,84.765625,63.786247,8.400001,3962.708,8241.529
Eswatini,2020,74.681946,85.02027,63.929035,3.1000001,3994.463,8218.62
Ethiopia,1995,73.810234,84.606125,63.59149,585,3952.4282,7730.26
Ethiopia,1996,72.56689,83.2396,62.90723,932.2,3933.645,7707.04
Ethiopia,1997,72.75026,83.18758,63.465004,833.6,3886.1956,7650.67
Ethiopia,1998,73.9328,84.319115,64.303116,644.19995,3890.0405,7571.2803
Ethiopia,1999,73.21318,84.08659,62.95508,663.2,3949.6565,7902.4697
Ethiopia,2000,72.92971,83.9338,62.558796,589.3,3949.8604,8020.25
Ethiopia,2001,72.577576,83.419846,62.653275,924.1,3938.0908,7830.04
Ethiopia,2002,74.25777,85.13034,64.26982,568.3,3954.504,7816.0903
Ethiopia,2003,73.36121,84.16106,63.510616,653.69995,3921.294,7822.5303
Ethiopia,2004,73.48058,84.097565,63.697067,621.2,3939.6797,7809.74
Ethiopia,2005,74.21873,85.37668,63.678284,656,3927.4863,7948.3203
Ethiopia,2006,73.174194,83.570755,63.6413,910,3875.4268,7567.77
Ethiopia,2007,73.69799,84.58985,63.583603,579.8,3924.88,7835.6504
Ethiopia,2008,73.47938,84.5965,62.728954,582.1,3971.8726,8128.1895
Ethiopia,2009,75.2917,86.131935,64.85568,465.7,3949.9495,7811.43
Ethiopia,2010,73.20235,83.48322,63.84423,906.5,3894.7456,7669.5303
Ethiopia,2011,74.50311,85.66147,64.08143,475.9,3933.788,8015.66
Ethiopia,2012,74.80068,86.35667,63.90018,475.3,3993.2124,8177.7
Ethiopia,2013,73.46701,84.16968,63.731304,707.8,3890.1409,7715.95
Ethiopia,2014,73.71493,84.16845,63.817604,687.4,3914.708,7676.62
Ethiopia,2015,75.72345,86.8645,65.188805,388.10004,3953.1553,8033.76
Ethiopia,2016,74.87994,85.39793,65.15481,687.1,3930.2466,7829.5195
Ethiopia,2017,74.43067,85.82349,64.65278,422.09998,3911.1707,7775.949
Ethiopia,2018,73.765724,85.07982,64.09453,499.4,3885.2825,7676.13
Ethiopia,2019,73.88836,84.63845,64.55366,725.7,3836.1692,7636.6597
Ethiopia,2020,73.66585,84.157875,64.39598,670.7,3772.0933,7532.9
Fiji,1995,78.80529,79.77027,77.57477,392.4,4031.0088,7880.38
Fiji,1996,78.91771,79.96311,77.60246,861.39996,3973.8057,7709.2705
Fiji,1997,78.84926,79.77274,77.6951,525,4008.3594,7807.5303
Fiji,1998,78.30285,79.173805,77.168655,412,4045.7925,7912.4004
Fiji,1999,78.31268,79.286,77.004196,801.80005,4019.6392,7769.1
Fiji,2000,78.89803,79.85123,77.632706,620.2,4019.8032,7880.16
Fiji,2001,79.08939,80.07085,77.76019,731.3,3981.9167,7764.63
Fiji,2002,78.72902,79.70838,77.53902,831.6,3978.3545,7714.06
Fiji,2003,79.01303,80.07159,77.72074,858.6,3973.897,7593.82
Fiji,2004,79.22105,80.28426,77.88205,800.6,3934.5679,7585.8994
Fiji,2005,79.05176,80.02992,77.80581,553.2,4011.7004,7745.6895
Fiji,2006,79.225525,80.245674,77.91283,607,4023.2527,7772.06
Fiji,2007,78.99158,79.93054,77.746635,816.1,3983.8103,7740.19
Fiji,2008,78.48264,79.52467,77.10967,869.19995,4052.3108,7844.0903
Fiji,2009,78.906456,79.87088,77.654655,536.30005,4003.3289,7781.62
Fiji,2010,78.21301,79.14791,77.00099,485.50003,4010.0042,7747.73
Fiji,2011,79.03021,80.04299,77.63863,581.8,4059.07,7831.64
Fiji,2012,78.84124,79.818275,77.6,483.3,4041.9985,7851.96
Fiji,2013,78.85735,79.82107,77.57206,577,4001.7583,7715.71
Fiji,2014,79.19706,80.18156,77.93772,583.69995,3961.1694,7669.1904
Fiji,2015,79.25834,80.23605,78.059044,741.80005,3919.6438,7575.87
Fiji,2016,79.0568,80.0032,77.823524,725.1,3971.068,7581.1304
Fiji,2017,79.821396,80.83252,78.41214,631,4001.0952,7715.02
Fiji,2018,79.0674,80.05803,77.80803,603.7,3977.666,7656.29
Fiji,2019,79.40466,80.527756,77.930824,811,3936.016,7587.43
Fiji,2020,79.35126,80.401306,77.9814,587.4,4034.0225,7710.26
Finland,1995,38.992107,43.359802,34.65002,538.1,2278.3623,3101.5898
Finland,1996,37.023834,41.4546,32.7428,679.8,2295.4734,3160.48
Finland,1997,38.514427,43.12555,33.898952,551.6,2553.7778,3364.9502
Finland,1998,36.994476,41.527744,32.747692,681.9,2186.9082,3028.2397
Finland,1999,39.124313,43.587143,34.716103,598.30005,2379.794,3230.5898
Finland,2000,40.52899,44.759274,36.47485,644.4,2386.7668,3186.46
Finland,2001,38.07744,42.393227,33.783554,632.80005,2336.9177,3091.89
Finland,2002,38.500687,43.228622,33.851364,525.3,2591.621,3440.64
Finland,2003,38.14803,42.585304,33.863937,588.1,2267.6826,3093.92
Finland,2004,38.756733,43.253864,34.485996,697.3,2351.9883,3163.8398
Finland,2005,39.59918,43.90769,35.407993,651,2460.5488,3231.65
Finland,2006,39.919407,44.317993,35.538185,505.60004,2461.6235,3364.3801
Finland,2007,40.17007,44.43191,36.07375,637.1,2401.2856,3169.93
Finland,2008,40.653854,44.555172,36.80854,808.7,2177.4336,2993.37
Finland,2009,38.726406,42.99684,34.567413,494.5,2384.0793,3227.1602
Finland,2010,36.64537,41.081444,32.360077,529.2,2215.5767,3143.92
Finland,2011,40.376225,44.544346,36.376785,685,2362.1367,3160.23
Finland,2012,37.76114,41.687965,33.828945,792.9,2159.495,2962.5098
Finland,2013,40.483055,44.71621,36.312183,621.2,2375.9321,3169.17
Finland,2014,41.440533,45.51807,37.52706,558.80005,2232.5928,3092.1
Finland,2015,41.502872,45.619415,37.580074,687.1,2319.5789,3089.06
Finland,2016,39.638977,43.824528,35.58936,636.6,2204.4026,2960.0903
Finland,2017,39.61002,44.331764,34.92861,791.1001,2079.0994,3006.29
Finland,2018,41.166393,46.63675,35.73467,564.1,2445.4536,3435.5898
Finland,2019,40.67787,45.98505,35.421024,780.8,2277.438,3266.05
Finland,2020,43.44727,48.398262,38.60449,808.30005,2470.735,3381.39
France,1995,51.736233,58.413654,45.360703,753.9,2858.5125,4483.5195
France,1996,49.962357,56.83243,43.650383,912.89996,2811.6277,4562.4697
France,1997,52.32276,59.84873,45.523685,643.2,3044.7917,4850.85
France,1998,50.851925,57.805103,44.57067,729.7,2874.0327,4522.4004
France,1999,51.49402,58.06549,45.435658,878.2999,2867.3428,4449.1904
France,2000,51.879852,58.63071,45.7794,794.5,2933.0105,4546.21
France,2001,50.817986,57.35758,44.763493,782,2889.0369,4476.52
France,2002,52.163677,58.802757,46.15467,724.2,2837.679,4460.7705
France,2003,53.030956,60.58697,45.97073,696.19995,3180.1616,4978.55
France,2004,50.868755,57.704395,44.598087,788.1,2949.1057,4701.3
France,2005,50.86118,57.81004,44.528996,698,3076.7817,4760.5303
France,2006,52.225418,59.11344,46.19535,800,3030.1418,4649.07
France,2007,51.179077,57.83494,45.13385,783.4,2919.8713,4504.67
France,2008,50.32583,57.041695,44.33202,939.9,2854.6633,4439.2705
France,2009,51.468216,58.49799,44.968887,722.7,3022.647,4732.25
France,2010,49.22034,55.7753,42.954124,862.7,2796.9702,4537.9
France,2011,53.238613,60.61804,46.524284,631.30005,3116.3528,4834.54
France,2012,51.259125,58.13178,44.89218,750.1,2958.0195,4646.09
France,2013,50.29864,56.867874,44.336174,894.10004,2754.9521,4424.1797
France,2014,52.890144,59.88201,46.639683,764.4,3018.179,4653.58
France,2015,53.1195,60.342617,46.509987,551.69995,3039.9678,4771.7
France,2016,51.893143,58.9419,45.530663,824.89996,2907.3577,4585.54
France,2017,51.714077,59.283375,45.021706,817.9,2711.4722,4593.3203
France,2018,53.27418,61.05083,46.03488,824.19995,2822.8762,4790.96
France,2019,52.93949,60.8834,45.63075,787.9,2909.6355,4892.67
France,2020,53.70755,61.4494,46.618587,826.60004,2882.09,4786.8604
Gabon,1995,74.232376,83.05851,68.89596,1924.1001,3140.0344,5753.64
Gabon,1996,73.77677,82.49095,68.37398,1832.7999,3013.321,5669.0303
Gabon,1997,74.11462,82.83708,68.88659,1801.6001,3075.703,5661.2695
Gabon,1998,75.071724,83.87368,69.74639,1617.7,3248.8203,5811.7695
Gabon,1999,73.55592,82.39472,68.234886,2036.6001,3136.8157,5732.0605
Gabon,2000,73.667465,82.28611,68.37914,1557.3999,3068.8237,5646.78
Gabon,2001,73.84406,82.42135,68.499954,1459.2001,3082.4883,5629.26
Gabon,2002,74.31555,82.91624,69.01062,1450.7999,3153.6711,5648.24
Gabon,2003,74.38185,83.18673,69.006424,1809.6001,3184.5652,5767.9897
Gabon,2004,74.29555,83.056274,68.95455,1650.6001,3175.8823,5775.7
Gabon,2005,74.68348,83.39286,69.27149,1374.3,3009.7876,5707.98
Gabon,2006,74.33803,83.18303,68.90138,1521.5,3125.4639,5780.2495
Gabon,2007,74.44572,83.34058,68.92086,1705.8,3157.0369,5862.7695
Gabon,2008,74.17178,83.13497,68.64324,1751.7,3140.1953,5839.7
Gabon,2009,74.46163,83.38793,69.0942,1683.2,3136.819,5760.63
Gabon,2010,74.973526,83.708725,69.69067,1617.2,3064.5945,5696.6006
Gabon,2011,74.34145,82.991196,68.953156,1593.7001,3120.6875,5720.6104
Gabon,2012,74.16966,82.88685,68.9071,1644.6,3067.3943,5697.88
Gabon,2013,74.55299,83.170944,69.19209,1459.7,3072.7673,5685.65
Gabon,2014,74.44654,83.09969,69.18815,1667,2966.885,5567.63
Gabon,2015,74.756355,83.14456,69.487,1489.1,2950.801,5512.15
Gabon,2016,75.34745,84.17838,70.050354,1772,3111.1907,5720.1797
Gabon,2017,74.24676,83.543,69.06927,2164.3003,2838.1836,5555.95
Gabon,2018,73.93238,83.44412,68.67081,2705.7,2972.4268,5634.66
Gabon,2019,74.19188,83.59675,69.08209,3350.9,2844.7686,5502.8296
Gabon,2020,74.36528,83.52229,69.21204,2765.1,2918.4573,5491.2295
The Gambia,1995,82.744514,94.70251,72.05554,215.5,3979.2979,8471.17
The Gambia,1996,83.64687,95.99387,72.662,194.4,4000.4495,8510.74
The Gambia,1997,83.4641,95.27235,72.7933,191.70001,3956.3455,8326.939
The Gambia,1998,83.28262,95.171745,72.43799,323.2,3927.0786,8398.04
The Gambia,1999,82.88072,94.75404,72.25083,394.49997,3931.4536,8381.87
The Gambia,2000,82.56709,94.8042,71.62995,206,4034.1968,8635.49
The Gambia,2001,83.078186,95.302925,72.038536,210.8,4003.464,8582.34
The Gambia,2002,83.80124,95.900116,72.82339,170.1,4033.4412,8631.96
The Gambia,2003,83.61032,95.504364,72.837685,280.90002,3981.921,8428.391
The Gambia,2004,83.92868,96.01748,72.825775,161.50002,4022.5928,8630.49
The Gambia,2005,84.48519,96.472176,73.79391,252.1,3984.774,8469.13
The Gambia,2006,84.70021,96.81048,73.639305,135.7,4043.418,8598.75
The Gambia,2007,84.27086,96.3839,73.29434,201.30002,4022.1914,8617.681
The Gambia,2008,83.33026,95.28519,72.665436,174.8,4031.0193,8548.58
The Gambia,2009,85.1529,97.37045,74.168205,160.00002,3981.6692,8502.29
The Gambia,2010,84.84029,96.674126,74.22517,388.3,3968.7083,8434.7
The Gambia,2011,83.90604,95.94451,73.22382,174.3,4008.0962,8541.621
The Gambia,2012,84.002716,96.03126,73.24626,158.2,3994.2112,8439.9
The Gambia,2013,84.92536,97.001816,73.88834,191.59999,3980.6123,8451.74
The Gambia,2014,84.66733,96.55405,73.74829,168.30002,3989.0024,8364.82
The Gambia,2015,83.73139,95.53248,72.95259,167.20001,4025.5754,8622.84
The Gambia,2016,84.389015,96.03403,73.93681,253.40001,3999.5576,8472.41
The Gambia,2017,83.89374,95.85571,74.00199,233.60002,3913.7014,8323.31
The Gambia,2018,83.37404,95.171715,73.38481,258.9,3768.3328,8038.95
The Gambia,2019,83.47435,95.0388,73.66985,227,3677.334,7773.59
The Gambia,2020,83.85935,95.1404,74.02703,248.3,3661.5745,7807.9
Georgia,1995,50.073715,58.947163,42.168938,1488.8999,3142.3594,5071.92
Georgia,1996,51.25709,59.956776,43.742264,1220.9,3197.0017,5173.8604
Georgia,1997,49.343174,58.11792,41.72979,1375.3999,3052.3862,5053.11
Georgia,1998,52.094242,61.00976,44.244858,1206.7,3173.7627,5188.56
Georgia,1999,51.101788,60.48653,42.66801,1492.1001,3160.9414,5165.21
Georgia,2000,50.390747,59.670547,42.04407,1026.7,3189.8872,5256.8506
Georgia,2001,51.317245,60.76294,42.82828,1284.3999,3156.0698,5085.18
Georgia,2002,50.296585,59.48297,42.182503,1406.7,3152.0789,5116.3896
Georgia,2003,49.539005,58.056282,41.80919,1275.9,3130.2656,5111.41
Georgia,2004,50.147156,59.436447,41.69661,1398.5,3170.1016,5138.1504
Georgia,2005,51.511677,60.21357,44.03083,1426.7,3005.0688,4905.21
Georgia,2006,51.992893,61.10075,44.006912,1527.1001,3035.09,5021.39
Georgia,2007,51.14407,60.219734,43.18015,1496.9,3128.2344,5179.91
Georgia,2008,51.28596,60.44415,43.350296,1260.3999,3171.7622,5028.18
Georgia,2009,51.736687,60.531902,44.178284,1304.3,3173.2466,5111.54
Georgia,2010,55.399834,65.168015,46.83513,1189.9,3206.3535,5239.66
Georgia,2011,49.9329,57.987484,43.034668,1525,2949.91,4764.9697
Georgia,2012,52.227215,61.169804,44.296284,1114.5,3227.2727,5284.59
Georgia,2013,51.406555,60.321083,43.578613,1372.3,3150.2256,5024.13
Georgia,2014,53.675053,62.80335,45.90135,1246.3999,3277.15,5256.6797
Georgia,2015,53.84099,62.888668,46.201187,1105.3,3129.5818,5066.07
Georgia,2016,51.90248,60.6675,44.03464,1558.5,3110.331,5091.1396
Georgia,2017,54.108833,62.881813,46.629467,1351.3999,3107.594,5302.62
Georgia,2018,56.72805,65.15006,49.821205,1212.3,3079.8347,5253.4897
Georgia,2019,55.129333,63.962063,47.794113,1190.7,3125.3809,5310.61
Georgia,2020,55.089245,63.766644,47.997963,1189.2,3137.9824,5382.7803
Germany,1995,48.20104,54.641438,41.606476,557,2677.5583,3938.27
Germany,1996,44.652668,50.97732,38.60257,548.7,2422.7278,3644.8599
Germany,1997,47.80388,54.483627,41.228477,541.1,2667.1377,3953.0503
Germany,1998,48.111435,54.152225,42.050804,735.1,2393.9795,3580.34
Germany,1999,49.236,55.502476,42.97053,590.89996,2642.935,3869.3801
Germany,2000,49.672115,55.951664,43.335438,606.7,2616.6338,3836.3804
Germany,2001,48.25239,54.428146,42.046368,660,2449.9175,3719.25
Germany,2002,48.781624,54.94546,42.49538,841.39996,2471.3657,3656.6401
Germany,2003,49.183113,56.521576,41.85379,420.3,2959.2583,4359.8896
Germany,2004,48.17915,54.400764,41.708546,580.60004,2754.7878,3943.6199
Germany,2005,48.62972,55.346638,41.727795,499.7,2746.8694,4040.3801
Germany,2006,49.54026,56.204723,42.924667,499.60004,2878.5225,4157.8496
Germany,2007,49.932102,56.15565,43.576122,814.19995,2709.0762,3981.1199
Germany,2008,49.215115,55.472157,42.750683,554,2657.3706,3923.83
Germany,2009,48.739944,55.112392,42.268776,677.80005,2543.1936,3874.37
Germany,2010,45.872334,52.21464,39.27486,700.6,2538.6191,3855.51
Germany,2011,49.726585,57.032722,42.71434,455.4,2883.8706,4199.0303
Germany,2012,48.70556,55.283306,42.08773,619.9,2754.686,4008.87
Germany,2013,47.6681,53.63689,41.50883,666.8,2421.794,3759.6
Germany,2014,50.73439,57.243294,44.20538,590.3,2753.4468,3976.08
Germany,2015,50.143093,56.908695,43.257057,512.6,2826.5056,4083.96
Germany,2016,49.597134,55.895947,43.22601,540.9,2709.6873,4022.9
Germany,2017,49.742786,56.2967,43.368652,712.1,2489.703,3802.3398
Germany,2018,51.657032,59.33401,44.113163,491,2812.5522,4362.08
Germany,2019,51.241974,58.614754,43.93908,605.30005,2715.4373,4222.92
Germany,2020,51.350636,58.638485,44.072254,585.7,2770.9517,4187.27
Ghana,1995,79.622925,89.3739,71.838455,1370.3,3507.5386,6744.8096
Ghana,1996,79.66549,89.265724,72.10646,1351.7999,3516.9329,6674.7
Ghana,1997,79.66459,89.225464,71.95681,1197.3,3526.1758,6678.75
Ghana,1998,80.861115,90.671875,72.95001,1114.1,3546.9866,6791.56
Ghana,1999,79.13383,88.75303,71.70184,1487.7,3446.845,6688.1104
Ghana,2000,79.87422,89.86941,71.62524,1216.6,3584.6282,6973.7397
Ghana,2001,80.07024,90.025856,72.02067,878.8,3589.1277,6843.23
Ghana,2002,79.70488,89.33667,72.07122,1261.2001,3531.1123,6762
Ghana,2003,80.4304,90.191055,72.70615,1064.2999,3596.7483,6896.88
Ghana,2004,79.87754,89.67515,72.14408,1164.8,3629.0906,6836.23
Ghana,2005,80.247055,89.90626,72.59445,1130.2,3582.4148,6807.8604
Ghana,2006,80.312096,90.01525,72.57818,1130.9,3470.2754,6701.77
Ghana,2007,79.954185,89.8382,72.0399,1243.7,3517.59,6865.68
Ghana,2008,80.03168,90.138916,71.797615,957.7999,3548.343,7001.38
Ghana,2009,80.4178,90.122505,72.63316,1018.80005,3630.5427,6851.88
Ghana,2010,80.61689,90.15875,72.96062,1150,3527.369,6719.89
Ghana,2011,79.81683,89.70259,71.98886,1148.8,3551.4712,6821.59
Ghana,2012,79.54172,89.25908,71.82024,1157.8,3479.3362,6646.87
Ghana,2013,80.37041,90.230515,72.62034,1089.2,3607.385,6834.5195
Ghana,2014,80.20781,89.84166,72.84694,1108.3999,3533.6094,6770.4805
Ghana,2015,80.50297,90.43195,72.71355,1043,3615.47,6879.9004
Ghana,2016,80.722176,90.382835,73.000046,1311.8,3525.7466,6800.23
Ghana,2017,81.65389,92.05905,73.29393,907.5,3614.8323,7055.45
Ghana,2018,80.288445,90.57172,72.09016,1255,3380.4878,6682.6504
Ghana,2019,80.99865,91.34226,72.959335,1448.5,3328.9028,6545.16
Ghana,2020,80.91836,91.46033,72.088936,974.2999,3455.6072,6767.74
Greece,1995,52.814037,60.595573,45.783054,1034,3421.4512,5801.34
Greece,1996,52.70424,60.3615,45.831177,1143.4,3251.5671,5581.6104
Greece,1997,52.596695,60.8064,45.268696,939.4,3447.4675,5906.43
Greece,1998,53.94353,62.17193,46.5642,952.30005,3462.2434,6017.23
Greece,1999,54.761375,63.012756,47.330566,1089.2001,3470.071,5849.71
Greece,2000,53.814198,62.267235,46.29175,666,3568.1868,6118.9
Greece,2001,53.76949,61.96432,46.379528,920.80005,3489.3062,6027.29
Greece,2002,53.429077,61.54884,46.238483,1021.60004,3376.6982,5741.94
Greece,2003,53.250652,60.793575,46.248833,1210.5,3300.9946,5837.16
Greece,2004,53.16475,61.1415,45.927322,1008.5,3391.3875,5796.08
Greece,2005,52.53627,60.52802,45.161934,1099.5,3462.0488,5847.9404
Greece,2006,52.801567,60.67103,45.799824,967.7,3449.889,5811.02
Greece,2007,54.437935,62.606155,47.085712,866.69995,3486.2883,5945.7397
Greece,2008,54.40672,62.54511,47.084538,734.9,3527.5088,5972.7705
Greece,2009,53.874027,61.60259,46.780205,1270.2999,3394.5754,5768.16
Greece,2010,54.687496,62.223717,47.764286,1451.7999,3352.293,5678.07
Greece,2011,52.686687,60.67843,45.439583,841.50006,3494.4375,5969.42
Greece,2012,54.661922,62.740604,47.278057,1103.1001,3431.9875,6029.1504
Greece,2013,54.96723,63.13407,47.561607,983.4,3478.125,5916.2
Greece,2014,54.394585,62.404697,47.14193,971.8,3380.5557,5717.58
Greece,2015,54.10593,62.35292,46.837414,1086.3,3494.6016,5857.65
Greece,2016,54.70874,62.5619,47.616737,1190,3416.8987,5771.29
Greece,2017,53.492657,61.63305,46.23934,1007.60004,3474.659,5993.12
Greece,2018,54.016094,61.664356,47.346714,1333.9,3333.3503,5619.2803
Greece,2019,54.200943,62.58408,47.08263,1047.4,3438.7295,5925.75
Greece,2020,54.169106,62.44277,47.090878,1021.10004,3483.7922,5911.1494
Grenada,1995,79.99639,80.76422,79.08899,111.1,4029.7266,7971.66
Grenada,1996,79.71235,80.484184,78.822624,391.2,3943.9766,7916.11
Grenada,1997,80.27962,81.18808,79.222626,417.8,3991.936,7783.3
Grenada,1998,80.485245,81.22778,79.60828,161.3,3933.4673,7784.5303
Grenada,1999,79.55241,80.36575,78.63751,313.8,3974.139,7859.67
Grenada,2000,79.82161,80.61574,78.94557,243,3967.61,7854.74
Grenada,2001,79.77619,80.58717,78.85178,134.20001,4016.2283,7961.63
Grenada,2002,80.22322,81.04211,79.250984,349.69998,3987.919,7863.3896
Grenada,2003,80.19408,81.03471,79.21696,317.19998,3973.607,7888.02
Grenada,2004,79.878456,80.686806,78.91115,305.6,3955.04,7753.83
Grenada,2005,80.13164,80.93534,79.2209,260,3923.7231,7744.42
Grenada,2006,80.02601,80.83104,79.076416,449.40002,3942.2295,7702.43
Grenada,2007,80.00223,80.8091,79.06359,431.90002,3859.3923,7604.6
Grenada,2008,79.37588,80.2309,78.437294,646.1001,3894.3977,7692.08
Grenada,2009,80.25318,81.0611,79.33901,187.9,4004.94,7888.4795
Grenada,2010,80.28888,81.13433,79.30844,495,3924.121,7573.1304
Grenada,2011,79.879234,80.69394,78.937096,459,3950.7275,7730.02
Grenada,2012,79.85333,80.72172,78.875984,232.79999,4000.81,7957.54
Grenada,2013,79.62865,80.43899,78.73934,257.59998,3961.7559,7726.74
Grenada,2014,79.73886,80.53835,78.847595,678.80005,3889.2979,7722.91
Grenada,2015,80.45252,81.34046,79.42655,391.2,3936.5671,7708.4697
Grenada,2016,80.24597,80.98533,79.38918,115.600006,3999.6309,7853.4307
Grenada,2017,80.130264,80.88874,79.25296,218.29999,3924.149,7858.29
Grenada,2018,79.905106,80.74671,78.943504,469.30002,3853.22,7716.3003
Grenada,2019,80.40253,81.2628,79.43345,543.5,3838.4666,7728.3604
Grenada,2020,80.429405,81.180084,79.54778,319.2,3853.8716,7648.3604
Guatemala,1995,80.525085,81.60332,79.28107,2001.9001,3529.601,7023.02
Guatemala,1996,80.457184,81.52877,79.18754,2021.5,3588.121,7038.0005
Guatemala,1997,80.58576,81.539696,79.43887,1779.1001,3637.0188,7224.9
Guatemala,1998,81.33106,82.45647,80.06887,2205,3518.2178,6989.25
Guatemala,1999,80.66925,81.77641,79.42187,2315.2,3469.1987,6766.9297
Guatemala,2000,80.38825,81.48205,79.11844,2084.2,3508.7827,6926.33
Guatemala,2001,80.62269,81.753235,79.29167,2167.2,3490.4475,6926.87
Guatemala,2002,80.70939,81.81685,79.45934,1966.7999,3522.7278,6979.91
Guatemala,2003,80.728424,81.76186,79.53973,1987.2,3551.2073,6936.9697
Guatemala,2004,80.56116,81.63451,79.32746,2324.1,3418.7683,6779.5
Guatemala,2005,80.96099,82.140114,79.595695,2447.1,3383.6016,6705.15
Guatemala,2006,80.71655,81.75964,79.496574,1931.7,3507.071,6956.25
Guatemala,2007,80.33548,81.37351,79.08011,2447.1,3459.2104,6845.21
Guatemala,2008,80.50005,81.514015,79.29942,2097.1,3498.646,6904.5503
Guatemala,2009,80.92579,81.949265,79.78433,1832.3,3460.2668,6877.35
Guatemala,2010,81.29591,82.366714,80.046936,2087.5999,3513.765,6911.3
Guatemala,2011,80.47916,81.544876,79.29734,2286.1,3373.8977,6668.02
Guatemala,2012,80.67164,81.68787,79.50327,2027.8999,3516.9177,7013.34
Guatemala,2013,80.30815,81.35526,79.16173,2319.8,3503.9182,6895.75
Guatemala,2014,80.73227,81.783066,79.5094,2225,3551.735,6984.0303
Guatemala,2015,81.0545,82.114716,79.86224,1896.2,3598.342,6946.7
Guatemala,2016,81.22483,82.25271,80.01991,1924.5,3544.2395,6933.14
Guatemala,2017,81.343056,82.39236,80.06394,2087.9,3573.7427,7051.78
Guatemala,2018,80.80753,81.86568,79.57917,2317.4001,3395.9026,6916.14
Guatemala,2019,81.187416,82.26562,79.96975,1957.1001,3537.2166,7086.5195
Guatemala,2020,81.14381,82.24828,79.898445,1797.1001,3524.5479,7065.27
Guinea,1995,76.38028,87.54161,65.95616,942.2001,3794.9846,7959.8
Guinea,1996,76.62418,88.02963,65.79816,1092.5,3791.825,8044.55
Guinea,1997,76.60464,87.49551,66.35561,847.89996,3827.5664,8031.2603
Guinea,1998,77.61566,88.9392,67.03789,1040.5001,3802.4597,8031.12
Guinea,1999,77.02481,87.96622,66.48531,1120.6,3689.5498,7749.3604
Guinea,2000,76.28669,87.761604,65.4025,934,3855.7654,8258.67
Guinea,2001,76.46926,88.097885,65.551285,1168.6,3849.5645,8191.8994
Guinea,2002,77.10791,88.25471,66.5398,725.60004,3868.8203,8154.95
Guinea,2003,77.638725,89.075066,66.59898,864.5,3846.0728,8157.35
Guinea,2004,77.8116,89.273895,66.796524,906.6,3879.117,8242.56
Guinea,2005,78.6375,90.18243,67.50244,874.1,3826.4934,8129.4395
Guinea,2006,78.397804,90.056435,67.14268,845.6,3912.0732,8281.439
Guinea,2007,77.72214,89.36084,66.67468,877.5,3844.268,8141.38
Guinea,2008,76.555374,87.99472,65.673485,965.19995,3779.982,8065.4893
Guinea,2009,78.09946,89.56723,67.23465,806.6,3850.5105,8137.3203
Guinea,2010,78.19085,89.53418,67.510574,1159.3999,3792.617,8013.08
Guinea,2011,76.74133,88.27518,65.817345,910.4,3850.587,8202.76
Guinea,2012,76.94872,88.135864,66.38193,1079.9,3745.1245,7938.131
Guinea,2013,77.51187,88.85685,66.911644,1036.4,3789.7593,7982.8594
Guinea,2014,77.33003,88.25175,66.97501,1173.1,3793.203,7962.8994
Guinea,2015,77.46041,88.67364,66.82534,938.8,3834,8144.63
Guinea,2016,77.968864,89.21746,67.40303,875.1,3836.3472,8097.1
Guinea,2017,78.39423,90.539276,67.90884,742,3826.4863,8063.71
Guinea,2018,78.51308,90.435715,68.14506,623.8,3699.4417,7650.8
Guinea,2019,78.262085,89.69032,68.43257,885.10004,3500.9395,7304.1196
Guinea,2020,78.62926,90.23702,68.27357,746.8,3591.3467,7469.7197
Guinea0Bissau,1995,83.45143,95.376495,72.7828,496.4,3862.3662,8062.66
Guinea0Bissau,1996,83.76309,95.79947,72.78012,586.5,3907.6594,8161.81
Guinea0Bissau,1997,83.59282,95.43321,72.988686,402.99997,3855.2312,7936.58
Guinea0Bissau,1998,84.111664,95.97913,73.33858,636.30005,3820.485,8048.5
Guinea0Bissau,1999,82.95045,94.636024,72.34858,776.39996,3824.1238,8032.0405
Guinea0Bissau,2000,82.74633,94.886925,71.7584,467,3917.9138,8273.93
Guinea0Bissau,2001,83.29559,95.41176,72.2931,433.2,3920.8567,8297.48
Guinea0Bissau,2002,83.70518,95.63861,72.92039,401.9,3963.674,8349.08
Guinea0Bissau,2003,83.22508,94.90308,72.67233,562.8,3882.688,8122.98
Guinea0Bissau,2004,83.63568,95.6293,72.54061,417.80002,3932.22,8319.29
Guinea0Bissau,2005,84.46856,96.38351,73.76737,532.30005,3897.9355,8189.84
Guinea0Bissau,2006,84.65197,96.60295,73.84208,345.6,3977.4038,8371
Guinea0Bissau,2007,84.320656,96.380554,73.336365,392.10004,3947.9111,8265.041
Guinea0Bissau,2008,83.20075,95.12005,72.48062,513.10004,3938.0962,8265.37
Guinea0Bissau,2009,85.03719,97.22433,74.1254,349.9,3921.312,8218.311
Guinea0Bissau,2010,84.814095,96.50137,74.16189,538.8,3861.825,8091.83
Guinea0Bissau,2011,83.807686,95.69877,73.11642,507.60004,3890.3604,8242.34
Guinea0Bissau,2012,83.42022,95.24003,72.786514,610.4,3922.467,8166.9194
Guinea0Bissau,2013,84.95605,96.868034,74.17078,455.00003,3899.3237,8117.31
Guinea0Bissau,2014,84.424515,96.3278,73.72423,417.7,3945.4473,8156.69
Guinea0Bissau,2015,84.43454,96.328766,73.7151,337.7,3959.357,8331.07
Guinea0Bissau,2016,84.58558,96.41844,73.91499,458.30002,3929.929,8210.58
Guinea0Bissau,2017,83.72606,95.69912,73.78524,406.49997,3831.4055,7997.95
Guinea0Bissau,2018,83.67687,95.36724,73.617805,526.7,3701.8,7742.4395
Guinea0Bissau,2019,83.41601,94.75228,73.840965,597.99994,3556.861,7431.7295
Guinea0Bissau,2020,84.4207,95.91986,74.28174,485.19995,3622.0225,7585.02
Guyana,1995,80.45283,81.51454,79.22016,973.4,3963.7847,7835.05
Guyana,1996,80.18798,81.24893,78.89836,1005.69995,3995.0122,7963.21
Guyana,1997,80.65457,81.88515,79.16765,1591.7001,3844.8591,7593.33
Guyana,1998,81.57122,82.58912,80.35318,776.80005,4000.076,7893.33
Guyana,1999,80.22922,81.29732,78.9477,824.4,3997.6433,7958.21
Guyana,2000,80.53188,81.575485,79.26352,609.1,4035.1292,8061.64
Guyana,2001,80.553734,81.71871,79.12203,919.50006,4014.045,7827.17
Guyana,2002,80.61508,81.75989,79.23175,1154.2,3938.433,7733.7397
Guyana,2003,80.880684,81.9315,79.48154,1012.7,3848.444,7603.9897
Guyana,2004,80.56564,81.62542,79.30115,1223.8999,3920.1616,7666.17
Guyana,2005,80.739876,81.77444,79.46107,788.9,4010.5337,7926.6997
Guyana,2006,80.76956,81.81019,79.48992,1069.1,3950.3333,7794.83
Guyana,2007,80.996254,82.10756,79.64402,923.2001,3975.5027,7785.6797
Guyana,2008,80.36832,81.46656,79.0523,1018.7,3970.2761,7746.56
Guyana,2009,81.08479,82.16255,79.732544,983.5,3995.1636,7942.77
Guyana,2010,81.13144,82.16821,79.858055,1158.1,3911.1497,7711.95
Guyana,2011,80.758255,81.82005,79.497314,971.89996,3956.7783,7873.7
Guyana,2012,81.21991,82.411804,79.79762,843.7001,3977.4338,7822.54
Guyana,2013,80.75069,81.87578,79.36935,1080.1,3935.6367,7708.21
Guyana,2014,80.68801,81.79121,79.3548,1787.5,3822.604,7486.7803
Guyana,2015,81.29793,82.4466,79.88,1048.6,3976.2717,7816.3203
Guyana,2016,81.29521,82.25074,80.052376,701.89996,4050.0662,7993.41
Guyana,2017,81.58125,82.623886,80.13225,783,3966.4436,7769.15
Guyana,2018,80.89711,82.02594,79.501015,1199.4,3875.9194,7615.99
Guyana,2019,81.49618,82.61501,80.01882,1321.1001,3693.5334,7418.0103
Guyana,2020,81.59756,82.73517,80.15812,1005.1,3814.9373,7528.3804
Haiti,1995,80.00915,81.08995,78.992325,924.19995,3822.7905,7500.16
Haiti,1996,79.867294,80.93664,78.84745,918.5,3689.7573,7269.7
Haiti,1997,80.17733,81.27364,79.12894,1136.2,3737.3298,7346.9604
Haiti,1998,80.83241,81.97072,79.70567,1165.6,3687.3293,7215.6997
Haiti,1999,80.14504,81.292625,79.0409,976.2001,3679.5955,7250.0303
Haiti,2000,80.43702,81.580414,79.27853,1092.6,3656.409,7260.9497
Haiti,2001,80.20688,81.31285,79.13386,1148.3,3708.1494,7290.25
Haiti,2002,81.07319,82.16082,80.02942,823.1001,3734.1333,7358.88
Haiti,2003,80.88939,82.03162,79.866196,1415.1,3675.9578,7243.92
Haiti,2004,80.950455,82.12705,79.77771,1440.5,3662.3928,7190
Haiti,2005,80.236824,81.34466,79.195015,1590.2,3596.49,7195.1504
Haiti,2006,80.81878,81.929535,79.73033,1584.7,3652.7754,7185.51
Haiti,2007,81.01599,82.15342,79.99145,1803.6,3628.31,7130.45
Haiti,2008,80.36111,81.48353,79.320816,1202.7,3667.1133,7259.77
Haiti,2009,81.120056,82.187454,80.11967,1114.7001,3677.4138,7239.83
Haiti,2010,81.083725,82.23627,79.93054,1722.6,3551.3076,6929.59
Haiti,2011,80.6817,81.78997,79.67928,1571.3,3567.3552,7108.1797
Haiti,2012,79.73709,80.86262,78.725006,1343.9,3696.8987,7307.75
Haiti,2013,80.198845,81.28449,79.15877,1359.8,3527.0107,6997.89
Haiti,2014,80.81604,81.94211,79.758446,1172.8,3707.4429,7295.17
Haiti,2015,81.3474,82.44019,80.33493,824.4,3740.6016,7321.7
Haiti,2016,80.5548,81.57254,79.62377,1994.6001,3547.5366,7048.16
Haiti,2017,81.0387,82.25329,79.871124,1269.9,3668.699,7275.6895
Haiti,2018,81.2576,82.45425,80.15986,729.2999,3580.0808,7104.14
Haiti,2019,80.578995,81.78233,79.447014,1616,3468.3877,6851.0303
Haiti,2020,80.94098,82.20844,79.78188,2395.1997,3464.4194,6843.93
Vatican City,1995,58.6884,66.52101,50.792946,711.4,3545.7185,5642.25
Vatican City,1996,58.477997,66.10065,50.927284,1086,3494.1167,5566.51
Vatican City,1997,60.08535,68.15728,52.149605,835.2001,3562.992,5766.87
Vatican City,1998,59.33203,67.42002,51.43503,801.8,3582.2856,5802.21
Vatican City,1999,59.583454,67.62319,51.573364,877.4,3590.2354,5767.21
Vatican City,2000,60.390774,68.535805,52.401703,788.5,3581.7817,5749.74
Vatican City,2001,60.451473,68.481766,52.46079,581.3,3553.526,5764.14
Vatican City,2002,60.047417,67.80147,52.464733,858.30005,3449.2463,5547.69
Vatican City,2003,61.205254,69.75583,52.767776,681.9,3672.645,5933.37
Vatican City,2004,59.813396,67.501785,52.41892,979.9,3438.4883,5544.5996
Vatican City,2005,58.818146,66.96163,50.820324,986.4,3543.1008,5693.3203
Vatican City,2006,59.997227,68.40558,51.78369,550.1,3601.4595,5796.8496
Vatican City,2007,60.295464,68.5915,52.235664,614.80005,3593.81,5730.49
Vatican City,2008,60.238037,68.104256,52.400723,1031.7001,3513.8052,5648.29
Vatican City,2009,60.642445,68.71281,52.55522,846.6,3501.0186,5725.9004
Vatican City,2010,59.480244,66.86745,51.97133,1173.1,3420.1707,5458.16
Vatican City,2011,60.269196,69.045685,51.768402,682.3,3673.4106,5926.31
Vatican City,2012,60.526447,68.86408,52.28564,922.89996,3618.853,5892.2197
Vatican City,2013,60.153927,68.02956,52.501713,1018.5,3541.2644,5640.95
Vatican City,2014,61.00607,68.49657,53.45695,1038.3,3545.3865,5609
Vatican City,2015,61.155876,69.27352,53.400234,778,3598.0889,5770.88
Vatican City,2016,61.057186,68.905014,53.479603,810.4,3565.6016,5673.7295
Vatican City,2017,60.96217,71.151436,52.530556,684.6,3571.2417,5948.9
Vatican City,2018,61.532543,70.64915,53.882523,1356.3,3314.6943,5456.88
Vatican City,2019,61.415432,70.99757,53.462852,1080.8,3474.66,5709.44
Vatican City,2020,61.324623,71.214264,53.070408,1045.3999,3578.7961,5855.29
Honduras,1995,81.04289,82.06096,79.83315,1682,3558.0027,7038.48
Honduras,1996,80.79376,81.78524,79.605576,1619.8999,3570.0254,7024.83
Honduras,1997,81.22172,82.16797,80.0383,1414.6001,3617.6367,7206.18
Honduras,1998,81.76212,82.81794,80.47326,1808.2001,3472.2444,6959.81
Honduras,1999,81.164925,82.128525,79.913284,1451.1001,3522.2517,6920.79
Honduras,2000,81.03325,82.04394,79.76664,1426,3616.5117,7077.52
Honduras,2001,81.373886,82.46091,80.05432,1776.6,3548.5247,6945.8496
Honduras,2002,81.33622,82.402954,80.062225,1951,3538.4373,6996.99
Honduras,2003,81.27532,82.2343,80.05433,1990.2,3457.9521,6875.59
Honduras,2004,80.99298,82.032875,79.69901,1844.7,3541.6453,6935.25
Honduras,2005,81.591034,82.71957,80.189445,2465.4,3340.2495,6712.5205
Honduras,2006,81.32027,82.3751,79.98528,1842.1,3472.1545,6904.0996
Honduras,2007,80.91633,81.9071,79.67485,1714.6001,3633.4653,7084.88
Honduras,2008,81.05297,81.99746,79.87557,1663.2001,3467.8472,6907.83
Honduras,2009,81.46514,82.420715,80.325554,1420.9,3561.7454,7045.4297
Honduras,2010,81.56737,82.62167,80.26934,1957.2999,3479.6611,6915.3696
Honduras,2011,81.090294,82.097206,79.87679,1613.7001,3493.8726,6895.6396
Honduras,2012,81.13325,82.03459,79.98795,1156.9,3632.4924,7132.62
Honduras,2013,80.759254,81.76285,79.57917,2252.5,3398.5154,6791.8706
Honduras,2014,81.090126,82.040245,79.888145,1909.5001,3476.5925,6913.01
Honduras,2015,81.37529,82.40493,80.167755,1984.2,3501.8076,6859.7305
Honduras,2016,81.70251,82.70296,80.54271,1787.9001,3565.5188,7042.4004
Honduras,2017,81.6952,82.71364,80.46809,2037.7,3489.0269,7025.21
Honduras,2018,81.28725,82.284355,80.0383,1748.2,3384.0544,7030.8096
Honduras,2019,81.67548,82.775536,80.400024,1235.2999,3565.555,7183.2
Honduras,2020,81.552864,82.65525,80.26287,2595.1,3465.729,6953.41
Hungary,1995,51.558144,58.628574,44.537033,648.7,2977.391,4596.43
Hungary,1996,49.379307,56.23048,42.664078,699.8,2859.7183,4437.73
Hungary,1997,50.602417,57.912273,43.509556,477,3098.3442,4751.64
Hungary,1998,51.30227,58.55953,44.22364,768.1,3026.8271,4623.3604
Hungary,1999,51.805935,58.73657,45.08296,885.3,2941.2634,4552.24
Hungary,2000,54.112114,61.90293,46.35433,438.59998,3238.102,4946.64
Hungary,2001,51.635777,58.934074,44.56909,672.60004,2970.244,4597.6104
Hungary,2002,53.355446,60.64433,46.301285,631.2999,3056.1062,4724.5903
Hungary,2003,52.018364,60.03134,44.130432,407,3300.2664,5056.5303
Hungary,2004,51.65493,58.759083,44.793587,651.69995,3014.5854,4629.99
Hungary,2005,50.888783,58.194103,43.701393,762,3024.057,4675.25
Hungary,2006,52.58016,59.912243,45.408188,508.2,3023.9077,4647.75
Hungary,2007,54.729794,62.34101,47.159855,544.3,3149.1995,4879.5596
Hungary,2008,53.775047,61.28498,46.672768,572.1,3209.6992,4793.2803
Hungary,2009,53.942398,61.35791,46.604816,570.4,3066.2224,4870.31
Hungary,2010,51.092876,57.98057,44.25126,1033.1,2875.2217,4481.3
Hungary,2011,52.918385,60.811752,45.339886,396.1,3193.7183,4894.61
Hungary,2012,54.154415,62.093994,46.2717,477.7,3229.456,5019.1895
Hungary,2013,53.219685,60.254494,46.227066,725.3,2926.6829,4637.0703
Hungary,2014,54.642742,61.61509,47.865562,798.1,2874.7805,4516.59
Hungary,2015,54.34711,61.710022,47.340843,538.4,2916.8025,4667.7197
Hungary,2016,53.081913,60.223724,46.059544,709.6,3082.1772,4709.91
Hungary,2017,52.786858,61.04878,44.969112,690.5,3112.5737,4902.5303
Hungary,2018,54.757835,62.68136,47.37519,632,2984.0017,4771.18
Hungary,2019,54.79161,63.06922,47.137993,730.80005,3073.555,4835.3
Hungary,2020,53.56431,61.60527,46.17003,709.8,2927.638,4819.35
Iceland,1995,35.444332,40.801296,29.921408,545.7,2459.4744,3070.22
Iceland,1996,34.893833,40.564083,29.14441,622.39996,2488.823,3110.75
Iceland,1997,36.59283,41.988068,31.18042,530.6,2687.322,3301.27
Iceland,1998,34.305016,39.305077,29.380913,763.30005,2114.092,2748.74
Iceland,1999,35.34628,40.64743,30.16872,591.30005,2392.082,3014.1099
Iceland,2000,37.514645,42.588093,32.478344,866.1,2279.2236,2890.1
Iceland,2001,34.865078,39.95357,29.738447,701.2001,2232.4468,2845.61
Iceland,2002,36.51715,42.010994,30.817955,435.5,2658.4084,3264.21
Iceland,2003,36.796925,42.323162,31.278067,525.7,2522.1338,3059.9102
Iceland,2004,36.03617,41.261948,30.75654,628.7001,2417.0916,2945.71
Iceland,2005,37.107075,42.39689,31.701681,689.3,2440.4429,3010.7302
Iceland,2006,37.919758,43.449512,32.1756,580.1,2538.3455,3204.4
Iceland,2007,36.91347,42.260777,31.406528,573.5,2480.6409,3090.3
Iceland,2008,37.01532,42.022034,31.807278,619,2407.0642,3017.69
Iceland,2009,35.735714,40.83064,30.525763,648.3,2489.7888,3111.08
Iceland,2010,32.625916,37.954338,27.348146,537.4,2470.3987,3041.27
Iceland,2011,38.40741,43.57502,33.23439,671.7,2463.2896,2986.72
Iceland,2012,34.919163,39.590065,30.2458,817.4,2227.7522,2831.79
Iceland,2013,37.324635,42.72557,31.937654,591.7,2575.4673,3097.33
Iceland,2014,38.714123,43.788063,33.524616,470.2,2464.4302,3137.67
Iceland,2015,38.161182,43.279625,33.111103,669.2,2317.3723,2858.8499
Iceland,2016,36.969494,42.215767,31.62995,542.5,2359.6694,2946.65
Iceland,2017,35.831184,41.526398,30.319761,702,2263.5093,2928.48
Iceland,2018,36.772957,43.080776,30.482008,560.8,2599.4673,3307.08
Iceland,2019,35.87988,42.02297,29.83672,725.6,2371.4854,3040.75
Iceland,2020,38.928455,44.457542,33.306644,804.9,2445.129,3103.27
India,1995,80.61393,89.997215,71.92177,1082.6,3549.4436,6850.72
India,1996,81.69333,91.26298,72.86167,891.3,3642.0679,7065.09
India,1997,80.0853,89.14333,71.7319,1138.4999,3538.5742,6775.92
India,1998,80.493774,89.59112,72.115585,1125,3475.1233,6711.2295
India,1999,80.10509,89.84484,71.13741,1267.9001,3458.479,6832.2
India,2000,80.48905,90.6288,70.926414,1457.9001,3589.4084,7095.0703
India,2001,81.02127,90.71722,72.076126,1084,3485.1455,6826.6304
India,2002,82.18826,92.015686,72.9564,960.5,3577.1345,7020.95
India,2003,81.25729,90.68615,72.61785,1190.2001,3459.3516,6767.66
India,2004,81.18465,91.25191,71.78855,884.7999,3631.5027,7129.5
India,2005,80.65096,90.5143,71.568924,1256.3999,3505.7195,6952.58
India,2006,80.93642,90.6869,71.85692,1050.9,3568.4543,6899.1
India,2007,81.400955,91.230835,72.310616,1149.2999,3580.254,6988.6704
India,2008,81.501595,91.16733,72.43502,923.2999,3528.5845,6895.4097
India,2009,82.91274,92.908295,73.58492,1261.5001,3578.931,7095.39
India,2010,82.66962,92.19741,73.939735,1507.2,3395.4695,6633.09
India,2011,81.0006,90.930016,71.77703,824,3507.349,6941.31
India,2012,81.38999,91.09232,72.20388,1289.9999,3421.8823,6821.1406
India,2013,80.40225,89.39558,72.09017,1941.1,3248.3884,6366.2197
India,2014,81.852844,91.19459,72.94358,897,3567.9897,6873.7803
India,2015,81.55948,90.8479,72.98352,1181.4,3595.3118,6841.08
India,2016,81.62475,91.11727,72.85638,1504.4,3407.2327,6682.06
India,2017,81.98619,92.33431,72.84784,903.89996,3550.687,6952.54
India,2018,81.110435,91.36527,71.96522,1098.8,3445.6233,6679.22
India,2019,82.21509,91.77878,73.552666,1590.9,3403.4482,6541.24
India,2020,80.696365,90.42117,72.236015,1295.6,3417.1116,6545.4097
Indonesia,1995,69.6612,77.38916,64.87941,4361.8,2836.825,5628.83
Indonesia,1996,69.6556,77.56467,64.58918,4110.1,2988.982,5902.1797
Indonesia,1997,69.88009,78.21395,64.32042,2972,3273.3147,6272.2197
Indonesia,1998,70.66053,78.79341,65.61469,4028.1997,3229.8623,6094.93
Indonesia,1999,69.52287,77.4222,64.43705,3792.5,2972.4675,5950.7
Indonesia,2000,69.62555,77.69057,64.41311,3955.2998,3045.2322,6016.87
Indonesia,2001,69.697014,77.53563,64.54703,3866.6997,2933.3127,5882.6
Indonesia,2002,69.976906,78.1528,64.4585,3564.4001,3254.3313,6186.69
Indonesia,2003,69.96587,77.90302,64.80198,3855.4,3104.5479,5985.4697
Indonesia,2004,70.02458,78.07245,64.696144,3859.2,3172.1145,6099.1104
Indonesia,2005,69.96906,77.93558,64.87398,3938.8,3067.6345,5857.42
Indonesia,2006,69.806,77.79058,64.64393,4059,3026.2678,5858.06
Indonesia,2007,69.8657,77.78738,64.95313,4149.5,2986.6519,5854.67
Indonesia,2008,69.581276,77.44441,64.66958,4030.9004,2906.5852,5780.02
Indonesia,2009,70.14816,78.0993,64.8836,3597.6,3059.9182,6022.2305
Indonesia,2010,70.3477,78.18116,65.46921,4464.8,3018.1438,5847.12
Indonesia,2011,69.95127,77.88255,64.88582,4010.6,3000.96,5909.3496
Indonesia,2012,69.84781,77.633514,64.75983,3915.0999,2952.3662,5814.63
Indonesia,2013,70.08805,77.92226,65.15212,3939.2002,2854.5605,5719.16
Indonesia,2014,70.13214,78.00929,64.9408,3168.2998,3110.755,5962.39
Indonesia,2015,70.28136,78.171295,65.11809,3759.4,3149.8574,5993.0703
Indonesia,2016,70.837875,78.598724,65.893684,4324,3052.2705,5816.0303
Indonesia,2017,69.722404,76.82879,65.10212,3947.2998,2852.1648,5637.93
Indonesia,2018,69.60164,76.994736,64.777664,3706.4,2992.879,5884.01
Indonesia,2019,70.08865,77.67257,64.995636,3870.8,3202.0396,6244.2
Indonesia,2020,69.95229,77.178986,65.3612,4297.6,2942.3503,5809.5
Iran,1995,67.53994,78.58594,54.37446,102.100006,3914.7246,7671.9707
Iran,1996,66.30501,77.19179,53.980392,114.299995,3918.5017,7628.25
Iran,1997,67.75515,78.869,54.53226,56.399998,3928.6995,7685.94
Iran,1998,68.871994,80.36571,55.449768,57.2,3974.323,7759.2705
Iran,1999,68.30241,79.38805,55.484783,112.50001,3949.1829,7718.51
Iran,2000,68.22554,79.45482,54.63867,61.100002,3971.6733,7858.29
Iran,2001,69.378265,80.89215,55.657883,87.299995,3945.9077,7796.6704
Iran,2002,68.929245,80.36892,55.36396,85.00001,3962.0466,7749.3896
Iran,2003,68.523926,80.0136,55.32131,75.1,3923.0159,7699.37
Iran,2004,68.3293,79.59129,55.298183,147.5,3913.65,7678.08
Iran,2005,68.623535,79.656075,55.70991,46.500008,3957.6714,7754.3203
Iran,2006,68.74997,79.62303,55.824814,83.8,3920.418,7704.98
Iran,2007,67.94877,79.06577,55.13292,111.899994,3916.5942,7624.6797
Iran,2008,67.78733,78.54006,54.89564,71.3,3970.1807,7750.63
Iran,2009,68.29135,79.51134,55.131935,103,3890.024,7572.74
Iran,2010,70.57663,81.97535,56.94155,31.699997,3979.8694,7779.66
Iran,2011,68.15733,79.211494,54.93492,62.300003,3935.9292,7654.33
Iran,2012,67.10501,78.04728,54.166294,104.4,3951.829,7722.2397
Iran,2013,68.54247,79.8304,55.229336,99.2,3940.371,7740.74
Iran,2014,67.62249,78.59555,54.5764,75.3,3933.8132,7723.29
Iran,2015,69.23773,80.26141,55.737526,63.5,3937.719,7653.29
Iran,2016,69.70562,81.03342,55.838333,22.7,4000.9211,7834.04
Iran,2017,70.29194,80.29626,59.054287,79.7,3891.2021,7631.8
Iran,2018,70.48908,80.096535,59.804367,95.2,3727.9963,7252.0903
Iran,2019,69.69867,79.19702,59.19927,76.2,3743.7986,7244.52
Iran,2020,68.13635,77.362175,57.82529,119.700005,3771.309,7248.4204
Iraq,1995,74.52877,85.17847,63.49635,102.09999,3902.8005,7423.44
Iraq,1996,75.85951,86.32746,64.95738,134.09999,3854.2834,7253.7
Iraq,1997,73.62082,83.92709,62.51942,140.90001,3895.7354,7389.5596
Iraq,1998,76.432,87.34487,65.07863,75.2,3885.5518,7391.3
Iraq,1999,76.8031,87.655556,65.04312,60.600002,3943.2178,7503.26
Iraq,2000,75.45574,86.20623,63.80066,102.6,3957.0623,7519.16
Iraq,2001,75.8752,86.636215,64.82292,111.6,3875.9473,7424.19
Iraq,2002,75.533966,86.060715,64.42496,94,3881.4666,7373.7896
Iraq,2003,75.36012,86.025696,63.875584,84.00001,3907.0623,7439.87
Iraq,2004,75.39234,86.191475,63.803364,71.899994,3897.9932,7436.38
Iraq,2005,75.317276,86.338104,64.0033,92.399994,3932.2795,7467.9697
Iraq,2006,75.764984,86.40197,64.79211,131.9,3916.5369,7398.3604
Iraq,2007,75.75046,86.59183,64.23904,66.100006,3907.0947,7407.57
Iraq,2008,75.691826,86.70566,63.665665,64.40001,3961.5625,7511.08
Iraq,2009,75.64707,86.2952,63.934513,55.199997,3917.7686,7416.45
Iraq,2010,78.68505,90.04363,66.70972,71.5,3949.8188,7456.38
Iraq,2011,74.61916,85.25317,63.264572,72,3925.4167,7461.63
Iraq,2012,76.0295,86.67271,64.29812,128.30002,3930.2864,7455.02
Iraq,2013,74.41261,84.64881,64.17049,166.4,3894.1565,7385.71
Iraq,2014,75.945625,86.1724,65.5735,109.9,3906.4739,7331.6196
Iraq,2015,75.87301,86.22912,64.98911,183,3905.0342,7389.62
Iraq,2016,75.90337,86.48263,65.173035,141.8,3958.5266,7469.96
Iraq,2017,76.09191,86.77109,65.4051,80.4,3847.651,7300.18
Iraq,2018,76.14885,85.921394,66.65819,302.80002,3621.7642,6835.9297
Iraq,2019,75.1865,85.32222,65.40485,161.3,3690.9456,6940.46
Iraq,2020,75.92317,86.39386,65.65919,132.40001,3719.3567,7002.03
Republic of Ireland,1995,49.02899,54.838036,43.4354,752,2867.6921,3940.68
Republic of Ireland,1996,45.87544,51.653732,40.448727,554.3,2693.7783,3770.37
Republic of Ireland,1997,48.890602,54.645702,43.244797,629.1,2763.9116,3849.72
Republic of Ireland,1998,49.14631,54.4048,44.197067,1017.5,2525.7244,3490.24
Republic of Ireland,1999,50.371944,56.24943,44.814987,712.69995,2882.167,3905.81
Republic of Ireland,2000,50.458435,55.798645,45.323483,705.19995,2670.9055,3664.6099
Republic of Ireland,2001,48.9326,54.361897,43.67507,933.4,2637.5188,3712.13
Republic of Ireland,2002,50.03615,55.5494,44.720055,867,2634.8577,3661.9897
Republic of Ireland,2003,49.372936,55.893867,43.27217,604.7,2976.9915,4135.84
Republic of Ireland,2004,49.59435,55.189056,44.376514,845.4,2817.5962,3878.1401
Republic of Ireland,2005,49.906925,55.694633,44.386932,704.3,2841.0632,3879.0103
Republic of Ireland,2006,50.8041,56.614853,45.281998,712.69995,2753.6968,3948.9
Republic of Ireland,2007,51.171783,56.607704,45.981045,944.30005,2726.1467,3741.33
Republic of Ireland,2008,50.247875,55.850037,44.836597,868.5,2807.3333,3885.2102
Republic of Ireland,2009,49.7714,55.39307,44.335648,758.80005,2836.0322,3980.14
Republic of Ireland,2010,46.696865,52.3062,41.171593,776.39996,2722.955,3899.84
Republic of Ireland,2011,50.11445,55.98732,44.655457,775.7001,2641.8943,3789.94
Republic of Ireland,2012,49.226025,54.833973,43.93512,834.4,2709.04,3752.49
Republic of Ireland,2013,48.728035,54.28989,43.32666,701.30005,2706.795,3797.33
Republic of Ireland,2014,51.947998,57.75773,46.561977,740.8,2911.6833,3963.46
Republic of Ireland,2015,50.463837,56.20233,45.030743,852.89996,2768.4678,3861.8198
Republic of Ireland,2016,50.09887,55.83258,44.696186,725,2858.0337,3859.5498
Republic of Ireland,2017,50.109364,55.57381,45.07488,902.2,2377.4563,3465.83
Republic of Ireland,2018,51.450344,57.731102,45.461014,540.9,2805.2644,4127.27
Republic of Ireland,2019,51.41725,57.240658,45.95811,787.8,2601.7344,3844.9302
Republic of Ireland,2020,51.67557,57.396027,46.13471,839.5,2722.8838,3922.04
Israel,1995,65.42881,76.75335,55.951267,35.4,3969.439,7543.67
Israel,1996,66.049706,77.19049,56.660904,77.700005,3969.0496,7437.8896
Israel,1997,64.94558,75.66792,55.772007,98.6,3961.3447,7480.99
Israel,1998,67.017334,78.27644,57.428253,58.4,3926.2021,7525.2803
Israel,1999,66.77423,78.166725,56.96568,30.600002,3984.93,7603.7305
Israel,2000,65.40865,76.54845,56.01049,66.8,3981.9907,7538.3203
Israel,2001,66.656075,78.0782,57.011044,53.100002,3946.8354,7568.1504
Israel,2002,66.328094,77.20656,57.16516,106.3,3931.4106,7443.5
Israel,2003,66.26246,77.4667,56.606422,59.799995,3977.6335,7563.16
Israel,2004,65.92203,77.12976,56.39287,102.899994,3951.2017,7584.91
Israel,2005,66.14948,77.59269,56.492996,49.900005,3979.8367,7567.9697
Israel,2006,65.82333,77.177704,56.10883,61.3,3974.325,7582.1997
Israel,2007,66.22277,77.453865,56.661896,63.099995,3978.2417,7573.33
Israel,2008,66.6597,78.02853,57.026554,61.900005,3998.203,7624.1
Israel,2009,66.944885,78.136635,57.202393,49.1,3953.8843,7573.84
Israel,2010,69.373,81.203545,59.646946,85.4,3989.5952,7604.31
Israel,2011,65.74277,76.65595,56.45379,57.499996,3961.4983,7528.91
Israel,2012,67.12559,78.20656,57.644264,63,3954.7083,7565.93
Israel,2013,66.82547,78.0496,57.31582,87.4,3972.0168,7610.3496
Israel,2014,67.10863,78.22023,57.673107,90,3966.0325,7565.5996
Israel,2015,66.81774,77.61587,57.73179,120.5,3960.09,7496.3496
Israel,2016,67.68853,78.8774,58.22708,76,3987.881,7583.92
Israel,2017,66.36435,77.635796,57.20974,79.4,3910.5664,7680.7695
Israel,2018,67.71126,78.516075,59.099,182.5,3796.8372,7421.29
Israel,2019,66.468475,77.47207,57.497498,145.1,3859.8894,7519.61
Israel,2020,66.573814,77.49318,58.24203,252.70001,3822.046,7436.3604
Italy,1995,58.61769,67.06793,50.11045,756.6,3586.127,5757.03
Italy,1996,58.41386,66.66278,50.237785,1156.7002,3494.0317,5646.14
Italy,1997,60.129826,68.84771,51.532948,864.7,3557.3867,5810.31
Italy,1998,59.343002,68.069275,50.833904,864.5,3591.706,5859.3496
Italy,1999,59.537426,68.22708,50.903194,887.1,3606.4094,5851.7397
Italy,2000,60.395454,69.23811,51.7127,783.3,3611.5027,5817.44
Italy,2001,60.498116,69.18453,51.835987,619.19995,3565.3606,5835.73
Italy,2002,60.05821,68.457634,51.86336,880.6,3455.6472,5632.12
Italy,2003,61.31185,70.55846,52.172314,736.4,3655.2234,5972.6196
Italy,2004,59.879673,68.21418,51.861465,1055.7,3455.553,5623.08
Italy,2005,58.838634,67.64221,50.223137,1049.9,3543.648,5769.2305
Italy,2006,59.987595,69.09256,51.12117,616.39996,3599.2205,5834.2
Italy,2007,60.349846,69.35147,51.616287,673.69995,3601.1863,5776.42
Italy,2008,60.335056,68.84983,51.846718,1146.5,3523.824,5733.5195
Italy,2009,60.706474,69.40892,51.99971,939.8,3492.62,5769.4097
Italy,2010,59.483448,67.50092,51.328777,1269.3,3424,5529.12
Italy,2011,60.297955,69.782974,51.068398,721.2,3656.1116,5968.44
Italy,2012,60.603264,69.64336,51.593685,1011.7,3623.9548,5939.01
Italy,2013,60.171383,68.71949,51.834263,1057.2,3551.565,5725.73
Italy,2014,60.9737,69.12807,52.778896,1069.6,3564.3516,5712.5303
Italy,2015,61.193695,69.99306,52.742397,830.30005,3584.6611,5828.87
Italy,2016,61.076614,69.57773,52.8392,776.9,3585.2957,5766.74
Italy,2017,61.145603,71.394714,52.46463,583.3,3641.2405,5967.8496
Italy,2018,61.692856,70.775566,53.811172,1130.7,3349.1423,5433.46
Italy,2019,61.586945,71.2115,53.407536,943.4,3524.5718,5703.5996
Italy,2020,61.408844,71.26965,53.004322,888.30005,3630.845,5858.93
Jamaica,1995,77.95651,87.000244,69.756744,948.30005,3464.9006,6793.67
Jamaica,1996,78.88395,88.03041,70.54362,884.30005,3562.013,6924.94
Jamaica,1997,78.664055,87.830215,70.276276,607,3605.8706,6907.27
Jamaica,1998,79.050514,88.158905,70.841675,1023.2001,3578.5386,6885
Jamaica,1999,77.77719,87.1048,69.07643,839.7,3472.9773,6956.5303
Jamaica,2000,78.21296,87.75427,69.18328,887.3,3571.5588,7089.93
Jamaica,2001,79.40085,88.917366,70.51472,686.00006,3499.5002,6829.5605
Jamaica,2002,79.3034,88.51989,70.64368,817.5,3584.301,6930.31
Jamaica,2003,79.456215,88.618034,70.99085,756.1,3503.07,6892.9297
Jamaica,2004,78.82852,88.64639,69.93353,775.6,3554.6968,6995.26
Jamaica,2005,78.653885,88.06668,70.1695,1051.9,3487.449,6880.2
Jamaica,2006,78.533875,87.74564,70.04203,971.7,3496.0325,6764.76
Jamaica,2007,79.383156,88.64169,70.77756,804.7001,3456.9934,6870.23
Jamaica,2008,79.10957,88.53673,70.35894,895.5,3511.63,6914.42
Jamaica,2009,80.4886,90.09155,71.470436,833.3,3539.05,6972.76
Jamaica,2010,80.149414,89.17283,71.94411,1088.2999,3321.0928,6485.46
Jamaica,2011,79.23141,88.942276,70.235344,665.8,3548.3943,6911.6304
Jamaica,2012,79.94715,89.59804,71.043526,703.39996,3512.713,6930.12
Jamaica,2013,78.64657,87.46331,70.62123,1028.8,3310.3877,6482.46
Jamaica,2014,79.32727,88.54011,70.769424,790.5001,3493.5723,6749.31
Jamaica,2015,79.94143,89.288216,71.25,656.69995,3612.297,6931.67
Jamaica,2016,79.41861,88.509155,71.18247,1014.7999,3361.3313,6669.34
Jamaica,2017,78.53677,88.122795,69.95537,907.4,3486.84,6924.6396
Jamaica,2018,78.30378,88.04364,69.744545,779.7001,3487.7444,6694.63
Jamaica,2019,79.58031,88.911835,71.37786,962.10004,3467.4644,6562.72
Jamaica,2020,78.80564,88.14609,70.701096,1205.6,3313.2578,6423.8
Japan,1995,47.200935,55.77897,39.48306,1196.2,3095.534,5577.19
Japan,1996,46.984776,55.47947,39.27652,1242.8,3146.1875,5608.85
Japan,1997,48.238697,56.9793,40.342125,1197.5999,3150.4019,5625.55
Japan,1998,49.54988,57.53385,42.509274,1554.5,2887.95,5254.3
Japan,1999,49.06051,57.539276,41.627525,1280,3077.5183,5501.26
Japan,2000,49.02278,57.42234,41.33447,1153.2,3204.6245,5660.64
Japan,2001,48.102303,56.552975,40.131554,1170,3159.2722,5668.3604
Japan,2002,48.44236,57.219467,40.22377,1095.3,3136.82,5596.58
Japan,2003,47.699234,55.704014,40.163853,1465,2909.2134,5265.01
Japan,2004,50.684532,59.260216,42.71103,1396.2,3218.9978,5694.82
Japan,2005,49.56099,57.705715,42.286125,828.89996,3260.861,5725.51
Japan,2006,49.928146,58.1779,42.719357,1335.7,2984.4917,5344.26
Japan,2007,50.57488,58.96892,43.189083,1144,3176.9998,5600.37
Japan,2008,49.763725,58.017174,42.45701,1177.2,3127.51,5607.63
Japan,2009,50.186096,58.28837,42.902317,1336.6001,3064.6777,5471.5195
Japan,2010,50.122383,58.234615,42.81133,1493,3040.404,5397.54
Japan,2011,49.434753,57.577248,42.010204,1234.9,3172.4094,5578.41
Japan,2012,48.823498,56.679222,41.610126,1243,3138.022,5535.88
Japan,2013,49.86186,58.35396,41.950535,1132.1001,3253.304,5776.97
Japan,2014,48.712093,57.04119,40.89914,1103.5,3103.0645,5598.9
Japan,2015,50.4451,58.65059,43.17084,1213.3,3006.294,5445.56
Japan,2016,51.05596,59.337948,43.700325,1347.6,3095.6436,5431.15
Japan,2017,48.109562,56.599274,41.156254,1534.7999,3152.39,5563.6396
Japan,2018,49.83052,58.587654,42.53116,1633.6001,3167.574,5570.38
Japan,2019,49.37849,57.963326,42.13787,1709.5999,3120.1396,5452.38
Japan,2020,49.957745,58.498383,42.930595,1762.7001,3086.795,5431.13
Jordan,1995,66.28066,78.18461,53.63902,32.5,4010.0327,7877.83
Jordan,1996,67.24725,79.28475,54.647125,53.300003,3975.2056,7811.0996
Jordan,1997,65.316376,76.97541,52.8665,70.5,4007.6702,7823.4995
Jordan,1998,68.04758,80.168304,55.064224,34.8,3961.0903,7820.1
Jordan,1999,67.672134,79.68921,54.655895,29.8,4027.1016,7949.3496
Jordan,2000,66.641716,78.51114,54.11376,28.1,4017.4333,7923.63
Jordan,2001,67.82333,79.86872,55.154472,42.9,4008.735,7916.49
Jordan,2002,66.645706,78.37694,54.274197,55,3984.8967,7824.54
Jordan,2003,66.90072,78.80968,54.49661,94.5,3976.5693,7821.7
Jordan,2004,67.06778,79.17851,54.66434,31.199999,3975.625,7868.5503
Jordan,2005,67.10501,79.19089,54.47072,34.699997,4007.1323,7890.6
Jordan,2006,66.60541,78.67652,53.99434,50.2,3992.8867,7873.7705
Jordan,2007,67.234474,79.25056,54.52595,30.200003,4007.27,7886.62
Jordan,2008,67.23601,79.22106,54.717693,37.9,4016.1196,7961.51
Jordan,2009,67.34519,79.37656,54.46209,17.599998,3993.301,7887.7695
Jordan,2010,70.607956,83.18195,57.2802,58.4,4017.5571,7906.5205
Jordan,2011,66.21555,78.0448,53.445457,39.699997,4016.2302,7928.35
Jordan,2012,68.05198,79.76819,55.389744,34.899998,4008.389,7922.81
Jordan,2013,67.20989,79.21727,54.49809,49.9,4012.6755,7905.29
Jordan,2014,67.54574,79.509705,54.675625,73.7,3983.89,7893.8096
Jordan,2015,67.60605,79.55335,55.11231,77.59999,3992.6394,7844.1504
Jordan,2016,68.35306,80.286026,55.62529,73.100006,4013.9111,7903.1104
Jordan,2017,68.426895,80.37804,56.302666,39.1,3949.5327,7775.7104
Jordan,2018,69.13641,80.435486,57.72885,103.200005,3856.7764,7458.8594
Jordan,2019,68.112854,79.58604,56.359623,74.00001,3893.8098,7597.2197
Jordan,2020,69.02109,80.435425,57.344765,55.4,3902.3955,7542.8096
Kazakhstan,1995,43.63354,52.735146,34.38526,205.59998,3413.1016,5382.3203
Kazakhstan,1996,38.83041,47.997482,29.684202,252.20001,3387.6494,5390.88
Kazakhstan,1997,43.054836,51.939945,33.972736,204,3292.9338,5392.2705
Kazakhstan,1998,41.383663,50.019615,32.61386,203.40001,3237.2703,5331.88
Kazakhstan,1999,42.516304,51.276653,33.300823,219.40001,3247.68,5282.89
Kazakhstan,2000,41.90453,50.07953,33.559612,232.2,3194.805,5278.49
Kazakhstan,2001,42.913456,51.486988,34.258026,189,3265.98,5287.2803
Kazakhstan,2002,43.964607,52.23904,35.444054,267.6,3159.9683,5061.21
Kazakhstan,2003,41.123966,49.66948,32.495014,284.1,3146.2356,5106.04
Kazakhstan,2004,44.10004,52.779533,35.20076,291.8,3203.8867,5223.09
Kazakhstan,2005,44.475502,53.496082,35.60433,139.6,3388.0269,5377.63
Kazakhstan,2006,43.94737,53.04238,34.697174,179.00002,3339.4006,5441.16
Kazakhstan,2007,43.49321,52.392162,34.54208,203,3346.9927,5406.01
Kazakhstan,2008,44.539936,53.508133,35.65027,207.6,3428.8362,5471.63
Kazakhstan,2009,43.12462,52.07408,34.32633,217.70001,3289.7708,5338.9795
Kazakhstan,2010,44.349144,53.876793,34.73293,190,3439.4778,5538.08
Kazakhstan,2011,41.779816,51.09715,32.50931,185.20001,3401.5684,5406.33
Kazakhstan,2012,42.53583,51.47797,33.5033,253.7,3465.12,5491.77
Kazakhstan,2013,45.09937,54.06246,36.098217,252.20001,3255.0112,5230.45
Kazakhstan,2014,41.032375,50.100986,31.768847,197.3,3345.0283,5489.9697
Kazakhstan,2015,43.80105,52.50978,34.930683,280.7,3199.619,5300.51
Kazakhstan,2016,43.300465,51.409847,35.094776,274.6,3216.5261,5238.66
Kazakhstan,2017,43.090977,51.959034,34.052734,201.6,3242.25,5443.24
Kazakhstan,2018,40.51243,49.69325,30.82974,157.2,3303.2058,5382.51
Kazakhstan,2019,43.45184,52.716507,33.712452,229.4,3145.3416,5335.12
Kazakhstan,2020,43.466183,52.681503,33.831913,214.1,3259.3323,5384.16
Kenya,1995,72.0781,81.12344,64.16498,715.19995,3853.2373,7540.89
Kenya,1996,72.46407,81.65835,64.33457,597.6,3846.1646,7540.5996
Kenya,1997,72.64146,81.81608,64.53805,1013.7,3843.6,7673.3496
Kenya,1998,72.07941,80.796234,64.38886,755.10004,3827.0955,7448.8105
Kenya,1999,72.65212,82.218735,64.18397,473.59998,3937.6355,7847.3296
Kenya,2000,73.12764,83.17974,64.087685,358.9,3979.802,8121.74
Kenya,2001,72.68803,81.952675,64.52596,675.30005,3902.5977,7736.3696
Kenya,2002,72.34191,81.44152,64.5124,807,3886.9016,7713.46
Kenya,2003,72.925064,82.17114,64.72519,656.4,3894.52,7804.1196
Kenya,2004,72.76852,82.00458,64.65965,670.5,3918.0854,7760.29
Kenya,2005,73.285934,82.691414,64.865005,487.6,3930.9817,7917.1504
Kenya,2006,73.228455,82.3827,65.25854,897.4,3901.265,7664.55
Kenya,2007,73.13752,82.24487,65.004814,603.19995,3931.416,7693.4404
Kenya,2008,72.93258,82.33973,64.523926,538,3928.546,7796.72
Kenya,2009,74.01576,83.680916,65.48884,536.30005,3980.5386,8056.8105
Kenya,2010,73.5144,82.61572,65.4664,573.89996,3898.5073,7671.49
Kenya,2011,73.8268,83.23833,65.351006,540.69995,3886.4658,7723.5596
Kenya,2012,73.6622,83.19745,65.05482,678.7,3928.325,7933.02
Kenya,2013,72.88367,81.92851,64.84627,771.19995,3838.2332,7566.56
Kenya,2014,73.68366,83.048706,65.369995,582.9,3928.7263,7772.68
Kenya,2015,74.08407,83.65577,65.51942,828.9,3952.8525,8035.73
Kenya,2016,73.47508,82.60818,65.336784,575.9,3880.2302,7689.29
Kenya,2017,75.24496,85.377754,66.95439,778.39996,3803.0808,7636.1396
Kenya,2018,73.18716,82.340935,65.891396,1428.7,3693.3242,7362.89
Kenya,2019,74.47469,84.10962,66.76106,1738.9,3783.6716,7564.13
Kenya,2020,73.87336,82.89603,66.5384,1549.4,3736.8132,7516.86
Kiribati,1995,81.29603,82.6271,79.667946,2165.4,3706.4482,7591.7295
Kiribati,1996,81.40377,82.80353,79.70344,1972,3813.3108,7803.0103
Kiribati,1997,80.739235,82.12605,79.12227,3007.5,3420.229,7027.3203
Kiribati,1998,81.37709,82.37017,80.134964,795,3968.2979,8259.84
Kiribati,1999,80.54313,81.79663,79.052986,1847.6001,3830.3127,7753.62
Kiribati,2000,80.76998,82.13025,79.11402,2336.4,3738.992,7592.68
Kiribati,2001,80.93107,82.439445,79.27786,3102.7998,3542.67,7142.41
Kiribati,2002,80.999275,82.45745,79.33014,3324.4,3389.9734,6816.13
Kiribati,2003,81.04335,82.57828,79.265045,2953.1,3442.7317,6937.53
Kiribati,2004,80.90084,82.40812,79.20672,4018.5999,3287.2844,6703.43
Kiribati,2005,80.96208,82.56545,79.2966,3779.5,3382.6587,6793.0903
Kiribati,2006,80.988846,82.55855,79.184654,3547.5,3440.292,6954.05
Kiribati,2007,81.33743,82.82559,79.59817,2995.8003,3537.6223,7184.0903
Kiribati,2008,80.60031,81.989334,78.92246,2070.2002,3793.7634,7625.2705
Kiribati,2009,81.072235,82.559784,79.331375,3091,3462.2056,7002.05
Kiribati,2010,81.60193,82.77504,80.156166,2006.9999,3779.6345,7785.85
Kiribati,2011,80.894005,82.20175,79.34888,2338.5,3662.7942,7479.64
Kiribati,2012,80.650345,82.19344,78.96722,3163.6,3574.75,7129.8105
Kiribati,2013,81.4007,82.958496,79.64871,3230.1997,3623.1057,7296.36
Kiribati,2014,81.28066,82.863556,79.45959,3461.6,3495.3271,7052.1997
Kiribati,2015,81.524124,82.93655,79.79443,2850.7002,3471.4563,7057.0303
Kiribati,2016,82.2949,83.6059,80.638115,1952.8999,3786.5156,7731.9604
Kiribati,2017,82.10929,83.68885,80.17046,2746.7998,3669.3625,7290
Kiribati,2018,82.02458,83.67923,79.9949,2984.2,3589.0476,7267.58
Kiribati,2019,81.76573,83.36732,79.866684,3616.1997,3301.328,6733.1406
Kiribati,2020,82.66446,84.119095,80.95189,2082.2002,3734.7273,7721.88
Kuwait,1995,77.338776,88.75976,65.895325,152.29999,3859.29,7755.2803
Kuwait,1996,78.45414,89.89379,67.36158,253,3872.0002,7730.821
Kuwait,1997,76.434425,87.63611,65.12033,253.4,3860.679,7709.85
Kuwait,1998,79.338875,91.32636,67.46872,114.50001,3914.3662,7837.0396
Kuwait,1999,79.48637,91.04206,68.28365,184.29999,3868.3142,7765.62
Kuwait,2000,78.34894,90.19772,66.43084,125.799995,3901.5881,7885.78
Kuwait,2001,79.33069,91.22255,67.62234,97.9,3884.9207,7865.8105
Kuwait,2002,78.77827,90.63595,66.97926,100.3,3891.6494,7846.69
Kuwait,2003,78.86461,90.86724,66.52014,104.200005,3916.6692,7891.2197
Kuwait,2004,78.588104,90.37772,66.86141,165.2,3902.1023,7842.7
Kuwait,2005,78.55293,90.41773,67.02734,162.20001,3880.1667,7769.26
Kuwait,2006,79.07977,90.796715,67.27861,80.40001,3859.4473,7744.98
Kuwait,2007,78.94584,90.952805,67.155075,106.299995,3934.2048,7879.97
Kuwait,2008,79.08457,91.10167,67.18035,41.800003,3948.2478,7932.24
Kuwait,2009,78.88382,90.71559,66.96546,132.4,3880.1323,7754.23
Kuwait,2010,81.7396,94.377975,69.521706,29.7,3970.0798,7917.6396
Kuwait,2011,78.62197,90.55532,66.80518,74,3937.5054,7842.4097
Kuwait,2012,79.32256,91.21256,67.30133,129.8,3933.9429,7868.1797
Kuwait,2013,77.97464,89.725105,66.62666,174.79999,3949.6309,7917.3296
Kuwait,2014,79.18893,90.69513,67.886665,126.79999,3893.8484,7765.1597
Kuwait,2015,79.805305,91.61042,68.14729,114,3905.694,7753.29
Kuwait,2016,79.917786,91.905495,67.991554,53,3966.8813,7903.4
Kuwait,2017,80.244606,92.01336,69.14546,67.6,3852.9705,7590.62
Kuwait,2018,80.47964,91.37423,70.150505,191.19998,3692.7778,7227.1094
Kuwait,2019,79.43574,90.154434,69.074455,100.5,3668.4539,7227.5
Kuwait,2020,79.726776,90.85798,68.82151,125.799995,3775.774,7349.51
Kyrgyzstan,1995,37.059616,48.854256,25.577293,314,3753.7727,6422.4497
Kyrgyzstan,1996,37.1465,48.041428,26.100853,302.3,3665.4368,6343.73
Kyrgyzstan,1997,39.07415,50.896633,26.872555,254.4,3715.4333,6534.04
Kyrgyzstan,1998,38.10214,49.29192,26.427729,305.40002,3585.3264,6324.34
Kyrgyzstan,1999,37.594757,48.91244,26.247978,319.90002,3628.5854,6259.95
Kyrgyzstan,2000,38.041447,49.427082,26.733807,350.7,3681.964,6274.25
Kyrgyzstan,2001,38.908234,50.687782,27.225893,279.5,3702.4841,6417.45
Kyrgyzstan,2002,39.591133,51.178715,27.84406,274.1,3677.0015,6424.3604
Kyrgyzstan,2003,36.90938,48.178143,25.514908,354.3,3606.7673,6363.4697
Kyrgyzstan,2004,38.919155,50.263393,27.136837,260.1,3587.755,6246.33
Kyrgyzstan,2005,37.80297,49.4305,25.948141,266.3,3700.1226,6458.0996
Kyrgyzstan,2006,39.77373,51.088966,28.092607,224.50002,3690.496,6489.41
Kyrgyzstan,2007,41.15926,52.554848,29.719755,248.5,3645.7444,6321.71
Kyrgyzstan,2008,38.86572,50.232903,26.992,217.2,3684.8137,6466.68
Kyrgyzstan,2009,38.066547,49.467236,26.366827,304.5,3643.0437,6311.1
Kyrgyzstan,2010,38.264034,49.28403,27.48258,389.40002,3577.0833,6246.99
Kyrgyzstan,2011,39.448654,50.145317,28.441015,212,3644.303,6364
Kyrgyzstan,2012,36.77718,47.63446,25.549297,249.40001,3720.5134,6427.54
Kyrgyzstan,2013,39.09758,51.045322,26.89721,238.8,3741.4978,6543.5
Kyrgyzstan,2014,38.019024,49.77151,25.903757,202.1,3694.3608,6574.47
Kyrgyzstan,2015,39.234196,50.683346,27.644579,276.5,3583.479,6299.86
Kyrgyzstan,2016,40.08817,50.96808,28.82987,383.4,3627.1406,6289.7197
Kyrgyzstan,2017,40.808372,48.115143,33.258804,416.69998,3666.625,6565.19
Kyrgyzstan,2018,41.278458,48.909855,33.294483,405.3,3578.484,6449.78
Kyrgyzstan,2019,42.485466,50.36662,34.484947,301.4,3660.8474,6487.1104
Kyrgyzstan,2020,40.88247,48.657215,32.775166,375.4,3605.0034,6374.54
Laos,1995,71.26522,80.47419,63.513256,1773.3999,3226.7134,6133.3804
Laos,1996,70.826836,79.78781,63.25904,1683,3236.0205,6085.9404
Laos,1997,71.66516,81.0058,63.780544,1519.6,3362.526,6222.94
Laos,1998,73.182,82.73282,64.89309,1116.2,3516.0088,6575.45
Laos,1999,71.00198,80.01309,63.68068,1427.6,3304.8833,6092.5503
Laos,2000,70.942924,80.213715,63.226093,1647.3999,3260.5933,6106.8
Laos,2001,71.36944,80.33413,63.95142,1691.8999,3251.37,6036.5103
Laos,2002,71.346085,80.3684,63.87301,1828.9,3228.1472,6030.38
Laos,2003,71.791885,81.249176,63.859695,1412,3518.7786,6480.5796
Laos,2004,70.72927,80.111664,62.950436,1591,3329.781,6281.5
Laos,2005,71.894516,81.220566,64.051285,1648.4,3408.659,6373.59
Laos,2006,71.84508,81.4484,63.834545,1483.5,3424.9238,6333.6304
Laos,2007,71.90567,81.7475,63.56528,1315.3,3519.1484,6561.12
Laos,2008,70.10457,78.96158,63.06281,1781.4,3225.9116,5970.75
Laos,2009,72.067375,81.51769,64.01084,1388.8,3493.162,6458.21
Laos,2010,72.943665,82.45443,65.01194,1317.5,3489.0586,6456.83
Laos,2011,70.1538,78.96564,62.987553,1746.3,3191.805,5932.96
Laos,2012,72.85164,82.099045,65.29363,1471.6,3485.4863,6290.64
Laos,2013,71.94319,80.997665,64.17975,1577.1,3358.0427,6244.16
Laos,2014,71.87515,81.33917,63.98446,1538.7,3457.7878,6341.3804
Laos,2015,72.32084,81.352486,64.899506,1750.9,3409.4443,6255.11
Laos,2016,72.09773,81.24056,64.53797,1418.3,3441.379,6333.18
Laos,2017,71.112305,79.86644,63.963566,1594.5,3229.1528,5941.79
Laos,2018,70.642815,79.712326,63.53797,1819.4999,3082.6357,5616.0996
Laos,2019,73.03266,83.1057,64.73583,1186.7,3530.9573,6333.7695
Laos,2020,72.287315,82.276855,64.234314,1261.9001,3429.56,6208.7397
Latvia,1995,44.67145,50.381493,38.842007,729.8,2672.6194,3727.32
Latvia,1996,41.710957,47.6637,35.676735,586.7,2742.2273,3855.7402
Latvia,1997,43.85244,49.646446,37.64809,742,2708.321,3810.12
Latvia,1998,43.402264,48.96689,37.768917,870.1,2537.4543,3551.58
Latvia,1999,45.46608,51.498974,39.25009,648.5,2658.176,3790.75
Latvia,2000,46.221825,51.85584,40.530838,674.4,2598.5327,3690.4697
Latvia,2001,44.27791,49.991898,38.2485,770.89996,2598.8833,3698.5498
Latvia,2002,45.329655,51.432888,39.0511,707.7,2879.1812,4004.29
Latvia,2003,44.021416,49.888832,38.012527,610.69995,2656.4695,3771.8599
Latvia,2004,43.80941,49.430996,38.030262,722,2634.9917,3699.33
Latvia,2005,43.70725,49.74952,37.46513,608.69995,2816.3813,3914.18
Latvia,2006,45.507896,51.56283,39.1919,541,2837.2412,4006.6802
Latvia,2007,45.82907,51.69376,39.87516,770.6,2687.7336,3784.13
Latvia,2008,46.425724,51.65911,40.851734,783,2599.078,3660.0698
Latvia,2009,44.27611,49.74212,38.40335,744.5,2574.205,3692.2402
Latvia,2010,42.83171,48.51541,37.11302,833.7,2512.1694,3656.97
Latvia,2011,45.513264,51.206036,39.805626,672.5,2850.744,3852.88
Latvia,2012,43.501907,49.128784,37.815098,905.6,2632.5034,3704.7798
Latvia,2013,44.942974,50.74593,38.80083,636.1,2697.7483,3856.42
Latvia,2014,46.035904,51.645927,40.603294,789.4,2659.6255,3754.4502
Latvia,2015,46.674133,52.383186,40.98056,663,2726.5544,3759.98
Latvia,2016,45.23525,50.811092,39.439278,846.8,2670.1003,3701.1
Latvia,2017,44.595078,50.520397,38.604645,870.30005,2408.6753,3487.6401
Latvia,2018,46.466667,53.081078,39.83629,572.39996,2764.0793,3981.4502
Latvia,2019,46.954693,53.335552,40.17755,799.10004,2510.206,3738.76
Latvia,2020,47.98415,53.846836,42.06397,802.6,2606.1255,3640.6802
Lebanon,1995,57.363716,67.028305,48.1187,258.09998,3911.0667,7425.96
Lebanon,1996,58.041134,67.52524,49.208767,402.80002,3859.1177,7230.33
Lebanon,1997,56.394142,65.73749,47.468475,413.9,3859.604,7220.39
Lebanon,1998,58.9891,68.56373,49.71823,393.1,3840.25,7260.03
Lebanon,1999,59.61675,69.72116,50.286087,224.40002,3953.4443,7527.3696
Lebanon,2000,57.043034,66.707375,47.834663,408.60004,3898.8123,7402.4604
Lebanon,2001,58.702976,68.698364,49.350086,312,3885.7344,7396.74
Lebanon,2002,57.102783,66.89368,47.849926,506.7,3862.4983,7358.4297
Lebanon,2003,56.702915,66.01907,47.710857,636.9,3815.5396,7245.7295
Lebanon,2004,57.020466,66.703926,47.533928,483.59998,3881.0105,7425.81
Lebanon,2005,56.640347,66.310036,47.438885,420.90002,3852.2095,7333.49
Lebanon,2006,56.871635,66.70677,47.558475,359.1,3894.3208,7386.55
Lebanon,2007,57.535088,67.30644,48.2151,396.3,3865.5073,7236.4004
Lebanon,2008,58.08987,68.119095,48.716713,280.2,3915.295,7493.12
Lebanon,2009,57.517017,67.038414,48.478447,400.09998,3846.324,7214.71
Lebanon,2010,61.49604,71.45705,52.32896,291.7,3895.0054,7396.37
Lebanon,2011,56.639923,66.208206,47.639107,420,3859.584,7206.9897
Lebanon,2012,57.53026,66.792694,48.88614,590.8,3856.4739,7309.1504
Lebanon,2013,57.39727,67.33308,48.110306,405.9,3877.7625,7380.05
Lebanon,2014,58.494392,68.70379,48.876915,262.90002,3901.54,7397.53
Lebanon,2015,57.551487,67.09365,48.567207,416.7,3896.2422,7328.8594
Lebanon,2016,59.062115,68.946175,49.68532,396.7,3907.1594,7408.6494
Lebanon,2017,55.61049,63.973213,47.273544,585.6,3792.8528,7222.1797
Lebanon,2018,56.711666,64.55316,49.063545,819.69995,3615.0723,6837
Lebanon,2019,56.085873,64.331,48.108063,843.1001,3689.1228,7011.99
Lebanon,2020,57.176075,65.34934,49.176388,803.5,3691.3738,7020.52
Lesotho,1995,68.94111,80.75774,56.66387,19.300001,4011.8105,8027.67
Lesotho,1996,69.177246,81.276695,56.769157,14.800001,4010.7458,7999.09
Lesotho,1997,68.75852,80.58981,56.3522,10.700001,4032.3188,8008.94
Lesotho,1998,69.80211,81.83897,57.1982,5,3997.5752,7990.21
Lesotho,1999,69.97043,82.21105,57.219894,7.4000006,4026.6055,8084.38
Lesotho,2000,68.73716,80.69587,56.310547,8.200001,4013.1467,8031.0195
Lesotho,2001,70.06143,82.15557,57.35527,4.1000004,4020.6855,8038.23
Lesotho,2002,70.18678,82.03968,57.77716,6.8999996,3994.57,7988.6396
Lesotho,2003,69.88725,81.89568,57.396694,2.3,4025.6814,8050.85
Lesotho,2004,69.94243,82.093094,57.539066,6.7,3991.7144,8032.86
Lesotho,2005,69.5472,81.57711,57.187843,19.499998,3993.1658,7992.09
Lesotho,2006,69.64828,81.442726,57.27587,6.0000005,4005.5508,8023.3706
Lesotho,2007,69.96529,81.96374,57.319263,10.200001,3987.77,7995.76
Lesotho,2008,70.642,82.531525,58.08596,2.1000001,3996.515,7998.26
Lesotho,2009,70.19512,82.00811,57.798115,3.8,4030.1992,8077.671
Lesotho,2010,72.14362,84.68642,58.695404,1.5000001,4032.225,8077.99
Lesotho,2011,69.15654,80.810005,56.311268,17.7,4006.3816,7979.05
Lesotho,2012,70.39606,82.24235,57.427185,4.7,3997.9421,7994.2
Lesotho,2013,70.347885,82.66327,57.15653,5.5,4019.5667,8093.98
Lesotho,2014,71.019905,82.99245,57.991932,3,4019.5981,8017.0596
Lesotho,2015,70.47755,81.93612,57.85952,14.199999,3990.2805,7923.0903
Lesotho,2016,71.4219,83.42214,58.33206,5.8,4011.396,8040.88
Lesotho,2017,69.90418,81.04679,57.916798,15.5,3940.3313,7950.77
Lesotho,2018,71.94835,83.00831,60.122658,24,3885.355,7744.0996
Lesotho,2019,70.829,81.9283,59.216743,21,3925.0984,7810.33
Lesotho,2020,70.76821,81.841805,59.811966,83,3917.6138,7745.37
Liberia,1995,75.18464,82.75561,69.52092,2328,3080.1084,6297.7197
Liberia,1996,75.099655,82.7667,69.473755,2074.9,3134.6484,6309.6797
Liberia,1997,75.0016,82.6587,69.343636,2467.5999,3108.2896,6267.05
Liberia,1998,75.97062,84.0092,70.011116,2007.3999,3231.523,6510.05
Liberia,1999,74.2905,81.649475,69.03246,2473.3,3141.9077,6157.95
Liberia,2000,74.952705,82.875885,68.9913,1990.7,3158.658,6466.59
Liberia,2001,75.022545,82.76547,69.24625,1826.5,3193.8347,6408.25
Liberia,2002,75.01112,82.81898,69.25462,2096.3,3171.972,6367.42
Liberia,2003,75.50028,83.24309,69.88709,1817.8,3279.506,6461.8203
Liberia,2004,75.6673,83.64949,69.80253,2124.8,3193.86,6492.4897
Liberia,2005,75.49954,83.1669,69.90952,1826.1,3260.6523,6383.27
Liberia,2006,75.7826,83.45021,70.19284,1821.5999,3200.168,6423.18
Liberia,2007,75.163925,83.04016,69.265724,2024.9001,3118.0017,6329.12
Liberia,2008,74.83323,82.60811,68.94138,2122.3,3137.7803,6402.3203
Liberia,2009,75.68578,83.27835,70.16892,2116.7002,3154.8535,6323.91
Liberia,2010,76.43564,84.26712,70.56517,1759.7,3175.6333,6356.95
Liberia,2011,75.13897,82.80172,69.45978,1806.8,3140.2817,6306.37
Liberia,2012,74.92142,82.44261,69.47621,2002.3,3125.4512,6242.5903
Liberia,2013,74.95222,82.18011,69.79881,2175.2998,3097.4336,6068.89
Liberia,2014,75.13831,82.545525,69.80868,2172.3,3092.684,6205.4897
Liberia,2015,75.40863,83.31756,69.46076,1987.6,3159.2666,6359.34
Liberia,2016,75.98557,83.584595,70.31451,2120.1,3105.4932,6273.54
Liberia,2017,77.004036,86.48365,70.65474,1397.9,3387.7695,6802.88
Liberia,2018,76.02981,85.132164,69.961624,1708.8999,3231.2307,6431.3496
Liberia,2019,76.03744,84.813835,70.37241,2627.7002,3039.2239,6170.59
Liberia,2020,76.30629,85.35933,70.039894,1488.7,3295.3872,6606.52
Libya,1995,71.94613,83.714966,58.115753,10,3986.6907,8264.05
Libya,1996,72.29866,84.28586,58.369793,4.3,3986.6362,8273.36
Libya,1997,71.76227,83.44694,57.89063,6.2000003,3992.7578,8252.601
Libya,1998,72.29458,84.0291,58.361343,3.3000002,3983.637,8272.88
Libya,1999,72.61898,84.47614,58.704334,4.1000004,3999.9136,8325.07
Libya,2000,71.07496,82.73938,57.4452,6.2000003,3987.713,8302.97
Libya,2001,72.84213,84.53581,58.724304,0.2,4020.9924,8372.78
Libya,2002,72.6081,84.15313,58.7894,8.700001,3955.209,8234.09
Libya,2003,72.52042,84.09765,58.882362,2.6,3999.307,8307.15
Libya,2004,72.511055,84.23373,58.81758,3.1,3985.8494,8281.13
Libya,2005,72.67658,84.20786,59.23077,23.7,3964.3525,8189.26
Libya,2006,72.355415,83.817535,58.682632,2.1000001,3970.5005,8266.56
Libya,2007,72.77209,84.44383,58.87669,2.9,3989.0178,8285.08
Libya,2008,72.90778,84.35127,59.288235,6.9999995,3980.4253,8266.21
Libya,2009,72.855675,84.3383,59.230522,3.3,3965.9712,8252.97
Libya,2010,75.70458,87.90182,61.559673,10.500001,3990.8835,8296.939
Libya,2011,72.131615,83.451126,58.80074,13.2,3982.3958,8215.71
Libya,2012,72.748955,84.115204,59.156185,6.5,4003.9436,8265.34
Libya,2013,73.50079,85.1599,59.820827,19.8,3989.6895,8271.039
Libya,2014,73.768684,85.49425,59.796654,4.4,4017.3638,8321.52
Libya,2015,72.558014,83.81877,59.159515,14,3962.2112,8162.9897
Libya,2016,74.44398,86.006424,60.858307,8.5,3992.028,8250.061
Libya,2017,71.8074,82.76599,59.143585,25.1,3957.3823,8235.2
Libya,2018,75.357506,86.22347,63.219227,10.2,3785.3389,7736.2095
Libya,2019,73.27669,84.011444,61.1581,4.5,3840.181,7910.01
Libya,2020,73.752266,84.624306,61.29685,10.5,3908.22,7982.51
Liechtenstein,1995,48.120075,56.018654,39.934544,1667.3,2831.0728,4261.3203
Liechtenstein,1996,47.074978,54.87313,39.17059,1386.3999,2861.5745,4384.7803
Liechtenstein,1997,49.426872,57.59107,41.201946,1250.3999,2999.2166,4505.8096
Liechtenstein,1998,48.108753,56.10644,40.051674,1391.7,2852.5945,4316.4697
Liechtenstein,1999,48.313957,56.0771,40.55444,1793.8999,2749.7888,4196.5503
Liechtenstein,2000,49.470448,57.509937,41.32002,1612.7,2809.0327,4341.89
Liechtenstein,2001,48.97363,56.51131,41.27,1724.7002,2796.3245,4303.88
Liechtenstein,2002,49.939587,58.04772,41.987286,1619.5,2791.2585,4323.11
Liechtenstein,2003,50.006733,58.887566,40.40945,983.1,3226.427,4968.4697
Liechtenstein,2004,48.7148,56.438046,40.780262,1242.2,2947.0977,4484.45
Liechtenstein,2005,48.089542,56.33551,39.42241,1300.7,2947.587,4472.71
Liechtenstein,2006,49.478676,58.06671,40.780056,1337.3999,3095.0325,4633.3203
Liechtenstein,2007,49.67945,57.736053,41.332138,1523.2001,2922.6633,4459.96
Liechtenstein,2008,49.492214,57.08919,41.803707,1481.9,2865.8352,4393.5396
Liechtenstein,2009,49.83498,57.349667,42.015892,1360.6,2935.3184,4479.9
Liechtenstein,2010,47.85396,55.382984,39.788082,1512.9999,2719.9456,4286.9
Liechtenstein,2011,51.311718,59.82874,42.448383,1295,3102.2903,4653.16
Liechtenstein,2012,49.4039,57.17895,41.45207,1479.4,2906.9329,4495.81
Liechtenstein,2013,48.61563,56.39296,40.67378,1450.1,2782.399,4301.7803
Liechtenstein,2014,51.88548,59.65071,44.200798,1407.1,2894.438,4428.87
Liechtenstein,2015,51.343857,59.455673,43.174305,1311.3999,2992.1538,4514.42
Liechtenstein,2016,50.544537,58.4145,42.463356,1472.5,2903.4236,4385.9697
Liechtenstein,2017,50.62299,59.38779,41.520943,1994.6001,2869.2703,4596.17
Liechtenstein,2018,52.450577,60.90028,43.55987,1480.3,3007.939,4801.12
Liechtenstein,2019,51.61639,59.974144,43.027023,1846.1,2779.9866,4592.88
Liechtenstein,2020,52.545776,61.11984,43.723038,1752.1001,3003.486,4732.58
Lithuania,1995,45.914993,51.722923,40.08284,679.8,2521.9812,3586.35
Lithuania,1996,42.73451,48.75499,36.573513,574.5,2448.3984,3660.4502
Lithuania,1997,45.263336,51.062836,39.366043,618.1,2584.203,3689.86
Lithuania,1998,44.98969,50.43826,39.498455,781.5,2376.4045,3439.23
Lithuania,1999,46.816616,52.83596,40.664017,630.7,2499.333,3690.75
Lithuania,2000,47.525154,53.194992,41.761547,637.9,2497.115,3615.3496
Lithuania,2001,45.833107,51.52714,40.021194,690.1,2426.9944,3517.2798
Lithuania,2002,47.16131,53.323437,40.8524,569,2702.3372,3948.88
Lithuania,2003,45.484127,51.430973,39.38528,505.90002,2539.6357,3707.1099
Lithuania,2004,45.20627,50.750725,39.641136,696.99994,2455.2388,3568.1099
Lithuania,2005,45.266743,51.23593,39.153004,609.7,2585.7976,3778.71
Lithuania,2006,46.321457,52.491,39.95018,547.7,2569.1006,3789.6099
Lithuania,2007,46.934338,52.7361,40.989742,756.10004,2554.403,3712.85
Lithuania,2008,47.724365,53.098602,42.267612,663.4,2487.2983,3575.06
Lithuania,2009,45.46235,50.999218,39.718155,642.30005,2454.3545,3660.5498
Lithuania,2010,44.09189,49.931057,38.170895,777.2001,2400.28,3593.91
Lithuania,2011,46.626198,52.50432,40.78533,544.7,2684.4956,3750.0698
Lithuania,2012,45.186375,50.891136,39.52778,730.6,2487.891,3645.65
Lithuania,2013,46.474033,52.059002,40.656372,580.3,2506.9297,3688.22
Lithuania,2014,47.19607,53.12667,41.432102,604,2579.6511,3786.3696
Lithuania,2015,48.07823,53.992157,42.17577,544.2,2620.067,3772.15
Lithuania,2016,46.69534,52.36513,40.925972,709.4,2524.2478,3568.85
Lithuania,2017,46.434193,52.506016,40.23988,828.69995,2342.1233,3547.28
Lithuania,2018,47.612373,54.442616,40.741413,573.8,2669.02,3999.6602
Lithuania,2019,48.959545,55.57366,42.15183,629.5,2566.355,3968.78
Lithuania,2020,49.430542,55.757812,43.011997,636.89996,2635.0962,3889.38
Luxembourg,1995,48.90293,55.345024,42.37886,843,2635.242,3955.31
Luxembourg,1996,45.706886,52.194725,39.40809,643.9,2594.9434,4022.28
Luxembourg,1997,48.162006,54.97862,41.3864,755.1,2712.0808,4110.28
Luxembourg,1998,47.862125,54.05445,41.70719,797.30005,2358.1404,3659.1099
Luxembourg,1999,49.018696,55.262917,42.67993,783.00006,2633.9634,3957.1501
Luxembourg,2000,49.31777,55.40153,43.281532,873.89996,2566.8254,3872.3003
Luxembourg,2001,48.495842,54.808968,42.333,846.7,2552.0007,3911.99
Luxembourg,2002,49.43442,55.77012,42.985435,788.4,2519.3093,3922.63
Luxembourg,2003,49.3928,56.777634,42.105904,627.5,3016.4717,4591.87
Luxembourg,2004,48.119694,54.52686,41.743904,639.9,2776.8108,4144.55
Luxembourg,2005,48.880104,55.426144,42.262726,585.2001,2777.191,4135.44
Luxembourg,2006,49.63142,56.178944,43.35604,705.5,2776.0793,4153.6396
Luxembourg,2007,49.595905,55.898094,43.434204,834.5,2636.93,4007.1
Luxembourg,2008,48.355137,54.52538,42.23399,829.7,2512.234,3893.47
Luxembourg,2009,48.787983,55.393845,42.276775,725.3,2653.9827,4078.08
Luxembourg,2010,46.68145,52.949795,40.291843,745.4,2591.1807,4073.13
Luxembourg,2011,50.030277,57.093987,43.01848,599.4,2808.8313,4246.02
Luxembourg,2012,48.54223,54.984238,42.119396,842.5,2705.2239,4082.8003
Luxembourg,2013,47.53138,53.561794,41.386147,835.19995,2437.5813,3915.3901
Luxembourg,2014,50.74482,57.254505,44.205986,792.6,2653.5266,4042.67
Luxembourg,2015,49.89534,56.607983,43.17111,652.19995,2663.8298,4078.8499
Luxembourg,2016,48.946,55.365875,42.567184,803.60004,2625.821,3974.54
Luxembourg,2017,49.642456,56.63437,42.650833,798.1,2588.4358,4070.67
Luxembourg,2018,51.08446,58.770943,43.336067,785.6,2805.7244,4454.6504
Luxembourg,2019,50.346207,57.64878,43.08949,910.8,2726.585,4357.42
Luxembourg,2020,51.529903,58.710384,44.1562,853.19995,2783.466,4378.6797
Madagascar,1995,79.58889,91.16622,66.27049,24.699999,4001.5134,8594.96
Madagascar,1996,80.05793,91.574135,66.68619,50.299995,4007.2534,8556.83
Madagascar,1997,80.47322,91.93998,67.20551,24.3,4029.4512,8564.721
Madagascar,1998,81.59173,93.04364,68.10748,18.3,4034.7817,8596.74
Madagascar,1999,80.70005,92.69104,66.41819,4.8999996,4056.81,8765.75
Madagascar,2000,80.31574,92.415855,66.19168,1.2,4069.6409,8819.24
Madagascar,2001,80.11047,92.065475,66.10356,0.9,4038.8267,8735.76
Madagascar,2002,80.53964,92.39169,66.44532,15.8,4036.7773,8721.61
Madagascar,2003,81.31791,93.01849,67.49129,14.499999,4031.4126,8690.83
Madagascar,2004,80.7287,92.34185,67.046684,10.2,4013.2866,8628.91
Madagascar,2005,81.15699,92.64272,67.81307,4.5,4048.7446,8616.47
Madagascar,2006,81.31387,92.684875,68.04584,10.7,4019.986,8552.87
Madagascar,2007,80.7993,92.39812,67.238304,6.4000006,4054.8433,8706.48
Madagascar,2008,79.48868,91.242165,65.68561,37.3,4025.0334,8736.76
Madagascar,2009,81.2634,93.21526,67.177155,17.599998,4044.3223,8721.311
Madagascar,2010,81.70106,93.12527,68.196,3.1,4039.575,8643.811
Madagascar,2011,80.63827,92.143394,67.18036,4.3,4006.2605,8618.93
Madagascar,2012,80.92896,92.81102,66.9225,2.5,4051.156,8732.35
Madagascar,2013,80.25702,91.723724,66.811485,6.6,4018.8745,8652.779
Madagascar,2014,80.67058,92.19223,66.84378,1.4000001,4046.156,8689.91
Madagascar,2015,81.63953,93.31612,67.90923,3.9,4044.8977,8707.2705
Madagascar,2016,81.32076,92.6528,67.94313,12.499999,4037.937,8590.721
Madagascar,2017,82.001015,93.13005,69.798096,9.999999,3961.7153,8524.19
Madagascar,2018,82.16965,92.91775,70.5144,14.4,3882.1445,8333.34
Madagascar,2019,82.828476,93.21931,71.832344,52.4,3868.6448,8262.83
Madagascar,2020,82.05494,92.66519,70.86159,18.6,3885.0886,8276.42
Malawi,1995,85.29144,97.18255,74.4954,467.1,3926.1921,8124.89
Malawi,1996,84.589714,96.10424,74.179405,735.30005,3855.4495,7923.6104
Malawi,1997,85.09849,96.95323,74.50279,501.40002,3904.455,7971.7495
Malawi,1998,85.05423,96.63983,74.50797,530.10004,3863.3718,7960.6196
Malawi,1999,85.10602,96.7429,74.61943,429.9,3903.2495,8006.75
Malawi,2000,85.77608,97.678505,75.055305,280.5,3945.9539,8084.21
Malawi,2001,85.18785,96.83044,74.57751,424.09998,3904.0989,7985.75
Malawi,2002,86.201454,98.37819,74.97573,265.3,3972.9436,8275.52
Malawi,2003,85.86786,97.814766,75.03466,376.3,3895.0034,8086.199
Malawi,2004,86.100136,98.08474,75.28277,303.09998,3925.92,8119.8506
Malawi,2005,86.34736,98.3708,75.42819,322,3901.4956,7992.51
Malawi,2006,85.00337,96.735756,74.52992,385,3920.8472,8073.13
Malawi,2007,84.58476,96.16691,74.05674,405.40002,3857.1416,7949.97
Malawi,2008,85.71826,97.597115,75.04326,287.50003,3917.4246,8073.04
Malawi,2009,87.50871,99.575554,76.36716,191.69998,3977.07,8247.091
Malawi,2010,86.93185,98.738686,76.238434,298.5,3877.57,7977.17
Malawi,2011,86.30267,98.37819,75.47701,263.7,3932.9229,8134.0195
Malawi,2012,86.33461,98.58736,75.27465,257.7,3922.2622,8141.4604
Malawi,2013,86.425255,98.34786,75.472084,290.9,3921.6453,8111.0195
Malawi,2014,85.94791,97.71761,75.445206,399.40002,3883.8381,7949.44
Malawi,2015,88.68595,100.85504,77.63677,239.70001,3985.5159,8174.7705
Malawi,2016,88.251015,100.19984,77.32532,347.9,3930.659,8076.38
Malawi,2017,89.04971,100.812225,78.77233,135.4,3910.449,8025.6895
Malawi,2018,87.743324,99.23217,77.07146,167.9,3831.702,7914.75
Malawi,2019,87.240425,98.39554,76.83129,248.30002,3803.3506,7850.9805
Malawi,2020,87.705376,99.40959,76.71237,150.90001,3755.794,7863.4995
Malaysia,1995,76.83147,84.14753,71.54876,2463.2,3229.7673,6208.89
Malaysia,1996,76.3936,83.486855,71.01522,2329.1,3273.871,6273.4404
Malaysia,1997,76.8174,84.24962,71.31574,2076.7,3390.5833,6397.3604
Malaysia,1998,78.6606,86.319855,73.16852,2000,3397.9473,6472.64
Malaysia,1999,76.23413,83.34098,70.94416,2304.3,3209.2844,6174.1396
Malaysia,2000,76.93374,84.28259,71.42341,2317,3436.2578,6564.58
Malaysia,2001,77.05185,84.461174,71.61805,2003.2,3310.2683,6311.04
Malaysia,2002,78.85173,87.00805,72.84723,1311,3715.4663,6939.1797
Malaysia,2003,78.46747,86.374596,72.79964,1626.8,3446.2627,6572.99
Malaysia,2004,78.51616,86.45907,72.61899,1704.8,3611.4988,6825.12
Malaysia,2005,79.27368,87.60206,73.10983,1496.7,3435.4963,6701.79
Malaysia,2006,76.44459,83.337036,71.267426,2421.8003,3216.3555,6108.54
Malaysia,2007,76.518555,83.42605,71.361855,2396.2,3083.6536,5931.99
Malaysia,2008,76.179695,83.08505,71.009315,2713,3187.541,6068.84
Malaysia,2009,77.41879,84.63081,72.08161,1752.4001,3197.037,6164.91
Malaysia,2010,77.68649,84.71588,72.49783,2322.1,3217.0984,6216.96
Malaysia,2011,75.94999,82.46293,71.083725,2438.9,3084.409,5890.18
Malaysia,2012,76.074165,82.709564,71.04153,2529.2,3099.4338,5976.8804
Malaysia,2013,76.73761,83.24087,71.90112,2311.6,3033.515,5872.35
Malaysia,2014,77.23482,84.44489,71.88558,2298.9,3267.8682,6272.94
Malaysia,2015,78.083954,85.476326,72.60336,1921.2,3564.2717,6631.09
Malaysia,2016,79.233795,86.701096,73.7644,1582.3,3317.6533,6447.3604
Malaysia,2017,77.9565,85.20654,72.97412,3376.9001,3061.084,6110.01
Malaysia,2018,78.33322,86.58564,72.682495,2937.8,3142.5378,6354.4307
Malaysia,2019,79.69738,88.78114,73.240974,2486,3436.1968,6793.87
Malaysia,2020,78.90723,86.78886,73.16615,3426.3003,3131.7698,6356.73
Maldives,1995,80.725815,82.01658,79.09268,1709.1001,3745.9033,7521.7305
Maldives,1996,80.26841,81.53098,78.75082,1502.1001,3776.351,7645.9004
Maldives,1997,80.72836,82.0151,79.123505,1755.1,3757.3545,7541.67
Maldives,1998,81.43756,82.68948,79.85682,1603.8,3732.456,7532.88
Maldives,1999,80.41879,81.65066,78.8937,1361,3747.5588,7531.39
Maldives,2000,80.604744,81.900826,79.01836,1509.1,3770.6477,7579.66
Maldives,2001,80.73106,81.998825,79.142494,1544,3835.9023,7597.9
Maldives,2002,80.94838,82.220245,79.38931,2060.7,3612.3945,7257.55
Maldives,2003,81.13372,82.41775,79.50077,1767.3,3717.2358,7433.01
Maldives,2004,80.86529,82.07615,79.36435,1713.3999,3752.7104,7530.39
Maldives,2005,81.160934,82.38348,79.64033,1428.8,3812.697,7586.12
Maldives,2006,80.80602,82.041725,79.29882,2179,3540.293,7231.0503
Maldives,2007,81.210754,82.419235,79.68767,1474.2,3717.897,7551.73
Maldives,2008,80.81466,82.06164,79.255905,1533.1001,3755.0505,7571.5
Maldives,2009,81.1905,82.386444,79.73797,1543.7999,3754.1877,7644.81
Maldives,2010,81.47332,82.61847,80.01068,1470.4001,3678.823,7459.5303
Maldives,2011,81.11333,82.28855,79.66055,1339.8,3790.9597,7680.21
Maldives,2012,81.28806,82.45312,79.8023,1265,3800.623,7665.5303
Maldives,2013,81.24461,82.40913,79.75055,1517.3999,3723.9475,7483.77
Maldives,2014,81.16977,82.43279,79.605064,1652.8999,3823.5444,7581.44
Maldives,2015,81.67712,82.97698,80.01414,1906.9,3721.6245,7487.88
Maldives,2016,81.674194,82.96533,80.11508,2303.2002,3650.222,7285.25
Maldives,2017,81.783646,82.99548,80.17071,1832.1001,3752.8,7634.7803
Maldives,2018,81.544,82.87071,79.87803,1913.2001,3651.131,7318.5903
Maldives,2019,81.99879,83.29581,80.36822,1881.8,3640.8828,7332.1797
Maldives,2020,82.41036,83.67476,80.66296,1621.2001,3769.516,7572.26
Mali,1995,83.94376,96.781296,69.57687,15.200001,4026.9912,8714.74
Mali,1996,83.98456,97.29461,68.89888,9.000001,4068.8025,8857.19
Mali,1997,83.703224,96.579834,69.09087,18.9,4047.5269,8783.84
Mali,1998,84.33681,97.096664,70.175804,19.4,4049.1423,8757.45
Mali,1999,82.767166,95.92271,68.04268,36.500004,4039.1172,8812.57
Mali,2000,82.87853,96.02158,68.64609,47.7,4064.0662,8891.27
Mali,2001,83.5899,96.64666,69.561584,12.900001,4057.565,8898.93
Mali,2002,84.381454,97.11293,70.69781,28.5,4048.7673,8802.75
Mali,2003,84.76118,97.67562,70.65787,18.2,4053.7427,8785.5205
Mali,2004,84.37853,97.49454,70.29536,12.3,4052.4553,8848.149
Mali,2005,84.96525,97.53112,71.31967,16.900002,4045.0723,8735.08
Mali,2006,84.10201,97.050545,70.10208,13.2,4044.6978,8784.99
Mali,2007,84.06636,96.7835,70.44162,25.5,4034.197,8764.5
Mali,2008,82.972404,95.910934,69.13076,24.700003,4063.531,8854.5
Mali,2009,85.46476,98.04424,71.71863,10,4027.2002,8671.541
Mali,2010,86.023994,98.98592,71.61211,74.1,4036.4539,8727.47
Mali,2011,84.9321,97.55158,71.54504,40.4,4047.3218,8751.329
Mali,2012,84.6161,96.8606,71.58486,19.1,4045.1675,8666.359
Mali,2013,84.67003,97.76068,70.06854,24.2,4057.2988,8816.131
Mali,2014,84.5204,97.622604,70.104294,20.6,4035.8005,8757.56
Mali,2015,83.52649,96.07978,69.386765,40.4,4025.221,8731.75
Mali,2016,85.490074,97.955284,71.27029,20.1,4020.5208,8667.33
Mali,2017,84.14266,96.42847,71.13649,46.4,3902.04,8361.32
Mali,2018,85.18023,97.099884,72.56688,10.299999,3757.6873,7991.3896
Mali,2019,84.51772,96.3624,72.44876,79.799995,3729.425,7906.0596
Mali,2020,85.07771,96.900894,72.6031,20.800001,3775.5522,8003.6396
Malta,1995,65.82922,68.31826,63.138447,435.5,3797.5027,6612.72
Malta,1996,65.49409,68.02914,62.63011,474.7,3772.4907,6532.7803
Malta,1997,66.20865,68.848885,63.21957,451.60004,3818.043,6619.51
Malta,1998,65.782074,68.47236,62.768333,255.6,3796.1404,6697.2
Malta,1999,66.56806,69.2545,63.540615,354.40002,3842.4502,6756.2803
Malta,2000,66.267105,68.922005,63.273148,337.90002,3887.8186,6798.74
Malta,2001,66.72334,69.40615,63.818497,259,3887.2148,6816.9297
Malta,2002,66.583015,69.184715,63.794094,235,3812.1768,6684.4395
Malta,2003,67.29511,69.86699,64.35652,511.30002,3755.2356,6561.62
Malta,2004,66.25686,68.82758,63.42069,340.9,3855.8354,6730.58
Malta,2005,65.55916,68.07242,62.83467,412.5,3823.016,6649.92
Malta,2006,66.44956,69.11297,63.459488,461,3837.6855,6724.08
Malta,2007,66.935356,69.47888,64.02045,472.8,3821.5032,6675.7495
Malta,2008,66.862526,69.49766,63.95085,357.9,3862.9194,6745.2305
Malta,2009,66.47577,69.116425,63.46146,409.8,3827.8716,6672.58
Malta,2010,66.66403,69.304306,63.82023,318.1,3788.4922,6659.13
Malta,2011,66.23507,68.796364,63.40795,559.5,3818.7239,6677.9
Malta,2012,67.11088,69.73987,64.13184,322.50003,3907.5005,6857.74
Malta,2013,66.77031,69.47666,63.82244,403.3,3865.371,6747.56
Malta,2014,67.05269,69.58663,64.272446,390.9,3844.48,6767.04
Malta,2015,66.96356,69.52327,64.07839,362.4,3891.3755,6743.05
Malta,2016,67.26193,69.87639,64.388596,349.49994,3824.1387,6670.68
Malta,2017,66.32299,68.02058,64.74479,435,3839.4275,6796.6797
Malta,2018,66.79701,68.49449,65.177315,505,3730.8633,6564.31
Malta,2019,66.26989,67.94439,64.62573,617.30005,3734.1428,6602.12
Malta,2020,66.78141,68.27599,65.39427,365.9,3799.8616,6674.33
Marshall Islands,1995,80.71176,82.06564,79.196495,3101.5,3527.0593,6998.8496
Marshall Islands,1996,80.49499,81.95836,78.83885,3369.7002,3580.7844,7020.4004
Marshall Islands,1997,80.422005,81.81685,78.94351,3614.2,3465.2788,6867.38
Marshall Islands,1998,80.39289,81.5715,79.08479,2269.7,3697.9248,7430.48
Marshall Islands,1999,79.67974,81.10351,78.13449,2822.2,3698.9268,7168.51
Marshall Islands,2000,80.01124,81.518936,78.47713,3317.5,3661.946,7063.64
Marshall Islands,2001,80.53741,81.9389,79.01477,2992.1,3609.83,7085.8
Marshall Islands,2002,80.59406,81.989944,79.11093,3359.2002,3416.6768,6682.84
Marshall Islands,2003,80.69297,82.130745,79.18368,3856,3415.5276,6665.19
Marshall Islands,2004,80.80167,82.27483,79.16492,3462.3,3505.6094,6899.96
Marshall Islands,2005,80.78486,82.19189,79.23077,3006.8003,3562.7764,6986
Marshall Islands,2006,80.64142,82.06564,79.08258,3019.2002,3624.2356,7074.5703
Marshall Islands,2007,80.61962,81.9574,79.17578,2860.7998,3669.7646,7201.7603
Marshall Islands,2008,79.86205,81.24377,78.35565,3250.3003,3713.48,7168.0996
Marshall Islands,2009,80.69411,82.089066,79.1203,3033.7002,3614.4648,7056.6704
Marshall Islands,2010,80.462975,81.7308,79.10082,2818.4,3648.93,7127.8594
Marshall Islands,2011,80.19287,81.6837,78.61902,3634.0002,3502.8093,6806.6094
Marshall Islands,2012,80.6118,81.97336,79.06754,2450.2,3740.078,7292.46
Marshall Islands,2013,80.937706,82.27573,79.41348,2737.4,3702.9895,7261.08
Marshall Islands,2014,81.00739,82.461395,79.44011,3555.4,3532.6748,6956.11
Marshall Islands,2015,81.09973,82.47127,79.56315,3701.8,3504.2417,6863.25
Marshall Islands,2016,81.3395,82.689674,79.909256,2541.7002,3683.3662,7189.9
Marshall Islands,2017,81.58229,83.11408,79.73822,3541.7,3580.0522,6949.56
Marshall Islands,2018,81.2201,82.90425,79.35356,4273.0996,3379.8354,6593.0996
Marshall Islands,2019,81.56545,83.04208,79.88444,2802,3558.4382,7066.5
Marshall Islands,2020,81.4195,82.954025,79.71057,3836.4001,3438.1838,6810.7803
Mauritania,1995,79.213745,91.7413,64.49225,3.6999998,4044.4883,8826.71
Mauritania,1996,78.9432,92.127884,63.569607,0.8,4082.3528,8988.23
Mauritania,1997,79.046425,91.62195,64.387215,1.8,4065.8555,8896.79
Mauritania,1998,79.20567,91.663376,64.56326,0.70000005,4069.1343,8905.28
Mauritania,1999,78.48469,91.235085,63.627514,11.6,4068.5679,8947.439
Mauritania,2000,77.92957,90.5251,63.14346,6.8999996,4083.4695,9011.14
Mauritania,2001,78.8849,91.63354,64.00922,1.3,4076.9456,9007.24
Mauritania,2002,79.38969,91.949905,64.73587,1.4000001,4046.2305,8904.58
Mauritania,2003,79.85021,92.2776,65.29855,2.5,4056.6665,8866.18
Mauritania,2004,79.561516,92.33765,64.546074,1.2,4066.4556,8938.51
Mauritania,2005,80.474464,92.67902,66.24417,4.1,4062.8877,8834.439
Mauritania,2006,79.8089,92.163185,65.24307,3.1,4050.1978,8883.98
Mauritania,2007,79.943565,92.321,65.59864,2.1,4063.6228,8869.49
Mauritania,2008,78.933334,91.2805,64.50354,3.8000002,4064.2861,8890.75
Mauritania,2009,80.60222,92.78085,66.3576,5.1999993,4032.9395,8774.359
Mauritania,2010,82.53508,95.31344,67.53968,2.4,4062.9846,8811.54
Mauritania,2011,80.32477,92.51332,65.94459,1.6,4065.5645,8841.35
Mauritania,2012,80.28216,92.24298,66.168045,1.3,4055.442,8806.28
Mauritania,2013,80.34803,92.94286,65.44428,1.7,4074.9937,8937.67
Mauritania,2014,80.4489,93.03656,65.66127,0,4054.9226,8890.98
Mauritania,2015,79.42049,91.43874,65.18932,3.8,4050.383,8831.43
Mauritania,2016,81.80342,93.83634,67.83126,3.3999999,4054.7925,8757.189
Mauritania,2017,79.48621,91.3256,66.13718,5.3,3941.477,8563.32
Mauritania,2018,82.04348,93.597046,69.02311,0.1,3842.8572,8220.74
Mauritania,2019,80.538925,92.001945,67.6985,2,3837.285,8207.2
Mauritania,2020,81.32927,92.84317,68.38137,0,3873.5383,8270.95
Mauritius,1995,82.182884,95.16038,70.185005,62.899998,3930.61,8211.95
Mauritius,1996,80.355865,93.32162,69.088745,150.8,3965.15,8241.84
Mauritius,1997,82.24274,95.227684,70.962456,73,3955.0347,8190.92
Mauritius,1998,82.70871,95.819466,70.86678,19.9,3929.9167,8154.57
Mauritius,1999,82.04906,95.81601,69.350105,6.1000004,3983.7405,8344.75
Mauritius,2000,81.793274,95.83424,68.79218,2.5,3997.7336,8436.66
Mauritius,2001,82.174255,96.2744,68.80023,0,3957.8914,8361.619
Mauritius,2002,81.77888,95.65205,68.8895,3.7000003,3984.9172,8337.88
Mauritius,2003,81.85828,95.42765,69.552536,63.200005,3953.4207,8269.13
Mauritius,2004,81.47337,95.26251,69.059235,21.899998,3955.8696,8305.1
Mauritius,2005,81.816925,95.61235,69.10204,7.3,3979.439,8320.63
Mauritius,2006,81.56246,94.95719,69.3898,48.199997,3914.5818,8199.92
Mauritius,2007,82.57839,95.88457,70.26736,27,3906.2205,8158.15
Mauritius,2008,81.45597,95.56521,68.22858,3.8000002,3969.889,8389.311
Mauritius,2009,82.35969,96.435905,69.30251,2.3,3962.1611,8331.41
Mauritius,2010,82.37537,95.69346,70.13816,80.40001,3925.7515,8252.859
Mauritius,2011,81.99263,95.371925,70.30928,41.999996,3954.3867,8237.97
Mauritius,2012,81.99149,96.164,69.200874,5,3971.6821,8334.74
Mauritius,2013,81.61462,94.71801,69.50248,27.7,3890.6016,8132.11
Mauritius,2014,81.98435,95.34801,69.72194,3.5,3973.0034,8259.09
Mauritius,2015,82.37635,95.86878,69.81465,13.3,3954.688,8278.109
Mauritius,2016,81.981125,95.37115,69.66163,7.2,3927.0977,8183.71
Mauritius,2017,81.71629,95.665306,69.269646,13.6,3896.09,8164.2803
Mauritius,2018,82.582596,96.44521,69.9322,4.7000003,3835.6829,8060.91
Mauritius,2019,82.20681,95.271515,70.77031,37.800003,3799.5947,7873.46
Mauritius,2020,81.495636,94.55247,70.061905,25.300001,3805.4922,7896.2305
Mexico,1995,64.75857,72.57474,58.40011,989.19995,3154.9272,5740.2803
Mexico,1996,64.41558,72.29443,58.03116,1112.3,3145.7075,5744.43
Mexico,1997,64.39318,72.3654,57.964405,1046.7001,3205.8528,5894.04
Mexico,1998,66.01209,73.97775,59.417477,921.39996,3209.0134,5936.29
Mexico,1999,64.947044,72.83044,58.550022,993.1,3054.9983,5672.07
Mexico,2000,63.911182,71.518616,57.724514,986,3175.5823,5614.4497
Mexico,2001,64.84013,72.79665,58.388023,1120.6,3211.496,5788.0596
Mexico,2002,65.18678,73.24739,58.52364,938.7,3305.4116,5995.59
Mexico,2003,65.43733,73.489044,58.818787,753.6,3429.0088,6091.88
Mexico,2004,64.27467,72.27575,57.63501,860.69995,3233.921,5867.94
Mexico,2005,65.72843,74.017456,59.041943,750.9,3258.5396,6019.79
Mexico,2006,65.97811,74.59591,58.898678,798.5,3376.0278,6148.12
Mexico,2007,65.15816,73.35342,58.2709,907.80005,3226.7903,5976.62
Mexico,2008,64.019646,71.94501,57.559517,1061.5,3142.2,5689.36
Mexico,2009,66.37268,75.077225,59.20518,719.8,3415.9712,6242.09
Mexico,2010,66.86852,75.426384,59.78783,780.80005,3388.7556,6239.6104
Mexico,2011,64.03729,72.103775,57.6086,646.4,3175.9375,5741.7
Mexico,2012,66.60106,75.20788,59.6964,810.1,3378.6843,6185.97
Mexico,2013,65.493355,73.90821,58.572956,758.4,3361.5256,6118.7
Mexico,2014,66.22651,74.85457,59.236492,800.19995,3406.0688,6213.58
Mexico,2015,65.80334,73.82685,59.189888,871.7,3222.3523,5980.63
Mexico,2016,65.58537,73.72749,58.872578,766,3281.7766,5937.9697
Mexico,2017,64.655556,72.15277,58.470066,1183.4,2955.13,5594.3203
Mexico,2018,64.61794,72.35028,58.250854,1298.3,3147.7048,5804.2197
Mexico,2019,67.31399,76.16011,59.77518,776.69995,3617.1226,6549.6797
Mexico,2020,66.58013,75.356766,59.24652,826.9,3504.2178,6364.2197
Federated States of Micronesia,1995,81.10263,82.60959,79.33975,2743.1,3556.8394,7063.63
Federated States of Micronesia,1996,80.949715,82.398766,79.2109,3105.2002,3586.6838,7036.34
Federated States of Micronesia,1997,80.607735,81.97712,79.02981,2767.7002,3539.555,7036.8906
Federated States of Micronesia,1998,81.26678,82.58222,79.67979,1949.7001,3842.8784,7620.9697
Federated States of Micronesia,1999,80.67463,82.18202,78.95411,3063.1,3628.1587,7078.92
Federated States of Micronesia,2000,80.84706,82.43222,79.05426,3506.4,3590.7876,6966.5
Federated States of Micronesia,2001,80.96037,82.406906,79.26627,2847.5999,3539.9521,6945.03
Federated States of Micronesia,2002,80.90207,82.24762,79.39696,3493.3003,3284.034,6671.49
Federated States of Micronesia,2003,80.863144,82.30161,79.182686,3499,3361.1753,6715.51
Federated States of Micronesia,2004,81.03119,82.52098,79.338524,3165.5,3406.2405,6755.7803
Federated States of Micronesia,2005,80.96694,82.45893,79.28205,3711.9,3453.7905,6749.4
Federated States of Micronesia,2006,80.85502,82.317894,79.20783,3279.6,3449.785,6846.4497
Federated States of Micronesia,2007,81.1536,82.70354,79.43197,3190.2002,3592.6538,6990.39
Federated States of Micronesia,2008,80.62045,82.112785,78.87623,3113.2,3666.5527,7161.6104
Federated States of Micronesia,2009,81.01212,82.46411,79.34543,3124.4,3516.939,6911.26
Federated States of Micronesia,2010,81.018845,82.419235,79.43887,2693.2,3686.1104,7216.75
Federated States of Micronesia,2011,80.82621,82.4042,79.04485,3683.7,3465.861,6773.81
Federated States of Micronesia,2012,80.89495,82.42607,79.17008,3311.7998,3552.3413,6962.48
Federated States of Micronesia,2013,81.25824,82.67542,79.62085,2895,3576.8716,7065.73
Federated States of Micronesia,2014,81.25859,82.754326,79.51507,3348.2,3464.7227,6829.45
Federated States of Micronesia,2015,81.098564,82.42219,79.52789,2915.9,3573.1423,7014.02
Federated States of Micronesia,2016,81.73712,83.18542,80.10303,2598.6,3749.7727,7294.2197
Federated States of Micronesia,2017,81.97019,83.643486,79.8657,3590.3003,3532.7979,6896.1597
Federated States of Micronesia,2018,81.713066,83.32072,79.79,3812.7002,3377.98,6721.21
Federated States of Micronesia,2019,81.65717,83.201126,79.8509,3301.6,3403.7644,6828.79
Federated States of Micronesia,2020,81.96501,83.59238,80.10352,3469.2002,3542.9983,7042.9697
Monaco,1995,58.30978,63.2911,52.843952,824.4,3568.479,5424.29
Monaco,1996,57.42141,62.097507,52.380207,1184.2,3401.0225,5202.6797
Monaco,1997,59.519268,64.66995,54.085457,645.80005,3603.044,5580.91
Monaco,1998,58.672836,63.84861,53.16696,584.19995,3660.3972,5667.8
Monaco,1999,58.49596,63.808167,52.81387,844.6,3578.057,5535.89
Monaco,2000,59.155823,63.966354,53.84677,1077.3,3554.2944,5569.62
Monaco,2001,59.239582,64.182724,53.819405,580.80005,3643.3005,5639.3
Monaco,2002,58.97543,63.67724,53.73532,1086.2,3483.5667,5321.8696
Monaco,2003,59.82014,64.729866,54.46888,605.9,3569.2034,5704.6
Monaco,2004,58.781986,63.617912,53.5898,678.39996,3580.8132,5540.04
Monaco,2005,58.139473,62.79327,52.952934,627.10004,3677.1963,5512.34
Monaco,2006,59.68728,64.44162,54.560604,621.6,3671.341,5574.6396
Monaco,2007,59.342926,64.43719,53.848743,451.2,3723.7285,5712.95
Monaco,2008,58.66944,63.476765,53.532265,1036.5,3556.6333,5445.33
Monaco,2009,59.413265,64.32721,54.00853,910.8,3590.7139,5652.95
Monaco,2010,57.252644,61.93445,52.153046,1094.9,3406.985,5306.83
Monaco,2011,59.824776,64.54666,54.63483,813,3653.9712,5585.3496
Monaco,2012,59.31614,64.22948,54.082584,918.49994,3648.213,5651.71
Monaco,2013,58.491165,63.196907,53.323288,1213.4,3510.6516,5310.98
Monaco,2014,60.230484,64.75058,55.1445,1253,3484.8806,5362.8
Monaco,2015,60.596527,65.28984,55.47417,642.2,3656.6812,5571.2197
Monaco,2016,60.185562,64.97055,55.062927,841.2,3652.3125,5605.8096
Monaco,2017,60.719658,67.290924,54.392815,519.50006,3659.3037,5814.27
Monaco,2018,61.426495,67.52714,55.261497,934.19995,3391.0583,5304.6504
Monaco,2019,60.810787,67.4909,54.437447,1028.6,3538.5542,5659.84
Monaco,2020,60.698135,66.92706,54.620667,710.8,3588.0789,5620.8203
Mongolia,1995,32.89411,43.646973,22.92996,283.9,3589.427,5756.7
Mongolia,1996,30.684778,41.860207,20.103815,291.80002,3624.8093,5835.34
Mongolia,1997,34.449978,45.61982,24.054838,228.79999,3521.4534,5671.2
Mongolia,1998,34.284084,44.9198,24.401768,305.80002,3483.4573,5619.6
Mongolia,1999,33.59241,44.413574,23.378235,326.6,3507.736,5697.8496
Mongolia,2000,30.7278,42.34537,19.42783,301.9,3548.8994,5797.38
Mongolia,2001,32.780544,43.903164,22.002836,259.4,3535.996,5788.59
Mongolia,2002,34.607246,45.872807,23.568592,191.2,3638.4944,5935.75
Mongolia,2003,31.987608,42.948673,21.409084,316.19998,3506.266,5686.83
Mongolia,2004,33.804417,44.956112,23.109716,237.90001,3636.8867,5798.67
Mongolia,2005,32.816017,43.68791,22.440262,185.8,3610.8708,5811.84
Mongolia,2006,34.16535,45.318264,23.764374,225.4,3631.0613,5840.44
Mongolia,2007,36.20504,47.101498,25.982561,306.5,3573.416,5821.17
Mongolia,2008,34.42365,45.462177,24.169554,255.3,3604.3577,5853.36
Mongolia,2009,32.99793,44.85544,21.631,271.1,3585.7957,5858.04
Mongolia,2010,30.879013,42.87914,19.168701,253.90001,3542.5356,5827.31
Mongolia,2011,30.63243,42.34949,19.415524,327.80002,3527.9207,5808.7197
Mongolia,2012,29.467186,40.92996,18.045128,271.1,3595.869,5862.9
Mongolia,2013,32.727116,44.3433,21.850946,306.60004,3550.4744,5731.71
Mongolia,2014,34.002155,45.020397,23.688179,256.4,3564.6072,5780.5103
Mongolia,2015,34.478397,45.8378,23.56662,236.9,3539.4832,5813.06
Mongolia,2016,32.3717,43.27251,21.958897,353.90002,3454.5464,5590.76
Mongolia,2017,35.933464,45.772465,26.411617,258.6,3532.2634,5792.76
Mongolia,2018,34.06069,43.86718,24.820713,389.60004,3414.3606,5617.89
Mongolia,2019,35.384575,45.469425,26.253561,279.7,3431.4011,5664.5
Mongolia,2020,35.17491,45.30244,25.631294,246.4,3584.7195,5797.16
Montenegro,1995,54.042873,61.596634,45.841213,2255.7002,3152.1968,5048.43
Montenegro,1996,54.18627,61.458607,46.432293,2639.5002,3020.1252,4958.5303
Montenegro,1997,54.424652,62.39603,46.208855,1585.3,3316.2183,5328.49
Montenegro,1998,55.005608,62.720528,47.095783,1817.9,3291.0388,5273.91
Montenegro,1999,56.077538,63.73124,47.92625,1976.3,3265.1042,5243.88
Montenegro,2000,56.670433,64.81049,47.97385,1743.7999,3446.6729,5549.17
Montenegro,2001,56.277584,63.753437,48.16469,2001.7,3207.6584,5164.83
Montenegro,2002,56.563313,63.9968,48.790497,1762.1001,3125.775,4933.34
Montenegro,2003,56.532112,64.72691,47.894447,1777,3374.4585,5448.03
Montenegro,2004,55.738735,63.329426,47.69672,2503.2,3156.227,5047.09
Montenegro,2005,54.349422,62.04343,46.26285,2137.7,3196.87,5096.17
Montenegro,2006,55.062675,63.350277,46.70003,1629.6,3261.1313,5232.65
Montenegro,2007,57.413544,65.35592,49.13842,1740.8,3304.8748,5340.8
Montenegro,2008,57.116615,64.932945,48.931637,1870.3,3257.9744,5251.45
Montenegro,2009,56.864353,64.42264,48.64404,2098.5,3112.8945,5110.5303
Montenegro,2010,56.759224,63.633102,49.1537,3077.9,3043.2034,4976.5303
Montenegro,2011,57.021084,65.596085,48.06803,1029.1,3486.028,5530.48
Montenegro,2012,57.45187,65.57451,48.460487,1911.2,3297.9556,5470.59
Montenegro,2013,57.36899,64.863266,49.348255,2318,3172.4895,5088.54
Montenegro,2014,57.639484,64.71039,50.10031,2005.5,3096.823,4916.4004
Montenegro,2015,57.91017,66.41151,49.15913,1287.2,3445.435,5490.14
Montenegro,2016,57.535233,64.91791,49.871925,2348.8,3214.9172,5105.9697
Montenegro,2017,55.709183,65.47837,46.05711,1774,3405.2517,5578.99
Montenegro,2018,57.30252,66.74824,48.221302,1952.0001,3217.3608,5260.6504
Montenegro,2019,57.09483,66.4124,47.97966,2115.7998,3239.5452,5442.05
Montenegro,2020,57.074745,66.85453,48.039864,1975,3332.1165,5530.6396
Montserrat,1995,79.099785,79.863976,78.25112,50.799995,3929.482,7782.38
Montserrat,1996,78.50923,79.30459,77.64721,136.4,3909.6257,7679.7
Montserrat,1997,79.20089,79.96458,78.34507,72.6,3958.1174,7775.75
Montserrat,1998,79.784706,80.577065,78.91835,188.49998,3822.4634,7498.77
Montserrat,1999,78.83063,79.59891,77.99296,101.50001,3950.2776,7765.23
Montserrat,2000,78.86353,79.6395,78.01459,71.9,3946.7917,7792.43
Montserrat,2001,78.81696,79.57622,78.00208,9.6,3889.4268,7713.4795
Montserrat,2002,79.33132,80.12065,78.47896,193.30002,3929.9883,7754.96
Montserrat,2003,79.38274,80.18057,78.519646,48,3929.4216,7755.55
Montserrat,2004,79.015564,79.77943,78.14689,230.90001,3843.5396,7565.4297
Montserrat,2005,79.16207,79.931046,78.31449,37.6,3906.8252,7701.66
Montserrat,2006,79.41357,80.17022,78.57438,108.700005,3841.656,7508.99
Montserrat,2007,79.5624,80.32014,78.706795,198.30002,3841.9568,7558.3003
Montserrat,2008,78.46006,79.30139,77.56435,156.59999,3936.6348,7783.3496
Montserrat,2009,79.35841,80.15567,78.52334,18.400002,3937.0117,7760.5005
Montserrat,2010,79.46657,80.280685,78.60052,630.30005,3801.5833,7428.44
Montserrat,2011,79.00225,79.77447,78.14756,169.79999,3885.0583,7593.2
Montserrat,2012,79.2004,80.010086,78.32689,26.900002,3952.3193,7756.49
Montserrat,2013,78.58346,79.36342,77.710625,134.20001,3848.1584,7438.8896
Montserrat,2014,78.8036,79.59101,77.95745,323.5,3817.0723,7528.41
Montserrat,2015,79.569725,80.37882,78.70926,74.5,3893.0764,7649.45
Montserrat,2016,79.320816,80.06098,78.497055,86.7,3894.4192,7566.0303
Montserrat,2017,79.28319,80.11474,78.415344,214.3,3876.0564,7772.01
Montserrat,2018,79.01768,79.88814,78.11698,137.6,3773.3167,7665
Montserrat,2019,79.36707,80.1712,78.54627,154.2,3782.8408,7548.75
Montserrat,2020,79.33435,80.14533,78.48746,182,3718.179,7415.1997
Morocco,1995,71.14631,82.652534,59.38273,68.7,3958.78,7770.29
Morocco,1996,70.78524,82.3324,58.750427,52.6,3934.601,7756.88
Morocco,1997,72.204666,83.66497,59.91705,13.299999,3964.264,7747.59
Morocco,1998,71.08089,82.653275,58.891785,32.800003,3968.7373,7804.6396
Morocco,1999,73.607315,85.114586,61.425846,40.6,3922.48,7761.98
Morocco,2000,71.14712,83.04502,58.494194,12.4,4002.5076,7903
Morocco,2001,73.488304,85.30174,60.94206,11.1,3986.5996,7893.4795
Morocco,2002,72.482346,84.12336,59.987328,12.4,4011.8894,7886.1797
Morocco,2003,72.280815,83.45563,60.271378,37.700005,3950.6123,7768.59
Morocco,2004,71.64846,82.92797,59.561657,48.200005,3947.703,7796.3696
Morocco,2005,71.93904,83.320755,59.63324,29.3,3962.9966,7775.6997
Morocco,2006,72.16731,83.71132,59.581955,48.800003,3958.254,7775.83
Morocco,2007,72.14451,83.59396,59.724968,40.9,3984.2644,7832.0303
Morocco,2008,72.03435,83.19846,60.03649,11.099999,3988.1914,7819.2305
Morocco,2009,71.35869,82.56894,59.220234,53.300003,3950.7312,7784.5503
Morocco,2010,73.49186,84.696884,60.901627,17.2,3960.7563,7764.5103
Morocco,2011,71.35267,82.54404,58.71993,24.899998,3978.7996,7816.8496
Morocco,2012,72.21156,83.75912,59.18002,22.7,3961.1423,7829.49
Morocco,2013,72.646545,84.03582,60.112587,34.6,3967.949,7806.0195
Morocco,2014,73.52255,85.373985,60.34313,20.5,3999.4407,7866.2
Morocco,2015,72.06135,83.20091,59.85491,29.6,4003.5657,7852.24
Morocco,2016,73.93639,85.2151,61.886166,16.2,3983.8406,7816.44
Morocco,2017,72.25569,83.20387,61.339542,67.100006,3854.9907,7596.6396
Morocco,2018,73.53654,84.42294,62.420773,23.5,3771.604,7306.8896
Morocco,2019,73.35664,84.23456,61.755024,28.1,3826.9028,7391.04
Morocco,2020,74.08527,85.03781,62.489605,8.5,3839.5789,7380.71
Mozambique,1995,83.90984,96.0613,70.675125,19.7,4030.8884,8529.53
Mozambique,1996,83.80032,95.89052,70.32561,56.300003,4019.4712,8495.289
Mozambique,1997,83.03402,95.30505,69.21812,44.100002,4016.4812,8502.18
Mozambique,1998,84.339264,96.69944,70.114174,8.9,4044.5593,8549.39
Mozambique,1999,85.21431,97.379234,71.54308,29.8,4041.1494,8532.22
Mozambique,2000,84.42546,96.76324,70.854294,9.9,4063.2886,8624.569
Mozambique,2001,84.39818,96.61979,71.04919,10,4051.4478,8583.93
Mozambique,2002,84.58278,97.04169,70.98187,9.3,4063.446,8671.15
Mozambique,2003,84.74516,97.28554,71.40869,24.6,4038.8762,8563.31
Mozambique,2004,84.95451,97.36913,71.39872,4.1,4069.851,8666.291
Mozambique,2005,85.00082,97.4616,71.95215,19.9,4045.8816,8551.92
Mozambique,2006,84.37822,96.47579,71.1276,21.5,4038.365,8520.01
Mozambique,2007,84.00286,96.35621,70.91258,35.3,4032.924,8528.48
Mozambique,2008,85.04962,97.40626,71.987656,9,4058.8853,8626.06
Mozambique,2009,85.551796,98.054855,71.9085,4.5000005,4058.6675,8660.359
Mozambique,2010,86.12101,98.30884,72.477844,17.599998,4043.6416,8573.05
Mozambique,2011,84.17817,96.61487,70.00371,18.9,4056.879,8650.09
Mozambique,2012,84.99387,97.548645,70.569786,3.3000002,4070.4106,8681.87
Mozambique,2013,84.98202,97.399216,70.70374,35.3,4045.1023,8627.53
Mozambique,2014,84.91566,96.8999,71.4945,43.9,4031.215,8490.9
Mozambique,2015,85.87074,98.3357,71.84908,13.799999,4050.2212,8607.959
Mozambique,2016,85.80735,97.93131,72.29335,8.8,4053.8445,8569.939
Mozambique,2017,85.91802,97.55088,73.44715,31.3,3969.3467,8352.801
Mozambique,2018,85.50866,96.660484,73.27972,8.2,3911.9885,8270.17
Mozambique,2019,85.528984,96.64791,73.19047,14.300001,3928.0603,8210.689
Mozambique,2020,85.08004,96.312294,72.47213,19.1,3924.2605,8275.66
Myanmar,1995,80.297386,89.437614,72.47741,936.7,3534.1873,6562.3896
Myanmar,1996,79.259026,87.865105,71.9651,1257.7999,3498.7678,6427.37
Myanmar,1997,79.2643,88.22742,71.468185,933.5,3575.7424,6570.39
Myanmar,1998,82.59664,92.36791,74.213806,558.2,3689.3777,6754.41
Myanmar,1999,80.54804,89.66889,72.90029,994.5,3461.5107,6387.17
Myanmar,2000,79.06442,87.82552,71.60732,934.4,3484.221,6424.37
Myanmar,2001,79.82009,88.544014,72.37927,1147.5,3444.9634,6426.21
Myanmar,2002,79.67124,88.45698,72.12432,1201.5,3481.8928,6463.16
Myanmar,2003,79.9961,88.99205,72.268814,999.2,3612.9128,6653.67
Myanmar,2004,80.05378,88.991585,72.50953,1120.8,3534.266,6491.88
Myanmar,2005,81.39632,90.463356,73.576645,890.1,3552.1123,6569.81
Myanmar,2006,79.2093,87.88665,71.79588,1262.3,3458.7527,6469.0303
Myanmar,2007,79.26569,87.91648,71.824486,1089.4,3451.4375,6403.6396
Myanmar,2008,79.63701,88.488464,72.29363,911.7999,3416.2957,6318.2695
Myanmar,2009,81.20942,90.16771,73.56827,1074.6,3559.4636,6501.9805
Myanmar,2010,81.701294,90.65224,74.088295,966.89996,3478.0366,6583.57
Myanmar,2011,78.63057,86.83846,71.68319,1369.2,3414.736,6274.05
Myanmar,2012,80.31165,89.4074,72.59511,634.8,3487.5793,6464.88
Myanmar,2013,80.488525,89.15527,72.966125,1022,3429.8389,6378.4697
Myanmar,2014,80.63298,89.546104,73.01766,753.30005,3632.6458,6588.51
Myanmar,2015,80.191666,88.79578,72.91755,1014.2,3495.3247,6364.34
Myanmar,2016,80.77517,89.14162,73.57527,1045.4,3501.9673,6336.12
Myanmar,2017,80.36713,88.34833,73.71774,1733.9,3452.6729,6438.98
Myanmar,2018,79.525085,87.518364,72.9534,1496,3406.8145,6270.05
Myanmar,2019,81.4675,90.507095,73.80878,933.5,3647.794,6737.9
Myanmar,2020,81.72232,91.111145,73.94893,1138.5,3660.349,6726.85
Namibia,1995,76.67835,89.10805,62.11396,1.1000001,4042.4023,8666.03
Namibia,1996,77.02664,89.73543,61.971897,1.4000001,4064.1675,8765.14
Namibia,1997,76.200874,88.80722,61.403088,2.5,4059.56,8735.85
Namibia,1998,76.797615,89.44832,62.062183,0.8,4058.9985,8723.51
Namibia,1999,76.962364,89.625114,62.19607,1.7000002,4061.7612,8741.789
Namibia,2000,75.205734,87.83264,60.52944,1,4056.7727,8757.88
Namibia,2001,76.88346,89.50972,61.99413,0.6,4064.4697,8778.1
Namibia,2002,76.82882,89.245636,62.182022,0.70000005,4062.869,8734.77
Namibia,2003,77.01166,89.40196,62.333664,0.90000004,4059.2039,8682.93
Namibia,2004,77.551094,90.1815,62.870182,2.6,4068.9016,8734.07
Namibia,2005,78.076485,90.4509,63.712265,2.8000002,4041.1,8639.939
Namibia,2006,77.26142,89.66111,62.70821,0,4050.2979,8681.301
Namibia,2007,77.6085,90.1158,63.01076,1.3000001,4049.8823,8647.1
Namibia,2008,77.2851,89.51215,63.017967,0.8000001,4057.9634,8697.131
Namibia,2009,77.98376,90.33057,63.533497,0.7,4039.713,8617.609
Namibia,2010,80.33489,93.00518,65.23338,2.6000001,4054.075,8669.16
Namibia,2011,77.387314,89.56767,63.244263,1.5,4049.936,8641.46
Namibia,2012,77.46911,89.486084,63.14559,1,4068.5415,8654.789
Namibia,2013,78.415184,90.77909,63.736183,3.4,4040.119,8659.43
Namibia,2014,78.44542,90.82791,63.828644,2.9,4039.574,8668.311
Namibia,2015,76.973495,88.93914,62.859856,3.6,4033.9395,8606.15
Namibia,2016,79.0449,91.28927,64.722046,3.3,4037.8088,8582.189
Namibia,2017,77.38003,88.7379,64.74265,4.9,4000.4673,8471.13
Namibia,2018,80.524315,91.9806,67.78244,4.2000003,3888.0164,8129.6006
Namibia,2019,78.75288,89.90492,66.15331,2.6999998,3861.5083,8095.18
Namibia,2020,78.81457,89.91856,66.50798,0.5,3950.2856,8243.06
Nauru,1995,81.20563,82.339584,79.83488,1423,3952.0178,8107.9395
Nauru,1996,81.292305,82.303856,80.01352,561.4,4112.9785,8516.82
Nauru,1997,80.77257,82.2062,79.11956,2973.5999,3498.3489,6980.81
Nauru,1998,80.64294,81.41049,79.68644,316.2,4109.33,8552.1
Nauru,1999,79.95973,80.79553,78.8932,509.40002,4109.7935,8526.439
Nauru,2000,80.52169,81.53836,79.24853,619.30005,4113.0635,8415.59
Nauru,2001,81.09284,82.35709,79.64279,2142.3,3855.2131,7769.9097
Nauru,2002,80.83808,82.32652,79.2029,3523.5,3609.347,7040.3994
Nauru,2003,81.75957,83.1195,80.19019,2284.7,3747.1807,7489.68
Nauru,2004,81.14334,82.70319,79.464676,2845.4,3736.7473,7278.08
Nauru,2005,81.526924,82.97058,79.871864,2506.2,3763.8728,7452.08
Nauru,2006,81.03072,82.364006,79.46625,2068.2,3856.006,7615.52
Nauru,2007,81.27789,82.43625,79.88246,1505.3,3906.861,7898.3994
Nauru,2008,80.46335,81.39525,79.25664,700.9,4092.781,8373.16
Nauru,2009,81.01961,82.42047,79.428764,2443.6,3752.1184,7505.23
Nauru,2010,80.849045,81.83066,79.68052,1883.9,3876.7896,7934.3003
Nauru,2011,80.69697,81.73523,79.37599,943.3,4016.838,8167.8496
Nauru,2012,80.894356,82.270164,79.36434,1938.6001,3902.2844,7715.49
Nauru,2013,81.856415,83.00732,80.41803,1108.2,3971.4983,8033.2505
Nauru,2014,81.72565,83.17943,80.07998,2665,3713.6943,7393.6104
Nauru,2015,81.5273,83.0337,79.82575,3239.1997,3482.529,6948.58
Nauru,2016,82.05975,83.08508,80.82992,1540.4,3899.38,7997.5693
Nauru,2017,82.13153,83.22898,80.648575,1194.7001,3983.6638,8089.13
Nauru,2018,82.56365,84.00397,80.74449,1689.1001,3830.9624,7796.3804
Nauru,2019,82.00577,83.73718,80.01932,3701.9001,3458.051,6993.09
Nauru,2020,82.116646,83.20312,80.79869,1216.1001,3944.2114,8231.01
Nepal,1995,52.355896,59.7479,43.89656,2430.2,3374.9377,5904.7197
Nepal,1996,52.756245,59.870903,44.4718,2632,3322.3218,5768.1797
Nepal,1997,50.811096,58.202858,42.09261,2410,3426.9294,5886.9297
Nepal,1998,53.408867,60.38382,45.167408,3024.9001,3263.8123,5687.86
Nepal,1999,53.84194,60.992363,45.691128,2276.5999,3393.6548,5932.25
Nepal,2000,52.253704,59.010983,44.470078,2618,3305.0364,5598.3096
Nepal,2001,52.88992,59.856396,44.76623,2141.6,3445.9866,5880.06
Nepal,2002,52.334354,59.461872,43.952286,2356.9001,3396.7485,5728.8
Nepal,2003,52.6168,59.668503,44.382557,2489.4001,3386.8044,5913.2
Nepal,2004,52.68953,59.505486,45.244423,2716.2,3444.3892,5808.69
Nepal,2005,52.46349,59.906452,43.75305,1889.7001,3487.1917,6100.0303
Nepal,2006,53.63833,60.844173,45.14916,2084.9,3421.8423,6005.52
Nepal,2007,53.26325,60.13502,45.411514,3727.4,3239.785,5625.16
Nepal,2008,53.007248,60.110657,44.89869,2554.0999,3315.785,5779.16
Nepal,2009,54.22534,61.340034,45.72516,2018.8,3503.4795,6154.0996
Nepal,2010,54.00097,61.353355,45.34149,2774.5999,3382.765,5965.91
Nepal,2011,52.76281,59.62683,44.914913,3329,3288.4133,5654.45
Nepal,2012,51.956577,59.490246,42.785652,2232.9,3459.456,6170.08
Nepal,2013,52.761143,59.813732,44.756363,2950.7002,3198.541,5596.91
Nepal,2014,52.595215,59.968338,43.98138,2441.5,3382.3433,5930.6904
Nepal,2015,52.615166,59.59034,44.395622,2716.9001,3436.515,5787.59
Nepal,2016,54.21713,60.712585,47.124588,3190.8,3224.912,5565.5503
Nepal,2017,57.09651,63.210037,49.459274,3879.2002,3268.3103,5648.44
Nepal,2018,56.476692,62.182064,49.079548,4191.6,3009.9343,5278.7207
Nepal,2019,56.6452,62.375137,49.02086,3632.4004,3125.3323,5467.27
Nepal,2020,56.34578,61.945515,49.31871,4405,2929.2122,5296.1895
Netherlands,1995,50.362934,56.418888,44.43606,663.6,2910.4482,4029.73
Netherlands,1996,46.831955,52.802505,41.158573,609.30005,2611.5623,3775.02
Netherlands,1997,49.764694,55.69025,44.078037,647.5,2688.1606,3797.27
Netherlands,1998,49.80366,55.189465,44.692013,1073.7,2486.2415,3441.13
Netherlands,1999,50.886112,56.82056,45.288227,838.9,2828.7788,3879.96
Netherlands,2000,50.87859,56.3007,45.70529,867.5,2597.0112,3658.51
Netherlands,2001,49.903072,55.56006,44.521137,923.9,2675.0066,3780.32
Netherlands,2002,50.717434,56.400143,45.304504,917.8,2640.7864,3710.69
Netherlands,2003,50.461075,57.228886,44.08445,606.80005,3006.4556,4211.96
Netherlands,2004,50.089874,55.93185,44.62357,786.3,2737.6772,3836.8901
Netherlands,2005,50.565845,56.58902,44.84513,738.9,2844.807,3943.8
Netherlands,2006,51.517605,57.341076,45.989,741.30005,2776.5684,3944.69
Netherlands,2007,51.533188,57.23135,46.125355,909,2746.2566,3761.5298
Netherlands,2008,50.359264,56.003902,44.79472,790.4,2730.4773,3796.8699
Netherlands,2009,50.265453,56.1045,44.644173,722.1,2747.404,3882.72
Netherlands,2010,47.68355,53.518665,41.811516,747.30005,2620.6,3841.9602
Netherlands,2011,51.085552,57.19486,45.402145,755.7,2655.6228,3803.48
Netherlands,2012,49.80406,55.576035,44.272182,920.6,2692.2976,3774.02
Netherlands,2013,49.18152,54.99195,43.664776,711.3,2606.338,3773.28
Netherlands,2014,52.36963,58.206062,46.8779,804.30005,2804.4297,3830.4502
Netherlands,2015,50.94212,56.92634,45.220913,796.60004,2821.0781,3926.7798
Netherlands,2016,50.929127,56.784115,45.319473,728,2807.6584,3901.1602
Netherlands,2017,51.137207,57.16861,45.42028,957.4,2598.15,3706.46
Netherlands,2018,52.030823,58.84532,45.494747,685.3,2874.327,4221.78
Netherlands,2019,51.681175,58.11127,45.580807,915.4,2774.3606,4028.1
Netherlands,2020,52.4794,58.81269,46.219578,886.9,2735.004,4046.19
New Zealand,1995,52.747944,54.860493,50.855618,1989.7,2158.772,3993.6797
New Zealand,1996,53.25792,55.163197,51.61681,1713.3999,2471.9956,4357.5
New Zealand,1997,51.096275,53.10093,49.197647,1645.9,2287.6787,4220.52
New Zealand,1998,53.35212,55.64485,51.352715,1719.4001,2515.5889,4525.7603
New Zealand,1999,53.213226,55.593807,51.05288,1885.2,2128.2446,4136.5605
New Zealand,2000,51.087902,53.415825,49.126804,1964,2185.438,4058.4
New Zealand,2001,52.94709,55.30507,50.883476,1896.8999,2271.8662,4237.98
New Zealand,2002,52.639194,55.0866,50.533092,1775.3,2205.018,4064.3499
New Zealand,2003,52.719383,55.09992,50.628517,1736.3,2191.5962,4190.04
New Zealand,2004,52.97423,55.181885,50.95877,1612.9,2277.6194,4150.9004
New Zealand,2005,52.98216,55.300877,50.97841,1860.2,2326.037,4194.65
New Zealand,2006,54.40428,56.57345,52.478573,1637.2999,2350.0867,4246.32
New Zealand,2007,52.64186,54.80551,50.670933,2087.5,2234.7305,4122.37
New Zealand,2008,54.08913,56.10721,52.33459,1715.1,2524.6108,4463
New Zealand,2009,53.341793,55.522797,51.349262,1870.5,2243.2322,4140.01
New Zealand,2010,53.97013,56.353752,51.814796,1681.2001,2195.5435,4138.52
New Zealand,2011,55.242798,57.651974,53.07874,1752.6001,2465.7817,4330.88
New Zealand,2012,54.16065,56.16131,52.308525,1715.1001,2311.8945,4231.29
New Zealand,2013,54.46009,56.61167,52.425316,1967.4999,2403.956,4272.5596
New Zealand,2014,52.714542,54.81882,50.74762,1641.8,2291.1277,4171.7803
New Zealand,2015,52.72654,54.843483,50.890636,1725.7,2210.8503,4127.25
New Zealand,2016,51.2533,53.82377,49.13959,1614.1001,2437.854,4404.7803
New Zealand,2017,54.000523,56.016438,52.066544,1852.8,2204.9424,4239.59
New Zealand,2018,54.393684,56.726574,52.19748,1785.9999,2254.517,4298.73
New Zealand,2019,52.89542,55.238743,50.69287,1760.3999,2193.9036,4233.45
New Zealand,2020,54.74128,57.115658,52.491962,2214.1,2214.587,4197.2803
Nicaragua,1995,81.20489,82.206436,79.916245,1272.6,3651.1362,7201.02
Nicaragua,1996,80.92425,81.947296,79.67959,1560.3999,3591.0835,7140
Nicaragua,1997,81.33081,82.42909,79.927345,1426.8999,3656.5945,7333.58
Nicaragua,1998,81.99194,83.096085,80.616035,1664.8999,3544.8027,7063.43
Nicaragua,1999,81.34725,82.42342,79.88395,1839.2001,3560.4756,6984.4897
Nicaragua,2000,81.24939,82.366066,79.865,1826.1,3539.8462,7031.67
Nicaragua,2001,81.47847,82.59208,80.04841,1544.9999,3593.461,7108.19
Nicaragua,2002,81.57605,82.68134,80.167015,1623.2002,3593.9543,7121.7803
Nicaragua,2003,81.45937,82.51786,80.11055,2208.6,3462.361,6951.19
Nicaragua,2004,81.129364,82.23328,79.73246,1773.5,3510.0767,6928.99
Nicaragua,2005,81.608925,82.670494,80.20573,2007.8,3410.3184,6863.2397
Nicaragua,2006,81.38002,82.44143,79.98307,1371.8999,3605.7185,7136.98
Nicaragua,2007,81.04343,82.06416,79.74463,1633.6001,3641.4773,7151.87
Nicaragua,2008,81.373695,82.37836,80.02828,2317.8,3614.3267,7136.8003
Nicaragua,2009,81.79773,82.82658,80.481895,1399.3,3595.2815,7112.23
Nicaragua,2010,81.88048,82.978714,80.44515,1975.3,3511.5347,6947.58
Nicaragua,2011,81.46566,82.529205,80.05383,1676.1001,3533.763,6920.03
Nicaragua,2012,81.50993,82.45803,80.25327,1191,3693.896,7258.71
Nicaragua,2013,81.22101,82.29496,79.911064,2231.9,3449.4856,6867.8896
Nicaragua,2014,81.51519,82.54696,80.16036,1785.7,3542.7717,7029.83
Nicaragua,2015,81.73794,82.85024,80.34898,1865.7001,3573.4382,7011.55
Nicaragua,2016,82.22543,83.23483,80.97107,1523.6001,3662.7966,7301.98
Nicaragua,2017,81.951126,82.99893,80.5529,1519.3999,3563.4766,7179.2
Nicaragua,2018,81.661736,82.685036,80.32457,1657.2,3492.9617,7101.69
Nicaragua,2019,81.9965,83.05022,80.66066,1181.8,3639.5496,7326.03
Nicaragua,2020,81.95131,83.06517,80.59951,2007.5,3549.073,7064.9297
Niger,1995,83.56372,95.69403,69.220215,49.6,4040.456,8685.08
Niger,1996,83.71363,96.17414,68.54193,26.1,4064.05,8810.201
Niger,1997,83.14024,95.12494,68.85306,77.700005,4019.2283,8676.18
Niger,1998,83.45948,95.569756,69.34869,106.6,4032.9167,8725.91
Niger,1999,82.59439,94.62858,69.230316,155.5,4018.8674,8730.92
Niger,2000,82.47645,94.833984,68.21291,42.1,4060.5828,8884.38
Niger,2001,82.96215,95.39394,67.823364,32.8,4051.1428,8783.83
Niger,2002,83.72707,95.944046,69.261154,47.8,4045.6836,8761
Niger,2003,83.93965,96.11344,69.64458,50.7,4031.7705,8631.38
Niger,2004,84.32601,96.33324,69.90767,23.5,4045.6,8763.76
Niger,2005,84.357124,96.36718,70.04279,55,4024.048,8637.399
Niger,2006,84.07603,96.25794,69.24487,50.100002,4035.0027,8723.78
Niger,2007,83.69071,95.889305,69.11172,55,4037.1812,8711.031
Niger,2008,82.63948,94.87357,68.100296,36.300003,4058.2075,8752.58
Niger,2009,84.89621,97.018875,70.443726,56.200005,4028.591,8576.311
Niger,2010,85.45124,97.40477,71.59671,154.09998,4010.63,8633.61
Niger,2011,84.37205,96.10186,70.82443,53.9,4029.195,8621.6
Niger,2012,84.247185,96.11267,70.10784,78.3,4034.1716,8616.75
Niger,2013,84.749794,96.75701,70.13427,52.699997,4044.6592,8695.01
Niger,2014,84.495895,96.51315,70.00531,61.1,4041.6477,8648.369
Niger,2015,83.145645,95.31059,68.57369,56.100002,4033.5447,8703.801
Niger,2016,84.92674,96.735634,70.934395,89,4021.584,8551.9
Niger,2017,83.66231,95.26886,70.38054,73.99999,3913.3157,8258.71
Niger,2018,84.43311,95.712456,71.47262,40.100002,3771.6484,7831.54
Niger,2019,84.08824,95.08073,72.05503,75.50001,3765.676,7813.2505
Niger,2020,84.25814,95.20606,72.144165,38.6,3820.3455,7943.84
Nigeria,1995,77.45688,86.58982,69.48168,2759.9,3427.6626,6802.0303
Nigeria,1996,77.622986,87.07711,69.51505,2165.2998,3520.8713,6933.66
Nigeria,1997,77.248505,86.160774,69.54998,2243.4,3529.221,6797.6797
Nigeria,1998,78.76454,88.28108,70.40535,2183.4,3472.4578,6966.11
Nigeria,1999,77.41649,86.43226,69.620995,2161,3431.0588,6769.2695
Nigeria,2000,77.83655,87.59571,69.20891,1892.5,3609.0227,7229.75
Nigeria,2001,77.799164,87.435326,69.26076,1956,3530.5952,7082.71
Nigeria,2002,77.9368,87.220566,69.88582,1850.4,3548.4783,6966.3105
Nigeria,2003,78.4408,87.81801,70.16297,1735.3,3617.9172,7109.0205
Nigeria,2004,78.04568,87.360634,69.74005,1999.7002,3564.395,7005.76
Nigeria,2005,78.81518,88.21253,70.52569,1818.4,3566.985,7013.6504
Nigeria,2006,78.66065,88.09516,70.39204,1967,3582.8733,7048.08
Nigeria,2007,77.98711,87.43188,69.86042,1864.2001,3514.629,6967.1104
Nigeria,2008,77.60728,87.2903,69.08498,1925.9999,3536.8242,7130.0703
Nigeria,2009,78.14246,87.48143,70.08431,2054.8,3542.1196,6962.33
Nigeria,2010,78.691246,87.99234,70.52297,1957.3999,3475.4814,6919.75
Nigeria,2011,77.99132,87.62223,69.57637,1714.9001,3476.495,6976.23
Nigeria,2012,77.532585,86.76579,69.49587,2327.5,3484.7466,6826.32
Nigeria,2013,77.89585,86.78536,70.358505,2247.0999,3457.3828,6749.94
Nigeria,2014,77.782394,86.68944,70.10453,2401.5,3487.5989,6761.62
Nigeria,2015,78.23626,87.66489,70.02465,1916.9,3444.5344,6966.2305
Nigeria,2016,78.53811,87.919716,70.45185,2212.6,3559.76,7045.83
Nigeria,2017,79.60442,88.91131,71.86532,1284,3458.2705,7108.04
Nigeria,2018,78.77702,87.98764,71.28315,1673.5,3290.4724,6643.2705
Nigeria,2019,78.32398,86.84082,71.234825,1907.2999,3140.1868,6407.1895
Nigeria,2020,78.982834,88.117165,71.4052,1339.8,3285.8022,6746.49
Niue,1995,78.737915,79.73871,77.48156,605.3,3972.3313,7676.21
Niue,1996,78.948456,80.033195,77.546394,877.30005,3979.2444,7630.41
Niue,1997,79.00406,79.97592,77.757484,1157.8,3892.22,7458.6196
Niue,1998,78.73716,79.71923,77.48575,597.1,4016.8977,7742.8096
Niue,1999,79.04604,80.08663,77.65441,662.3,3994.9492,7696.38
Niue,2000,79.18196,80.21811,77.82574,836.80005,3993.9333,7703.83
Niue,2001,79.35555,80.419014,77.96485,1027.4,3873.1123,7409.5
Niue,2002,78.920525,79.91871,77.684494,891.1,3979.7156,7577.83
Niue,2003,78.76873,79.810715,77.40216,979.00006,3891.4883,7386.39
Niue,2004,78.90285,80.02754,77.52893,923.3,3933.6243,7404.53
Niue,2005,79.08335,80.06912,77.774,593.6,3988.8884,7658.6504
Niue,2006,78.9589,79.99589,77.6337,795.6,3946.9443,7496.7705
Niue,2007,79.27817,80.34726,77.87238,732,3969.5308,7563.1797
Niue,2008,78.982635,80.07721,77.49008,805,4001.1523,7617.01
Niue,2009,79.19351,80.20351,77.855865,777.8,4001.6248,7665.47
Niue,2010,78.47407,79.46797,77.1186,566.5,3979.0298,7609.3
Niue,2011,79.24504,80.32901,77.75058,810.9,3900.5168,7446.58
Niue,2012,79.10077,80.21885,77.678444,846.4,4024.022,7631.3604
Niue,2013,79.24686,80.29129,77.91948,800.9,3980.6172,7565.54
Niue,2014,79.63298,80.711205,78.221535,746.6,4028.6016,7650.0605
Niue,2015,79.30269,80.32186,78.028465,748.4,3927.7212,7496.32
Niue,2016,79.170906,80.1532,77.88081,785.8,3881.5105,7417.16
Niue,2017,80.0197,81.06405,78.5295,835.2001,3961.4702,7536.19
Niue,2018,79.20729,80.2972,77.78608,827.6,3949.1587,7469.91
Niue,2019,79.553856,80.64463,78.10071,726.9,3963.1853,7556.25
Niue,2020,79.48584,80.53902,78.0564,602.4,4007.0989,7646.5703
North Macedonia,1995,54.584743,63.758667,45.431465,467.50003,3340.5442,5412.13
North Macedonia,1996,54.497803,63.09673,46.122135,438.5,3190.2124,5266.4297
North Macedonia,1997,54.321297,63.671135,45.19919,357.40002,3358.3906,5503.3
North Macedonia,1998,55.48297,64.71858,46.366722,468.8,3335.713,5521.12
North Macedonia,1999,56.06918,65.38237,47.002888,382.90002,3408.8584,5461.17
North Macedonia,2000,56.94117,66.77492,47.109184,196.4,3625.4905,5938.33
North Macedonia,2001,56.03551,65.46695,46.68062,419.39996,3455.415,5581.59
North Macedonia,2002,55.91921,65.00338,46.983414,465.30002,3283.0364,5323.44
North Macedonia,2003,55.98861,65.16661,46.822395,357.59998,3342.0215,5548.29
North Macedonia,2004,55.696674,64.86107,46.53894,409.9,3391.5366,5476.2803
North Macedonia,2005,54.879955,63.999573,45.813408,449.7,3425.0627,5490.3
North Macedonia,2006,55.26378,64.61232,46.07823,451.3,3409.256,5552.2197
North Macedonia,2007,57.60336,67.0867,48.241932,399.99997,3454.6226,5647.67
North Macedonia,2008,57.986893,67.550255,48.447628,295.8,3526.9077,5753.21
North Macedonia,2009,56.641235,65.486176,47.68812,495,3316.7122,5444.8896
North Macedonia,2010,56.776775,65.53944,48.094723,549.2,3242.1248,5348.8203
North Macedonia,2011,56.081123,65.778854,46.47719,228.5,3537.965,5763.0303
North Macedonia,2012,57.88682,67.39214,48.051487,428,3428.5227,5846.81
North Macedonia,2013,57.74142,67.15894,48.42415,404.9,3414.2175,5630.84
North Macedonia,2014,57.183357,65.93101,48.695137,535.80005,3276.5642,5318.25
North Macedonia,2015,57.07596,66.24193,48.0173,475.3,3364.5588,5506.17
North Macedonia,2016,57.202217,66.67415,47.98193,376.9,3444.791,5557.05
North Macedonia,2017,57.65718,68.2932,47.655342,474.80002,3538.946,5867.5
North Macedonia,2018,58.57656,68.61474,49.42945,601.5,3415.8018,5616.3
North Macedonia,2019,59.03788,69.431145,49.203094,433,3457.3174,5798.95
North Macedonia,2020,57.49311,67.71137,47.99227,509.7,3529.6807,5831.6396
Norway,1995,33.2179,39.14726,27.058655,709.5,2654.927,3587.5298
Norway,1996,30.445232,36.726974,23.884027,685.7,2634.97,3489.42
Norway,1997,34.012943,39.83323,27.759174,701.2,2746.3367,3562.51
Norway,1998,32.467236,37.91882,26.774845,790.8,2249.209,3108.6602
Norway,1999,34.16098,39.800434,28.206219,786.3,2489.4893,3367.2402
Norway,2000,35.26794,40.495667,29.849108,1008.5,2329.7913,3203.2402
Norway,2001,32.187935,37.967396,26.24545,692.80005,2665.7373,3368.08
Norway,2002,34.305195,40.079063,28.109556,736.4,2729.727,3484.75
Norway,2003,34.60131,40.946762,28.082684,735,2736.4873,3500.9502
Norway,2004,34.58636,40.44452,28.35255,831.6,2640.8423,3356.43
Norway,2005,35.26615,41.241177,29.039642,748.1,2646.7478,3372.13
Norway,2006,35.822517,41.937256,29.416409,825.69995,2593.6873,3489.3298
Norway,2007,34.53115,40.478764,28.386215,835.1,2603.7285,3340.96
Norway,2008,34.619797,40.528618,28.219519,868.8,2690.2273,3519.1702
Norway,2009,33.689438,39.314438,27.76978,847,2569.8005,3351.42
Norway,2010,29.602654,35.683617,23.36323,648.80005,2589.6064,3362.43
Norway,2011,35.35006,41.138103,29.514297,1051.4,2487.3577,3140.27
Norway,2012,32.666576,38.087795,26.94919,918.3,2516.3516,3254.9302
Norway,2013,33.443455,39.80438,26.997507,818.9,2684.8118,3416.0698
Norway,2014,36.83062,42.082737,31.288406,885.80005,2406.2463,3329.76
Norway,2015,35.478985,41.267063,29.564846,889.60004,2644.635,3440.6099
Norway,2016,35.009583,40.839306,28.894878,748.7,2649.3953,3369.51
Norway,2017,36.73994,42.77263,30.479368,847.4,2410.996,3218.6099
Norway,2018,37.343884,43.83833,30.729645,738.3,2657.43,3720.76
Norway,2019,37.42801,43.520245,31.311562,898.5,2376.0906,3320.85
Norway,2020,39.010273,44.976818,32.76559,991.19995,2684.4353,3600.71
Oman,1995,84.86241,96.462456,71.157425,81,3952.7742,8192.85
Oman,1996,84.72618,96.14316,71.25349,59.100002,3982.8696,8199.02
Oman,1997,84.9689,96.41857,72.49706,122.2,3946.4756,8146.3896
Oman,1998,86.59529,97.969284,73.306076,40.7,3960.4412,8155.4697
Oman,1999,86.18407,98.20009,71.9541,6.2,4000.5505,8376.27
Oman,2000,85.4874,97.75702,71.03217,1.3000001,4017.8555,8426.42
Oman,2001,85.65739,97.876816,71.24545,0.4,3973.245,8305.49
Oman,2002,85.46453,97.6512,71.23534,13.099999,3985.718,8311.05
Oman,2003,85.78506,97.80482,71.68583,22.5,3972.8228,8260.96
Oman,2004,85.52622,97.530045,71.352585,11.4,3976.6033,8311.63
Oman,2005,85.78698,97.435936,72.02685,35.699993,3987.7205,8264.45
Oman,2006,85.53859,97.130684,71.99257,20.5,3972.0327,8191.1904
Oman,2007,86.106964,97.902954,72.24186,7.6000004,3980.9673,8250.08
Oman,2008,84.887825,97.048805,70.675125,0.70000005,3992.3362,8372.42
Oman,2009,86.05491,98.14067,71.6745,12.8,3982.6606,8329.7
Oman,2010,86.728325,98.41584,72.66302,8.7,3967.72,8252.899
Oman,2011,85.94911,97.60657,72.21622,22.199999,3983.1233,8230.25
Oman,2012,86.35827,98.30856,72.16431,3.6000004,4000.3972,8309.609
Oman,2013,85.30993,96.79411,71.69199,16.7,3952.3389,8180.35
Oman,2014,85.833145,97.31093,71.99134,2.8999999,3973.1584,8224.41
Oman,2015,86.60185,98.3744,72.63836,3.2,3986.6523,8283.52
Oman,2016,85.92098,97.40389,72.362015,32.3,3983.4414,8177
Oman,2017,86.41539,97.905426,73.33197,11.299999,3915.125,8117.75
Oman,2018,86.98412,98.321396,73.89564,1.2,3865.1511,7986.56
Oman,2019,86.410164,97.347664,74.01523,28.600004,3840.3442,7854.68
Oman,2020,86.068665,97.00037,73.78062,3.5,3845.5383,7895.67
Pakistan,1995,64.501816,75.25922,53.459488,317.59998,3872.1309,7549.1797
Pakistan,1996,65.63036,77.068474,53.603306,171.5,3927.1523,7736.2305
Pakistan,1997,63.508274,74.00465,53.009987,307.6,3789.712,7380.98
Pakistan,1998,67.02443,78.244255,55.316696,161.5,3932.785,7616.7803
Pakistan,1999,67.527084,78.839,55.689518,167,3941.8977,7797.369
Pakistan,2000,67.95748,79.69766,55.24446,85.200005,4009.7998,7953.2705
Pakistan,2001,67.18864,78.75664,54.629982,195.5,3932.7634,7734.92
Pakistan,2002,67.97947,79.26459,55.36946,120.8,3977.067,7867.16
Pakistan,2003,66.260475,77.27325,54.083324,181.1,3921.4802,7723.3096
Pakistan,2004,67.88836,79.13208,55.73257,166.9,3967.2617,7820.5703
Pakistan,2005,64.11614,74.72118,53.146587,348.8,3840.0327,7389.89
Pakistan,2006,66.44947,77.06858,55.681625,311,3836.5432,7439.59
Pakistan,2007,65.889305,76.70785,54.481293,345.30002,3884.6362,7539.5596
Pakistan,2008,65.97377,77.319786,54.424862,342.40002,3879.1125,7619.34
Pakistan,2009,66.65192,77.6981,54.973957,216.79999,3936.701,7647.6895
Pakistan,2010,67.435776,78.41785,55.312008,302.8,3851.8806,7553.46
Pakistan,2011,66.25089,77.174126,54.968037,299.2,3826.0007,7448.3296
Pakistan,2012,64.38734,75.25151,52.749542,267.1,3894.9995,7593.0103
Pakistan,2013,65.296074,75.82461,54.40881,387.2,3870.1023,7433.7603
Pakistan,2014,65.20806,76.20828,53.854256,222.6,3951.966,7610.6396
Pakistan,2018,68.30913,79.84623,56.086723,182.69998,3811.0496,7180.25
Pakistan,2019,66.03961,76.56801,55.212864,326.8,3678.3162,6949.9697
Pakistan,2020,65.779076,76.75425,54.281796,422.4,3742.2317,7059.4697
Palau,1995,79.589066,81.0374,77.9483,3113.9,3504.8386,6879.4404
Palau,1996,79.754875,81.182976,78.058304,2965,3510.896,6881.77
Palau,1997,79.488556,80.685036,78.04717,2124.7002,3676.399,7287.9404
Palau,1998,80.192345,81.52513,78.59803,2085.7,3755.21,7502.12
Palau,1999,79.65364,81.23195,77.858795,3919.0002,3391.7236,6604.99
Palau,2000,79.7518,81.27125,78.050186,3617.7,3385.8018,6654.86
Palau,2001,79.845924,81.26351,78.23138,3483.5,3325.2334,6637.38
Palau,2002,79.88643,81.19915,78.329506,2475.6,3612.151,7138.98
Palau,2003,79.631195,80.96688,78.070854,2990.2998,3452.651,6764.4404
Palau,2004,79.968506,81.251335,78.49207,2748.6,3589.7073,7134.36
Palau,2005,79.686455,81.09362,78.10833,3418.2002,3382.1606,6605.26
Palau,2006,79.82733,81.189545,78.21239,2987,3448.345,6873.29
Palau,2007,79.95439,81.391975,78.2543,2865.3,3467.1516,6891.9097
Palau,2008,79.699776,81.20732,77.986496,3261.9001,3541.3508,6933.1797
Palau,2009,80.10057,81.49603,78.45452,3342.4001,3377.3547,6764.63
Palau,2010,80.30889,81.77836,78.61973,2676.1997,3646.9233,7178.8604
Palau,2011,79.817505,81.327126,78.07874,3954.8,3301.7227,6536.45
Palau,2012,79.902336,81.36617,78.18051,3466.1,3367.3472,6748.84
Palau,2013,80.11104,81.49257,78.469315,3177.8,3444.7278,6852.3105
Palau,2014,79.94845,81.33477,78.372665,3502.2998,3469.9985,6870.41
Palau,2015,79.97702,81.17376,78.57189,2043.6,3768.6848,7517.25
Palau,2016,80.35313,81.70436,78.80617,2907.4,3530.6963,6968.88
Palau,2017,79.54075,83.22044,76.49288,4697.9004,3288.121,6596.1094
Palau,2018,79.64794,83.28726,76.58313,4144.3003,3389.0034,6824.87
Palau,2019,79.43099,83.05721,76.41571,3240.5,3435.451,6952.33
Palau,2020,79.7385,83.52981,76.604965,3892.0999,3410.2612,6920.4805
Panama,1995,80.141495,87.994354,75.02795,853.30005,3735.347,7007.18
Panama,1996,79.91258,87.948944,74.71648,1094,3699.4834,7016.1504
Panama,1997,80.553696,89.171005,74.93449,1161.4,3770.5154,7169.9697
Panama,1998,81.42009,89.508575,76.07712,979.4001,3657.3342,7029.1904
Panama,1999,79.73153,87.5875,74.65093,947.4,3669.0017,6906.37
Panama,2000,79.9686,87.68508,74.916145,1199.5,3645.89,6897.92
Panama,2001,80.28329,88.31514,74.96827,928.30005,3647.5488,6969.3496
Panama,2002,80.50226,88.5383,75.24641,929.6,3684.617,7057.04
Panama,2003,80.44454,88.17065,75.43849,923.2,3585.7512,6834.34
Panama,2004,80.25642,88.263695,75.165,954.89996,3642.963,6792.6797
Panama,2005,80.58235,88.674164,75.3083,1071.7,3628.4504,6928.71
Panama,2006,80.29561,88.31588,75.19266,1010.2999,3646.5503,6894.8
Panama,2007,79.80958,87.43142,74.81737,1067.4001,3599.8184,6861.16
Panama,2008,79.74445,87.31082,74.77107,1384.6,3581.963,6790.79
Panama,2009,80.52027,88.54323,75.2326,1045.6001,3624.2578,6958.3496
Panama,2010,80.44031,88.00471,75.58471,1585.8,3448.3894,6624.31
Panama,2011,79.9692,87.64101,75.14334,1641.4,3448.4583,6604.1904
Panama,2012,80.71733,88.85484,75.35189,1107.6001,3692.8264,7025.22
Panama,2013,80.23111,87.59663,75.398544,900.8,3563.5833,6730.95
Panama,2014,80.281815,87.89498,75.358345,1600.7,3496.7393,6724.8096
Panama,2015,80.105606,87.47161,75.330246,1481.7999,3618.383,6740.4795
Panama,2016,81.38955,89.30096,76.067276,670.7001,3761.828,7085.4297
Panama,2017,80.25508,88.914894,74.84604,1408.3,3538.9065,6729.88
Panama,2018,79.52988,88.23829,74.07426,1864.5,3495.166,6720.7603
Panama,2019,80.836075,89.74955,74.98239,1360.1,3584.0378,6864.7803
Panama,2020,80.58987,89.29489,75.02964,1369.8002,3547.2463,6832.01
Papua New Guinea,1995,81.00694,82.50406,79.28353,2868.1,3524.683,7003.0703
Papua New Guinea,1996,80.95577,82.440575,79.202545,3017.6,3422.2466,6854.92
Papua New Guinea,1997,80.60103,81.953705,79.01846,2767.2,3540.934,7102.7603
Papua New Guinea,1998,81.24395,82.58715,79.62824,2006,3770.7644,7592.46
Papua New Guinea,1999,80.65882,82.30482,78.885315,3906.4,3383.3828,6618.77
Papua New Guinea,2000,80.64357,82.25983,78.83517,3956.1,3369.51,6644.48
Papua New Guinea,2001,81.054245,82.54326,79.38414,2883.4,3484.5317,6862.17
Papua New Guinea,2002,80.98652,82.37312,79.35553,2848,3498.968,6991.59
Papua New Guinea,2003,80.85209,82.336136,79.162964,3246.4,3427.7583,6750.74
Papua New Guinea,2004,81.07502,82.48754,79.409836,3101.9,3381.324,6809.86
Papua New Guinea,2005,80.88431,82.39778,79.22954,3506.5,3338.3906,6597.77
Papua New Guinea,2006,80.809814,82.290764,79.13042,3052.0002,3494.3472,6861.4805
Papua New Guinea,2007,81.05054,82.608604,79.32767,3136.4,3473.7002,6861.01
Papua New Guinea,2008,80.65975,82.25369,78.851395,3328.7002,3555.5781,6958.4
Papua New Guinea,2009,81.12203,82.60244,79.377975,3349.7002,3535.0295,6938.76
Papua New Guinea,2010,81.4231,82.87762,79.69728,2994.8,3582.3557,7099.09
Papua New Guinea,2011,80.85642,82.43723,79.09046,3600.3,3450.216,6808.54
Papua New Guinea,2012,80.941696,82.44647,79.15607,3260.4001,3472.6736,6841.2305
Papua New Guinea,2013,81.134605,82.63597,79.433945,3449.5,3460.0872,6809.7803
Papua New Guinea,2014,81.359955,82.85371,79.607285,3052.6,3530.0527,7004.56
Papua New Guinea,2015,81.08731,82.41282,79.50594,2701.1,3595.266,7213.87
Papua New Guinea,2016,81.73287,83.15271,80.06689,3315.7998,3605.196,7137.54
Papua New Guinea,2017,81.91965,83.60082,79.93202,3558.9001,3330.326,6669.53
Papua New Guinea,2018,81.861694,83.43661,79.99614,3199.4001,3398.814,6912.86
Papua New Guinea,2019,81.671616,83.17869,79.94189,3159.4,3327.563,6815.25
Papua New Guinea,2020,82.10994,83.74213,80.20434,3386.3003,3454.1711,6967.59
Paraguay,1995,80.371994,88.055595,72.42692,251,3941.5044,7868.6797
Paraguay,1996,80.39268,88.05245,72.193275,89.8,3977.3137,7973.6494
Paraguay,1997,80.35228,87.79719,72.6333,294.6,3918.4534,7809.8896
Paraguay,1998,82.11676,90.07432,73.65388,60.3,3992.7036,8031.95
Paraguay,1999,81.6561,89.53554,72.97629,63.499992,4021.9922,8134.44
Paraguay,2000,81.663246,89.7691,72.31647,13.300001,4053.5884,8249.68
Paraguay,2001,81.425285,89.58535,71.96706,17.4,4016.4697,8169.0903
Paraguay,2002,81.6247,89.79198,72.408424,47.4,4002.9268,8094.96
Paraguay,2003,81.39628,89.22067,72.24494,25.899998,4000.571,8079.8994
Paraguay,2004,81.79035,90.087524,72.278114,44.600002,4027.6997,8145.7803
Paraguay,2005,81.40877,89.28946,72.71566,69.3,3987.633,8037.38
Paraguay,2006,81.57889,89.339264,73.23815,172.49998,3980.5906,7989.16
Paraguay,2007,81.42149,89.15582,73.18341,206.5,3965.3872,7967
Paraguay,2008,81.18613,89.13909,72.34081,38,3999.5195,8111.79
Paraguay,2009,82.15838,90.07012,73.59272,171.7,3998.917,8051.82
Paraguay,2010,81.981514,89.99221,73.48645,171.40001,3986.204,8066.67
Paraguay,2011,81.69658,89.17086,73.61368,254.8,3968.43,7953.3604
Paraguay,2012,81.972755,89.97589,73.3977,55.700005,4026.0886,8100.18
Paraguay,2013,80.77534,88.18801,72.95903,101.100006,3962.115,7940.01
Paraguay,2014,80.74303,88.29797,72.34752,57.7,3977.4795,7982.13
Paraguay,2015,82.49863,90.55686,72.88529,33.600002,3993.2627,8052.0996
Paraguay,2016,81.73879,89.440956,73.31581,106.4,3994.7341,7994.91
Paraguay,2017,85.38257,95.49831,74.88127,65.9,3927.0488,7921.4004
Paraguay,2018,86.072914,95.86079,76.24275,19.1,3936.6394,7794.98
Paraguay,2019,84.63293,94.13845,75.050064,75.8,3899.4795,7720.22
Paraguay,2020,83.7803,93.284,74.35571,75.3,3903.33,7746.47
Peru,1995,80.83314,81.97071,79.45244,1619.6,3798.0344,7438.9697
Peru,1996,80.49636,81.616554,79.0968,1792.1,3752.196,7343.01
Peru,1997,80.99522,82.29841,79.43197,1779.8,3749.633,7309.88
Peru,1998,81.452324,82.61674,80.045944,2097.3,3654.7075,7230.79
Peru,1999,80.361855,81.488655,79.03005,1926.5,3741.9695,7295.63
Peru,2000,80.766815,81.93967,79.40861,1602.7,3784.9905,7368.1797
Peru,2001,80.771545,81.97318,79.298325,1797.9001,3722.4233,7264.56
Peru,2002,81.02384,82.26907,79.5274,1683.4,3718.4888,7291.5996
Peru,2003,81.39514,82.6774,79.800606,1876.3,3650.719,7133.03
Peru,2004,80.835266,82.12803,79.32377,2048.5,3664.913,7139.3896
Peru,2005,81.064896,82.24909,79.63614,1846.9998,3684.4753,7176.07
Peru,2006,81.03733,82.24663,79.62529,1754.6,3672.9797,7178.35
Peru,2007,80.89802,82.13789,79.423836,2220.5,3548.5015,7038.3496
Peru,2008,80.80283,82.00951,79.342705,2001.3,3631.703,7120.59
Peru,2009,81.153305,82.358574,79.691864,2086.6,3597.4812,7124.7793
Peru,2010,81.33668,82.55067,79.87582,2151.1,3415.112,6734.63
Peru,2011,80.983955,82.178825,79.5385,2307.6,3562.787,7073.7397
Peru,2012,81.12342,82.19271,79.79172,1431.3,3681.6484,7304.35
Peru,2013,81.05575,82.21704,79.69458,1764.2001,3641.0254,7073.61
Peru,2014,81.26538,82.46682,79.76954,2113,3566.3965,6993.06
Peru,2015,81.46458,82.7706,79.79222,1927.1,3678.8594,7084.03
Peru,2016,81.8133,82.96361,80.41041,1287.4,3729.8809,7289.88
Peru,2017,81.73581,83.11976,80.02647,2126.5,3625.149,7047
Peru,2018,81.68668,83.2386,79.758934,2236.6,3482.65,6817.95
Peru,2019,82.32805,83.69748,80.60247,2089.5999,3472.6807,6885.8594
Peru,2020,82.21094,83.59066,80.45246,2022.7,3487.7927,6848.27
Philippines,1995,80.58767,86.71261,75.13293,3925.7002,3507.8184,6571.9805
Philippines,1996,80.35281,86.74365,74.93472,3982.2004,3554.4229,6449.49
Philippines,1997,80.577225,87.50288,74.62227,2250.7,3743.8955,6954.6104
Philippines,1998,81.63803,88.69581,75.57824,2719.7002,3735.4216,6954.1504
Philippines,1999,80.61243,86.99222,75.15586,3928.5,3420.7686,6290.01
Philippines,2000,80.682175,86.70751,75.72284,3788.4,3404.8708,6292.2397
Philippines,2001,81.03835,86.919975,76.172005,4292.5996,3490.9429,6438.43
Philippines,2002,80.95616,87.566,75.613014,2749.8,3702.8938,6761.75
Philippines,2003,80.85211,87.38403,75.480354,2761.5,3632.8694,6728.91
Philippines,2004,80.91339,87.38742,75.61341,2568,3595.655,6596.5596
Philippines,2005,80.988914,87.414116,75.67515,3402.9,3551.797,6545.77
Philippines,2006,81.37869,87.79236,76.06671,3622.8,3471.8594,6475.7305
Philippines,2007,81.277374,87.72504,76.01148,3208.6997,3531.8684,6574.75
Philippines,2008,80.73394,86.908905,75.715706,4540.2,3288.7483,6122.3604
Philippines,2009,80.954506,87.13128,75.849236,3599,3380.7556,6245.76
Philippines,2010,81.47469,87.961266,76.08693,2960.6,3583.7346,6737.5103
Philippines,2011,80.77711,86.68819,76.02159,4250.6,3265.6973,6042.8
Philippines,2012,81.43474,87.73784,76.295296,3903.6,3378.5264,6271.55
Philippines,2013,81.24442,87.37392,76.22575,3629.1,3356.125,6266.96
Philippines,2014,81.046555,87.153984,75.99027,3754.1997,3373.451,6367.44
Philippines,2015,81.58458,87.98986,76.14044,2431.4,3689.4282,6881.4
Philippines,2016,81.90302,88.04049,76.85866,3735.6,3465.5308,6502.02
Philippines,2017,81.3632,83.02729,79.58169,2616.5,3506.3184,6992.75
Philippines,2018,81.33958,82.94099,79.72071,1779.9,3544.6873,7130.65
Philippines,2019,81.570015,83.16784,79.91896,1532,3648.604,7484.1904
Philippines,2020,81.766754,83.54221,79.79394,3096,3542.5989,7218.69
Poland,1995,47.49083,54.073963,40.82375,545.3,2653.54,3895.35
Poland,1996,44.73024,50.905823,38.654266,597.6,2440.8545,3783.5999
Poland,1997,46.71131,52.952297,40.29435,622.60004,2618.9504,3860.15
Poland,1998,47.511547,53.75465,41.3746,706.5,2577.6067,3736.96
Poland,1999,48.591717,54.9249,42.177692,620.7001,2588.3577,3878.02
Poland,2000,49.87239,56.322296,43.264675,681.80005,2693.415,3913.4502
Poland,2001,47.245163,53.27235,41.194103,734.7999,2407.3367,3650.4
Poland,2002,49.191486,55.7243,42.62498,674.8,2743.6877,3960.51
Poland,2003,47.888287,54.835144,40.782078,483.2,2818.7888,4170.36
Poland,2004,47.893177,54.424923,41.12459,499.8,2686.3083,3987.4902
Poland,2005,47.906677,54.90443,40.531555,530.7,2826.0315,4202.69
Poland,2006,48.376904,55.090347,41.492462,528.8,2803.5417,4181.02
Poland,2007,49.387566,55.746735,43.03898,699.6,2663.665,3957.07
Poland,2008,49.788742,56.13566,43.366478,551.9,2651.9958,3906.1902
Poland,2009,48.054146,54.62531,41.356102,606.4,2676.57,4048.6199
Poland,2010,45.437767,51.624245,39.06813,848.5,2466.7454,3854.7998
Poland,2011,48.94436,55.7852,42.268677,476.6,2741.1467,4036.52
Poland,2012,48.236725,54.936893,41.559597,542.19995,2715.3638,3975.33
Poland,2013,47.393955,53.484653,40.991665,667.69995,2482.3218,3879.4102
Poland,2014,50.317535,57.004025,43.985832,619.19995,2806.3528,4039.21
Poland,2015,51.11462,58.089203,44.119225,425.4,2898.8232,4160.58
Poland,2016,49.72528,56.243053,42.897972,722.4,2743.7227,4002.02
Poland,2017,48.91498,55.432373,42.63881,840.9,2427.9343,3726.7
Poland,2018,50.949486,58.423588,43.6335,583.89996,2892.8323,4378.64
Poland,2019,51.756294,59.192646,44.452377,545.5,2824.3254,4248.0303
Poland,2020,50.661736,57.758324,43.49431,729.00006,2725.0505,4111.04
Portugal,1995,64.98644,73.72385,56.537292,283.90002,3831.5093,6461.1895
Portugal,1996,64.00832,72.0817,56.179245,700.69995,3678.5078,6208.06
Portugal,1997,65.70227,74.3965,57.479206,434.2,3801.581,6378
Portugal,1998,64.60069,73.66959,56.08828,346.2,3735.3127,6378.47
Portugal,1999,66.052025,74.98951,57.811592,339.9,3774.9988,6439.28
Portugal,2000,65.57822,74.495476,57.431625,372.7,3827.3545,6465.9697
Portugal,2001,65.8863,74.739235,57.80444,296.09998,3769.87,6418.75
Portugal,2002,65.29275,73.90457,57.255318,407.5,3790.4219,6377.2803
Portugal,2003,66.45907,75.54825,57.597073,536.80005,3764.0283,6405.56
Portugal,2004,64.99051,73.55638,56.82941,539.10004,3740.343,6257.74
Portugal,2005,64.310234,72.792274,56.318333,410.80005,3736.311,6317.6797
Portugal,2006,66.263916,74.87658,58.362938,383.00003,3826.6362,6451.37
Portugal,2007,65.76101,74.33658,57.668823,396.10004,3796.6187,6328.79
Portugal,2008,65.40521,74.45023,56.914734,467.7,3792.1592,6406.33
Portugal,2009,65.55294,74.27198,57.177654,563.4,3768.8945,6371.25
Portugal,2010,64.639984,73.10913,56.435955,602.6,3678.7673,6239.46
Portugal,2011,65.36874,74.42436,56.661808,481.90002,3770.064,6367.2803
Portugal,2012,65.86093,74.76523,57.16482,387.6,3805.8381,6484.7197
Portugal,2013,65.033394,73.72187,56.701015,611.6,3744.6667,6250.5
Portugal,2014,66.17468,75.38724,57.393898,424.60004,3762.0916,6366.55
Portugal,2015,65.84013,75.1239,57.277016,418.5,3779.5818,6383.73
Portugal,2016,66.10056,75.527626,57.244247,423.7,3754.3638,6380.0903
Portugal,2017,65.39541,67.09704,63.69174,371,3782.4822,6521.22
Portugal,2018,65.858795,67.491806,64.24022,755.9,3529.2495,5963.8403
Portugal,2019,65.35178,67.10345,63.561398,667,3630.9734,6216.85
Portugal,2020,65.80033,67.401726,64.179184,453.6,3712.6006,6306.41
Qatar,1995,79.28382,89.50736,69.48741,191.6,3917.5466,7979.55
Qatar,1996,80.32,90.67693,70.31972,85.3,3943.7524,7990.1094
Qatar,1997,79.27393,89.45016,69.63216,173.20001,3941.0366,7959.2
Qatar,1998,81.90699,92.551094,71.659256,68.700005,3978.7266,8047.83
Qatar,1999,81.94073,92.79544,71.2487,35.2,4023.35,8172.96
Qatar,2000,80.81831,92.50079,69.39587,49.300003,4009.037,8195.43
Qatar,2001,81.241486,93.11796,69.477806,5.9,4019.4158,8230.1
Qatar,2002,81.166954,93.08394,69.38237,38.1,3996.5693,8135.33
Qatar,2003,81.28268,93.06002,69.76778,47.800003,3969.4226,8042.75
Qatar,2004,81.26234,92.95693,69.64816,45.000004,3986.4006,8101.16
Qatar,2005,80.80892,92.49881,69.29213,46.6,3954.7512,8051.08
Qatar,2006,81.304535,92.75672,69.83583,120,3942.332,7950.7207
Qatar,2007,81.45145,92.99368,70.34082,22.1,4021.229,8130.3296
Qatar,2008,80.87722,92.494644,69.34718,33.899998,3982.0908,8170.55
Qatar,2009,81.13146,92.99344,69.46892,67.5,3997.7507,8125.12
Qatar,2010,82.39515,94.664734,70.26635,30.000002,3990.205,8103.2
Qatar,2011,80.97836,92.36221,69.796875,57.699997,3986.7717,8085.8604
Qatar,2012,81.25307,93.14161,69.22349,30.199999,3997.3738,8108.14
Qatar,2013,80.294365,91.89915,69.05813,77.600006,3974.2444,8097.8096
Qatar,2014,81.070755,92.67684,70.34452,48.8,3997.1074,8110.55
Qatar,2015,82.0506,93.62074,70.59257,65.3,3972.7043,8059.42
Qatar,2016,81.12088,92.737404,69.855034,67.4,3971.45,8085.5
Qatar,2017,82.00668,93.65991,71.743004,73.1,3893.314,7848.3003
Qatar,2018,82.68536,94.05912,72.448265,52.5,3771.7341,7638.1104
Qatar,2019,82.43279,93.47622,72.28948,83.7,3759.515,7572.5
Qatar,2020,82.03136,93.32778,71.500824,84.2,3777.8972,7618.6997
South Korea,1995,50.68507,59.20073,43.542694,895.2,3238.3306,5645.13
South Korea,1996,50.234455,58.51307,43.20176,1306.7,3107.6843,5502.88
South Korea,1997,51.34767,59.71681,44.07308,1239.1,3188.7664,5594.32
South Korea,1998,52.47759,60.21144,45.87653,1652.5,2864.7827,4978.3
South Korea,1999,51.471397,59.46579,44.47081,1720,3082.9297,5372.0303
South Korea,2000,50.9321,59.06217,43.99455,1376.3999,3115.242,5513.52
South Korea,2001,51.125374,59.47393,43.87212,1124.1001,3158.5833,5604.07
South Korea,2002,51.290573,59.414253,44.197598,1455,3060.6096,5341.58
South Korea,2003,50.929794,58.705853,44.206482,1741.1001,2832.3533,5015.0703
South Korea,2004,52.49332,60.976017,45.025124,1179.9,3205.8806,5620.37
South Korea,2005,50.759735,59.04168,43.652176,988.9,3259.9229,5660.3203
South Korea,2006,51.803585,60.063988,44.636013,1180.6,3059.672,5434.0503
South Korea,2007,52.37925,60.399326,45.669907,1283,3083.1907,5286.41
South Korea,2008,51.77823,60.178562,44.53135,805.9,3262.7666,5674.97
South Korea,2009,51.997883,60.66637,44.401024,1067.8999,3175.5967,5629.8604
South Korea,2010,50.90931,58.958344,43.73626,1235.5,3077.2383,5294.61
South Korea,2011,50.63389,58.645435,43.741932,1157.6,3033.214,5362.79
South Korea,2012,50.049126,58.05766,42.945286,1367,3124.4556,5443.67
South Korea,2013,51.51068,60.009487,44.05212,1096.7001,3212.7603,5652.3
South Korea,2014,51.74819,60.01738,44.478203,1156.1,3044.7388,5415.3604
South Korea,2015,52.21914,60.25335,45.04434,1028.1001,3047.0718,5427.9004
South Korea,2016,52.63359,60.70337,45.654873,1285,3044.0933,5317.0903
South Korea,2017,50.567368,58.603344,43.377266,879.10004,3158.5537,5736.35
South Korea,2018,50.64453,58.54466,43.58814,1219.0999,3027.9534,5506.13
South Korea,2019,51.37823,59.243454,44.51822,1261.9,2998.437,5476.2705
South Korea,2020,50.985195,58.840984,44.214508,1636.4,2859.1477,5386.78
Moldova,1995,49.458683,56.572575,42.259373,605.7,2866.3508,4411.83
Moldova,1996,47.683556,54.43493,40.632225,750.5,2574.4543,4300.75
Moldova,1997,48.14804,55.122463,41.236824,713.4,2938.0513,4467.01
Moldova,1998,49.528637,56.769093,42.338524,625.9,2830.8218,4405.84
Moldova,1999,51.554092,58.792744,44.428986,569,2931.6594,4532.08
Moldova,2000,51.86137,59.050995,44.72329,501.60004,2975.1094,4646.25
Moldova,2001,50.379772,57.658745,43.289566,627.9,2903.666,4528.65
Moldova,2002,51.32983,58.816902,43.990086,547.3,2998.6062,4628.25
Moldova,2003,49.677933,56.942684,42.312138,464.4,2910.9277,4711.42
Moldova,2004,50.514194,57.66731,43.39247,539.9,2871.1711,4566.4297
Moldova,2005,50.474026,57.812607,43.305836,692,2868.2698,4528.33
Moldova,2006,50.14056,57.41611,42.74833,476.8,2911.4236,4606.64
Moldova,2007,53.504013,61.185013,45.762466,483.6,3075.9634,4820.43
Moldova,2008,52.319523,59.425014,45.30264,652.9,2859.7112,4534.17
Moldova,2009,52.470253,59.943256,44.871346,368.60004,2910.711,4720.3
Moldova,2010,50.925514,58.220932,43.757317,708,2877.8523,4599.56
Moldova,2011,50.871838,58.206383,43.581757,377.19998,3013.351,4739.29
Moldova,2012,52.26476,60.1096,44.175175,485.3,3129.5527,4894.08
Moldova,2013,52.160393,59.098244,45.33811,593.4,2782.3584,4489.8496
Moldova,2014,51.6179,58.95819,44.19721,584.5,2897.4297,4646.98
Moldova,2015,53.41219,60.841534,45.90992,436.59998,2911.1516,4715.51
Moldova,2016,52.227352,59.41048,44.923187,624.4,2946.8828,4603.7197
Moldova,2017,51.891857,59.918396,44.358997,621,2971.0784,4807.7803
Moldova,2018,52.163315,60.22538,44.550343,549.2,2957.6233,4891.2197
Moldova,2019,53.80169,61.920338,46.235435,471.5,2953.2112,4799.7
Moldova,2020,54.106075,62.26322,46.45814,512.9,3084.7666,4911.63
Romania,1995,45.60351,53.606323,38.0992,789.7001,3107.174,4575.5103
Romania,1996,44.93085,53.09818,37.416786,837.99994,3016.7815,4636.73
Romania,1997,44.77263,52.277527,38.067394,853.6,2973.2615,4440.5996
Romania,1998,45.554077,53.61052,38.132736,790.1,3023.8118,4506.19
Romania,1999,46.807144,55.042133,39.234924,886,3039.5093,4568.0303
Romania,2000,47.256126,56.2708,38.938915,536.7,3326.9822,4982.12
Romania,2001,46.33311,54.64712,38.832268,781,3075.686,4654.37
Romania,2002,47.374737,55.820324,39.80057,688.2001,3160.554,4748.77
Romania,2003,46.40488,54.924515,38.48879,555.4,3258.6567,4942.3203
Romania,2004,46.218056,54.321293,38.547935,639.10004,3060.9119,4680.54
Romania,2005,45.657043,53.670185,38.24123,892.4,3049.37,4661.17
Romania,2006,45.917892,54.464157,38.0669,787.19995,3130.3877,4714.4004
Romania,2007,48.373817,56.633038,40.562244,797.1,3243.217,4938.63
Romania,2008,47.434887,55.953583,39.604816,683.69995,3210.1606,4828.19
Romania,2009,48.29246,56.731667,40.41134,548,3283.1692,4999.63
Romania,2010,46.92559,55.221146,39.497288,880.9,3031.23,4546.8896
Romania,2011,46.72484,55.223854,39.142708,574.3,3373.67,5026.97
Romania,2012,47.997524,56.879654,39.46195,600.69995,3217.5818,5032.71
Romania,2013,48.10955,56.525776,40.53364,604.9,3213.8428,4807.4404
Romania,2014,49.12978,57.640545,41.51378,607.8,3198.47,4814.88
Romania,2015,48.68349,56.70109,41.230465,643.1,3036.5662,4727.9697
Romania,2016,47.79649,55.819042,40.41454,764.5,3109.0667,4634.06
Romania,2017,47.720753,56.447918,40.267647,774.7,3083.776,4877.18
Romania,2018,49.160107,57.9397,41.731068,819.10004,3113.4736,4978.8896
Romania,2019,49.585636,58.630363,42.028442,734.2001,3176.3428,5009.04
Romania,2020,48.802563,57.73812,41.45427,940,3100.3232,4895.65
Russia,1995,25.143263,32.090298,17.544077,445,2363.1318,3457.2598
Russia,1996,20.394962,27.13869,13.113201,456.9,2651.1277,3663.0503
Russia,1997,23.430838,30.83227,15.461501,331.59998,2661.2808,3655.19
Russia,1998,19.731045,26.783749,11.941392,407,2443.568,3463.9302
Seychelles,1996,79.49431,80.45024,78.37139,730.2,4011.112,8079.55
Seychelles,1997,80.307396,81.349335,79.062355,1353.7001,3790.7612,7589.42
Seychelles,1998,80.84955,81.735725,79.82206,629.7,3957.6555,8019.6094
Seychelles,1999,79.78037,80.652275,78.72331,510.30002,3970.8674,8023.87
Seychelles,2000,79.863846,80.77853,78.76361,535.5,4009.4795,8150.44
Seychelles,2001,79.714806,80.634766,78.60101,533.1,4010.639,8057.8604
Seychelles,2002,80.0321,80.927704,78.939316,611.6,3966.123,7949.5
Seychelles,2003,80.01897,80.90945,78.97655,810.69995,3886.9238,7835.22
Seychelles,2004,79.84782,80.72123,78.81599,728.1,3933.71,7845
Seychelles,2005,80.18144,81.09216,79.09342,595.5,3994.6511,8012.1304
Seychelles,2006,79.98525,80.85003,78.959045,776.6001,3959.0466,8007.95
Seychelles,2007,80.65054,81.587036,79.44331,649,3984.3708,7947.9404
Seychelles,2008,79.69925,80.640816,78.574265,899.80005,3972.8208,7902.7197
Seychelles,2009,80.51154,81.477554,79.35381,754.2,3979.2456,7986.2
Seychelles,2010,80.570274,81.43145,79.54885,648.1,3932.985,7874.6797
Seychelles,2011,80.1047,80.99773,79.042625,932.19995,3926.6492,7946.52
Seychelles,2012,80.8179,81.82877,79.619835,537.7,4013.9548,8051.52
Seychelles,2013,80.14636,81.100296,79.01723,677,3978.6448,7933.25
Seychelles,2014,80.21327,81.17058,79.09466,829.1,3910.4482,7830.93
Seychelles,2015,80.71654,81.64794,79.59101,565.60004,3991.2112,7922.61
Seychelles,2016,80.3865,81.18672,79.43467,483.9,3975.0913,8044.3
Seychelles,2017,80.814384,81.73894,79.63762,640.2,3964.6821,7889.9697
Seychelles,2018,80.25427,81.32197,78.97285,1051.8,3888.4802,7723.26
Seychelles,2019,80.91206,81.86591,79.68003,1199.0999,3803.4333,7613.76
Seychelles,2020,81.09276,82.10123,79.79319,846.7,3878.5623,7664.5
Sierra Leone,1995,70.39361,79.133415,62.84908,2161.6,3603.4578,7376.6895
Sierra Leone,1996,70.71128,79.514854,63.03108,1812.9,3727.8318,7495.27
Sierra Leone,1997,70.37695,79.18839,62.840694,2005.3999,3740.7664,7507.2803
Sierra Leone,1998,71.66233,80.506836,63.869156,1938.3,3670.206,7505.96
Sierra Leone,1999,70.52454,79.098885,63.24138,2190.7002,3585.895,7315.75
Sierra Leone,2000,70.523796,79.6314,62.65288,1872.5001,3728.4045,7628.15
Sierra Leone,2001,70.91645,80.039825,62.895935,1784.5999,3750.3167,7667.5303
Sierra Leone,2002,70.9269,79.82777,63.250256,1776.3999,3780.8545,7634.58
Sierra Leone,2003,71.57182,80.47675,63.749573,1924.9001,3720.4502,7589.8696
Sierra Leone,2004,71.23115,80.33838,63.3237,1824.7,3797.1133,7689.9805
Sierra Leone,2005,72.08679,80.89544,64.37045,1664.6,3742.3,7566.01
Sierra Leone,2006,71.99956,80.96595,64.01958,1612.4001,3800.4387,7709.46
Sierra Leone,2007,71.000046,80.03489,63.216476,1617.5,3743.2864,7630.92
Sierra Leone,2008,70.77467,79.73887,62.90149,1746.1,3732.3806,7615.84
Sierra Leone,2009,71.73009,80.6311,64.00059,1990.1001,3742.9277,7643.7603
Sierra Leone,2010,72.154655,80.86757,64.54231,1768.3999,3750.7642,7525.4
Sierra Leone,2011,71.24284,80.16705,63.347404,1707.2,3764.8389,7621.4297
Sierra Leone,2012,70.83245,79.50944,63.35075,1938.8,3700.6208,7482.95
Sierra Leone,2013,71.46057,79.80853,64.32878,1875.4,3688.0044,7398.11
Sierra Leone,2014,71.25887,79.842064,63.79642,1835.5,3712.2542,7478.4697
Sierra Leone,2015,71.47996,80.422005,63.72713,1599.5,3838.3123,7702.25
Sierra Leone,2016,71.847336,80.77019,64.20084,1695,3763.8867,7615.7803
Sierra Leone,2017,70.679596,79.39033,63.954464,1092.2,3581.1233,7355.7197
Sierra Leone,2018,69.66156,78.073364,63.319286,1143.7999,3443.252,6914.91
Sierra Leone,2019,70.05532,78.457535,63.61271,1348.8,3340.0679,6791.6904
Sierra Leone,2020,70.25681,78.74443,63.633293,798.80005,3497.1494,7186.0303
Singapore,1995,79.1597,82.767426,76.43389,2990.8,3322.24,6079.28
Singapore,1996,79.03435,82.75169,76.19719,2736.1,3529.889,6364.94
Singapore,1997,79.39184,83.15971,76.497505,2152.8,3650.7515,6630.2295
Singapore,1998,80.29911,83.94507,77.42907,2432.5,3440.3665,6250.87
Singapore,1999,79.03875,82.758545,76.10545,2624.1,3548.479,6415.4004
Singapore,2000,79.17931,82.898994,76.27366,2586.0999,3566.7122,6419.52
Singapore,2001,79.28476,82.894165,76.449425,2743.7002,3439.2695,6220.34
Singapore,2002,79.59462,83.23913,76.65087,2154.6,3718.8586,6667.3003
Singapore,2003,79.5741,83.16047,76.79932,2401,3573.3325,6430.2295
Singapore,2004,79.616104,83.2767,76.74949,2294.2002,3716.8616,6669.5796
Singapore,2005,79.96391,83.73399,77.00841,2091.2998,3630.34,6622.37
Singapore,2006,79.41463,83.17106,76.62178,2680.6,3514.4253,6396.47
Singapore,2007,79.11791,82.73093,76.324165,3055.7,3320.202,6093.66
Singapore,2008,78.92497,82.50875,76.1308,2843.1,3415.7932,6185.0293
Singapore,2009,79.667435,83.32986,76.80597,2333.1,3507.354,6412.65
Singapore,2010,79.965515,83.81907,77.00718,2694.4,3391.3384,6212.0303
Singapore,2011,79.18235,82.910934,76.37619,2607,3365.883,6227.7603
Singapore,2012,79.423744,83.09768,76.55965,2908.7998,3499.5762,6366.5703
Singapore,2013,79.613625,83.40383,76.69131,2645.7002,3288.906,6150.54
Singapore,2014,79.80538,83.88934,76.77096,2398.2998,3566.6372,6600.81
Singapore,2015,79.8194,83.50912,76.90288,2244,3624.1409,6610.85
Singapore,2016,80.48838,84.07778,77.68114,2541.3,3438.8708,6303.56
Singapore,2017,79.826416,84.542046,76.10326,3144.1,3438.0828,6389.57
Singapore,2018,79.58554,84.418755,75.744736,2990.8,3325.6733,6238.96
Singapore,2019,80.34402,85.53033,76.07366,2807.3,3484.1868,6481.8696
Singapore,2020,79.84913,84.711494,75.968216,3750.7002,3123.3706,5995.21
Slovakia,1995,40.16523,46.909195,33.070396,881.2,2757.2717,4104.99
Slovakia,1996,38.154816,45.046417,31.009611,1027.7,2643.396,3986.7097
Slovakia,1997,39.487724,46.394585,32.3716,848.1,2798.0195,4088.3398
Slovakia,1998,40.253574,47.05196,33.391933,875.4001,2750.222,4007.7998
Slovakia,1999,40.619278,47.371025,33.566505,898.10004,2663.4495,4034.37
Slovakia,2000,42.01452,48.80084,34.825756,916.8,2903.6707,4291.7295
Slovakia,2001,40.167194,47.017933,33.189735,970.19995,2661.737,3952.9102
Slovakia,2002,41.498066,48.447815,34.241135,926,2790.9468,4130.42
Slovakia,2003,40.650288,48.3196,32.6596,621,3067.4978,4510.6797
Slovakia,2004,39.637352,46.543465,32.391087,914.7001,2823.4033,4173.26
Slovakia,2005,39.420277,46.59999,31.928013,994.30005,2844.9255,4280.32
Slovakia,2006,40.88436,47.874283,33.81678,765.1,2884.2458,4302.7695
Slovakia,2007,42.343845,49.13798,35.228424,918.1,2973.172,4358.34
Slovakia,2008,42.061497,48.756832,35.003788,993.5,2841.1882,4129.18
Slovakia,2009,41.72807,48.691685,34.34445,872.1,2846.3606,4302.67
Slovakia,2010,40.27204,46.84286,33.44445,1214.6,2595.265,4030.85
Slovakia,2011,41.94546,49.238586,34.549355,804.2,3017.3394,4363.95
Slovakia,2012,41.34172,48.67371,33.54215,921.2999,2950.4211,4419.71
Slovakia,2013,41.51062,48.165005,34.488945,902.2999,2764.3625,4195.13
Slovakia,2014,43.862198,50.49316,37.21163,1068.6001,2741.1274,4062.3003
Slovakia,2015,43.430923,50.45938,36.197464,786.10004,2911.379,4398.07
Slovakia,2016,42.19868,48.85214,35.24281,969.49994,2847.1665,4217.98
Slovakia,2017,41.92482,49.51639,34.42657,903.00006,2909.0828,4545.08
Slovakia,2018,43.978493,51.147484,36.989132,839.2,2831.8481,4496.98
Slovakia,2019,43.799572,51.170418,36.764748,1018.4,2831.1194,4479.67
Slovakia,2020,43.184673,50.49394,36.32041,1130.3,2781.047,4551.21
Slovenia,1995,50.001713,57.412106,42.4112,1095,2811.8027,4510.54
Slovenia,1996,47.461437,54.40402,40.043365,1089.3,2638.1,4268.75
Slovenia,1997,49.558895,57.279446,41.66827,938.80005,2953.3958,4672.2
Slovenia,1998,50.202755,58.082546,42.438076,996,2933.4744,4587.7197
Slovenia,1999,49.785263,57.4666,42.11876,1153.6,2821.8735,4419.91
Slovenia,2000,51.99933,60.219593,43.86935,939.4,3202.621,4914.0703
Slovenia,2001,50.926064,58.520714,43.30109,942.39996,2931.4744,4556.73
Slovenia,2002,51.275932,58.684933,43.928623,1027.7,2805.0042,4465.31
Slovenia,2003,51.00185,59.203724,42.58035,763.9,3143.6394,4950.84
Slovenia,2004,49.37072,56.637054,42.09197,1097.8,2717.4683,4345.83
Slovenia,2005,48.879097,56.455887,41.06169,1040.3,2840.147,4484.37
Slovenia,2006,50.271973,58.00068,42.240818,951,2977.7507,4651.08
Slovenia,2007,51.926357,59.75704,44.049694,1003.9,2974.574,4694.7803
Slovenia,2008,51.280216,58.850655,43.80295,970.2,2932.6365,4556.4697
Slovenia,2009,51.288574,58.850376,43.603886,984.2,2939.7305,4655.33
Slovenia,2010,49.095345,56.085777,41.64312,1158.9,2673.8298,4352.9404
Slovenia,2011,51.992085,60.074627,44.086433,632.5,3151.6145,4910.7
Slovenia,2012,51.705135,59.785828,43.80566,920.5,3063.346,4796.96
Slovenia,2013,50.850655,57.863335,43.717556,1088.6001,2714.5378,4439.6895
Slovenia,2014,52.77077,59.831753,45.679558,1326.6001,2747.7588,4343.8604
Slovenia,2015,52.423386,60.071175,44.84638,962.60004,2934.6953,4626.8
Slovenia,2016,51.801968,59.056107,44.640373,1038.8999,2836.3523,4492.98
Slovenia,2017,52.329945,60.482582,45.00493,1156.8,3154.361,4891.73
Slovenia,2018,52.876247,60.289764,46.253216,1074.3,2942.9395,4705.48
Slovenia,2019,53.165947,60.855896,46.425327,1218.1,2973.7542,4730.37
Slovenia,2020,52.688614,61.040665,45.615005,1084.2,3149.9614,4906.59
Solomon Islands,1995,80.73696,81.994385,79.254684,1794.1,3843.8013,7555.5703
Solomon Islands,1996,80.80937,82.13787,79.200325,1981.8,3853.99,7584.63
Solomon Islands,1997,80.52338,81.83584,79.04559,3093.7002,3463.199,6960.62
Solomon Islands,1998,80.58994,81.71625,79.207344,1302.5,3910.58,7779.9097
Solomon Islands,1999,80.44595,81.71551,78.85794,1560.4,3845.0217,7639.2
Solomon Islands,2000,80.59493,81.875244,79.026726,2043.4,3796.6353,7471.1797
Solomon Islands,2001,80.73681,82.01066,79.24557,2094.2,3748.721,7420.77
Solomon Islands,2002,80.58113,81.87159,79.11809,3139.4,3463.7678,6807.27
Solomon Islands,2003,80.77285,82.14332,79.22214,2672.6,3604.9866,7066.4
Solomon Islands,2004,80.78804,82.18115,79.21238,2881.2998,3577.4924,7007.66
Solomon Islands,2005,81.03473,82.22395,79.58732,1652.5999,3838.9673,7524.24
Solomon Islands,2006,80.933266,82.24885,79.40879,1884.4001,3779.6467,7454.5303
Solomon Islands,2007,80.97303,82.24121,79.44258,2265.9,3729.2366,7339.79
Solomon Islands,2008,80.606995,81.73975,79.1659,1340.5,3938.8254,7796.08
Solomon Islands,2009,81.01215,82.25329,79.52493,1896.6001,3831.8284,7565.46
Solomon Islands,2010,80.78529,81.957146,79.35899,1773.0999,3803.3923,7544.2295
Solomon Islands,2011,80.85856,82.183014,79.30154,1998.6,3789.3547,7397.0503
Solomon Islands,2012,81.00804,82.31565,79.4273,1764.2999,3876.1348,7651.19
Solomon Islands,2013,81.24197,82.46238,79.758194,1559.5,3901.8225,7675.6006
Solomon Islands,2014,81.38871,82.73017,79.803566,2045.9999,3726.6262,7365.3896
Solomon Islands,2015,80.9739,82.21384,79.53923,3318,3484.7607,6884.5693
Solomon Islands,2016,81.455986,82.68721,79.93188,1743.5999,3831.692,7508.84
Solomon Islands,2017,82.02335,83.28274,80.33493,1833.1,3834.3306,7533.84
Solomon Islands,2018,81.473236,82.93926,79.7683,3159.5,3465.8486,6874.08
Solomon Islands,2019,81.49683,82.866516,79.77471,2228.3,3706.5637,7299.17
Solomon Islands,2020,81.70761,83.00959,80.02041,1943.3999,3778.718,7424.42
Somalia,1995,81.96647,92.683266,72.61006,158.30002,3849.0327,7793.76
Somalia,1996,81.347824,92.076416,72.05043,167.70001,3766.3728,7699.77
Somalia,1997,80.83713,90.938995,72.248825,392.5,3774.2383,7549.27
Somalia,1998,82.65503,93.40795,73.14266,132.3,3797.774,7855.22
Somalia,1999,81.81265,92.76809,72.025925,113.899994,3878.2378,8074.37
Somalia,2000,81.26226,92.186584,71.703705,322.3,3851.8198,8025.27
Somalia,2001,81.74137,92.700035,72.31614,198.1,3791.891,7866.6396
Somalia,2002,81.841354,92.67512,72.46261,254.69998,3804.0356,7876.71
Somalia,2003,82.21209,93.22302,72.679344,199.6,3819.2556,7982.31
Somalia,2004,81.71827,92.477715,72.32633,299.6,3815.9556,7859.1797
Somalia,2005,81.289085,91.91568,71.97316,354.10004,3828.6328,7861.21
Somalia,2006,81.765884,92.13562,72.73286,266.40002,3793.9612,7654.2
Somalia,2007,82.98718,93.87817,73.494774,103.200005,3891.02,8002.95
Somalia,2008,81.76427,92.9887,71.92478,107.3,3864.7861,8030.329
Somalia,2009,82.70874,94.04115,72.715355,119.5,3925.1265,8167.42
Somalia,2010,83.119415,94.10526,73.34658,121.7,3836.213,7937.5107
Somalia,2011,82.06993,93.25138,72.23206,211.79999,3855.719,8044.04
Somalia,2012,82.05525,93.25109,72.416824,214.4,3877.2388,7996.8203
Somalia,2013,81.69105,92.56861,72.365456,272.6,3787.3384,7842.34
Somalia,2014,82.54588,93.60299,72.86034,184.9,3887.2502,8004.1797
Somalia,2015,82.267715,93.025024,72.82754,373.3,3911.4602,7957.7803
Somalia,2016,82.73866,93.74681,73.08985,128.5,3829.5955,7990.2197
Somalia,2017,82.50896,93.65141,72.98643,196.70001,3803.083,8067.03
Somalia,2018,81.688835,92.25457,72.57638,330.59998,3814.4634,7952.2695
Somalia,2019,82.19487,92.81035,73.05153,535.9,3852.3472,7994.73
Somalia,2020,82.589386,93.10215,73.497894,430,3836.0056,7877.3296
South Africa,1995,69.832535,80.791954,57.86315,21.699999,3967.9055,7790.13
South Africa,1996,69.7214,80.94711,57.573914,14,3973.1697,7811.34
South Africa,1997,69.40217,80.44181,57.118,9.8,3994.236,7858.55
South Africa,1998,70.057144,81.17882,57.92011,17.599998,3948.8862,7820.05
South Africa,1999,70.776085,82.03346,58.496853,36.5,3979.7961,7879.6797
South Africa,2000,69.30947,80.501785,56.83079,31.499996,3965.9722,7885.9697
South Africa,2001,70.65274,82.01275,57.92652,12.299999,4017.6013,7952.91
South Africa,2002,70.680374,81.6769,58.42485,7.7,3970.4639,7844.7603
South Africa,2003,70.50329,81.7176,58.174324,9.400001,3943.205,7807.4795
South Africa,2004,70.59237,81.68801,58.39276,8.700001,3910.6692,7807.1504
South Africa,2005,70.29236,81.2634,58.092716,20.100002,3959.8955,7840.8003
South Africa,2006,70.14892,81.10905,57.954384,11,3987.6333,7877.6104
South Africa,2007,70.35931,81.487045,58.06189,37.5,3940.0078,7813.3496
South Africa,2008,70.89577,81.98482,58.33547,16.400002,3963.3145,7858.76
South Africa,2009,70.463776,81.419235,57.93589,7.5,3991.3555,7875.1396
South Africa,2010,72.386116,83.81249,59.60423,8.5,4004.6238,7888.26
South Africa,2011,69.60046,80.3274,57.189754,30.500002,3903.9988,7700.88
South Africa,2012,70.81167,81.85056,58.256046,14.5,3938.1855,7815.8096
South Africa,2013,71.20491,82.449425,58.444572,9.5,3980.3318,7928.5605
South Africa,2014,71.12138,82.200874,58.443104,24,3974.5925,7869.0503
South Africa,2015,70.52575,81.040985,58.331894,20.7,3959.9697,7769.6
South Africa,2016,72.23074,83.34295,59.593037,8.9,3971.7,7915.5806
South Africa,2017,69.947975,80.775635,58.00046,28.599998,3910.4834,7740.74
South Africa,2018,72.50474,83.03327,61.090538,22.5,3808.668,7517.3403
South Africa,2019,70.81503,81.46753,59.545742,25.5,3823.6655,7499.8
South Africa,2020,71.04376,81.87144,59.771523,61.700005,3905.5667,7602.96
South Sudan,1995,82.21883,90.467896,75.14151,1054.2,3751.7,7206.4497
South Sudan,1996,81.354485,89.43704,74.44836,1307.7001,3643.0376,6972.67
South Sudan,1997,82.15801,90.45927,75.143974,985.9,3732.4636,7225.6
South Sudan,1998,82.91056,91.20713,75.78063,1078.8999,3759.3433,7160.16
South Sudan,1999,81.51859,89.58713,74.55836,1101.8,3720.2593,7051.26
South Sudan,2000,82.12436,90.64246,74.89147,897.8,3825.6963,7351.9697
South Sudan,2001,81.78177,90.22354,74.698906,980.4,3822.381,7296.3203
South Sudan,2002,83.0118,91.39429,75.836105,770.3,3831.6138,7346.8696
South Sudan,2003,83.24079,91.65319,75.96877,987.3,3769.58,7228.25
South Sudan,2004,83.6415,92.09475,76.1918,696,3848.3206,7371.7705
South Sudan,2005,84.23594,92.72973,76.71022,889.80005,3771.0156,7283.6494
South Sudan,2006,82.79799,91.3107,75.56981,1038.6,3745.7976,7286.04
South Sudan,2007,83.081535,91.664536,75.71504,874.2,3768.1,7347.44
South Sudan,2008,82.78353,91.2995,75.39434,888.5,3864.169,7382.2197
South Sudan,2009,84.27732,92.78964,76.81872,745.8,3867.0283,7410.4795
South Sudan,2010,84.04937,92.32534,76.819214,853.1,3782.4524,7242.16
South Sudan,2011,83.13419,91.81839,75.64724,858.6,3822.6445,7432.9497
South Sudan,2012,83.39003,91.94623,75.978355,898.60004,3810.9272,7419.05
South Sudan,2013,83.98216,92.44024,76.59656,785.89996,3821.7144,7327.72
South Sudan,2014,83.96448,92.588196,76.47819,737.19995,3826.547,7316.75
South Sudan,2015,84.58539,93.188354,76.972824,692.19995,3847.0242,7455.9795
South Sudan,2016,85.88701,94.68314,78.17453,618.4,3887.2983,7503.6494
South Sudan,2017,85.46727,95.3978,77.4984,619.6,3788.881,7340.97
South Sudan,2018,85.22991,95.291756,77.11004,467.30005,3763.4756,7203.7803
South Sudan,2019,84.74917,94.28154,77.02792,686.30005,3600.3467,6903.34
South Sudan,2020,84.63044,94.42038,76.58735,590.2,3582.6968,7007.3
Spain,1995,63.7183,65.206055,62.353424,344.9,3784.3032,6212.09
Spain,1996,62.90977,64.43689,61.502785,627.69995,3605.1316,5955.8096
Spain,1997,64.56115,65.821014,63.318275,287.5,3725.4395,6237.11
Spain,1998,63.618065,64.98562,62.236794,418.50003,3685.5496,6165.1396
Spain,1999,63.934723,65.31503,62.576572,312.5,3811.5933,6278.28
Spain,2000,63.839993,65.16721,62.566555,292.60004,3777.2861,6286.21
Spain,2001,63.68802,65.105446,62.375614,366.80002,3772.2056,6262.79
Spain,2002,63.654186,65.01199,62.34504,553.1,3657.9045,6116.82
Spain,2003,64.72058,66.15216,63.38386,607.1,3715.7214,6212.4297
Spain,2004,63.56202,64.97123,62.23951,439,3673.439,6073.25
Spain,2005,63.03356,64.44241,61.66449,452.09998,3769.4895,6246.81
Spain,2006,64.69267,65.97685,63.505672,486.19998,3787.8083,6213.09
Spain,2007,63.465252,64.80265,62.176872,414,3782.3823,6182.21
Spain,2008,63.41493,64.81533,62.06025,534.80005,3696.2856,6084.0596
Spain,2009,64.12368,65.51871,62.751392,541.5,3723.1558,6244.2803
Spain,2010,62.89632,64.4831,61.440605,628.5,3633.073,6024.87
Spain,2011,64.67747,65.863434,63.52244,466.9,3763.3232,6254.96
Spain,2012,63.986855,65.45762,62.65828,348.7,3838.609,6416.7803
Spain,2013,63.586723,65.09066,62.230137,510.10004,3679.9482,6147.88
Spain,2014,65.06897,66.4409,63.733753,442.40002,3780.2358,6265.9795
Spain,2015,64.75175,66.05477,63.509125,419.2,3765.736,6275.3896
Spain,2016,64.80452,66.145164,63.545494,278.5,3734.7434,6183.7397
Spain,2017,64.83113,66.38222,63.338497,465.19998,3684.1914,6222.7197
Spain,2018,65.133804,66.684525,63.6297,666.19995,3528.5452,5921.3
Spain,2019,64.62579,66.153885,63.163914,393.8,3721.338,6239.0195
Spain,2020,65.518684,66.90353,64.14648,526.8,3665.8271,6096.3
Sri Lanka,1995,78.10064,85.899605,72.95021,1343.3,3695.1455,7023.83
Sri Lanka,1996,77.936935,86.05059,72.634445,1463.3,3666.1355,7018.53
Sri Lanka,1997,78.728165,87.554375,72.8866,1651.8,3756.3271,7285.79
Sri Lanka,1998,79.51753,87.64758,74.01813,1145.3,3663.416,7051.58
Sri Lanka,1999,77.65449,85.435555,72.58651,1355.3,3661.585,6943.1006
Sri Lanka,2000,77.81395,85.45821,72.80436,1633.2001,3577.5571,6904.08
Sri Lanka,2001,78.16482,86.07172,72.881165,1339.7,3617.521,6998.6396
Sri Lanka,2002,78.35497,86.32323,73.10555,1535.1001,3630.6956,7055.8994
Sri Lanka,2003,78.39569,86.15876,73.33437,1209.1,3571.62,6862.61
Sri Lanka,2004,78.119354,86.12608,73.00871,1400.4,3614.297,6819.95
Sri Lanka,2005,78.596565,86.66276,73.282104,1216.1001,3622.6777,6960.46
Sri Lanka,2006,78.15887,86.03252,73.06265,1589.6,3541.8354,6835.9
Sri Lanka,2007,77.702385,85.23756,72.62152,1443.5,3543.3335,6859.08
Sri Lanka,2008,77.81194,85.43977,72.80732,1678,3558.959,6854.5703
Sri Lanka,2009,78.33676,86.18761,73.040955,1531.2,3614.5466,7005.9
Sri Lanka,2010,78.33157,85.74698,73.450516,2163.8003,3457.6357,6650.26
Sri Lanka,2011,78.05807,85.6619,73.17583,2516.7,3457.1267,6678.38
Sri Lanka,2012,78.62018,86.72535,73.20961,1591.1001,3611.566,7041.8496
Sri Lanka,2013,78.02439,85.286865,73.204185,1474.4999,3547.6355,6715.37
Sri Lanka,2014,78.1113,85.60791,73.217255,2205,3480.8188,6735.71
Sri Lanka,2015,78.16531,85.65106,73.25473,2091.2998,3574.5818,6813.3193
Sri Lanka,2016,79.26395,87.09961,73.90182,1278.1,3754.3462,7208.0703
Sri Lanka,2017,78.8493,86.90695,73.54529,1335,3519.7668,6840.61
Sri Lanka,2018,77.88881,85.73695,72.833916,1903.7998,3411.0745,6699.7896
Sri Lanka,2019,79.09107,87.08621,73.747475,1417.3999,3487.2976,6803.12
Sri Lanka,2020,79.0711,87.155266,73.77109,1250.4001,3569.4792,6960.47
Palestinian National Authority,1995,60.416664,71.68817,50.638775,209.80002,3965.0327,7423.6504
Palestinian National Authority,1996,60.94901,72.02675,51.1406,350.59998,3919.1833,7236.1807
Palestinian National Authority,1997,59.954693,70.67451,50.45804,423.5,3922.2144,7238.58
Palestinian National Authority,1998,62.152767,73.370804,52.068424,299.5,3908.1409,7299.7305
Palestinian National Authority,1999,62.301567,73.748314,52.222034,146.8,3982.6838,7448.57
Palestinian National Authority,2000,60.56154,71.786255,50.81503,294,3976.2478,7418.59
Palestinian National Authority,2001,61.79434,73.219154,51.969296,273,3942.6858,7414.89
Palestinian National Authority,2002,61.23868,72.17319,51.780422,450.9,3899.0347,7273.08
Palestinian National Authority,2003,60.974003,72.12215,51.241898,360.09998,3951.6907,7361.99
Palestinian National Authority,2004,61.120293,72.48929,51.10273,307.59998,3912.1736,7423.1904
Palestinian National Authority,2005,60.98173,72.49966,50.996307,273.5,3945.6165,7386
Palestinian National Authority,2006,60.559166,72.01908,50.57738,276.3,3936.4612,7352.291
Palestinian National Authority,2007,61.286503,72.651794,51.500557,291,3961.3984,7353.34
Palestinian National Authority,2008,61.78839,73.38929,51.894783,228.4,3961.6523,7449.65
Palestinian National Authority,2009,61.677216,73.00982,51.90519,294.7,3934.92,7348.0996
Palestinian National Authority,2010,64.744225,76.67418,54.602974,242.69998,3973.791,7462.5303
Palestinian National Authority,2011,60.435383,71.485,50.87993,373.69998,3940.7222,7311.7197
Palestinian National Authority,2012,61.84209,73.076256,52.169697,371.69998,3916.4182,7339.99
Palestinian National Authority,2013,61.744873,73.17084,51.939217,300.6,3920.5032,7427.5596
Palestinian National Authority,2014,61.982212,73.42751,52.037106,284.6,3934.2498,7337.05
Palestinian National Authority,2015,61.742825,72.779274,52.21094,388.7,3934.0562,7321.6
Palestinian National Authority,2016,62.682995,74.01565,52.945023,285.3,3980.439,7429.81
Palestinian National Authority,2017,61.600876,71.58387,53.675053,194.8,3909.1936,7334.18
Palestinian National Authority,2018,62.469948,71.72467,55.1299,561.2,3776.7988,6983.55
Palestinian National Authority,2019,61.62545,71.16889,53.948555,438.6,3864.9146,7154.35
Palestinian National Authority,2020,62.304398,71.935074,54.69959,548.8,3882.5928,7143.9395
Sudan,1995,80.49116,92.85206,69.59951,351.80002,3974.7239,8399.891
Sudan,1996,80.25386,92.60422,69.622,436.3,3959.195,8339.42
Sudan,1997,80.7167,92.88436,70.08354,348.2,3943.9055,8236.88
Sudan,1998,81.23094,93.38763,70.36093,366,3926.6267,8262.9
Sudan,1999,81.165085,93.25595,70.40335,388.1,3951.5913,8343.2295
Sudan,2000,80.63201,93.0257,69.67487,276.3,3999.2634,8474.461
Sudan,2001,80.96232,93.12083,70.13705,364.8,3955.783,8339.95
Sudan,2002,81.79746,94.36282,70.65534,257.1,4019.8914,8547.25
Sudan,2003,81.743286,94.17616,70.73105,294.3,3940.9888,8372.14
Sudan,2004,81.92053,94.37939,70.921844,255.90001,3982.6514,8414.54
Sudan,2005,82.16321,94.67721,71.20176,278.9,3974.854,8384.86
Sudan,2006,81.23642,93.48773,70.46844,329.90002,3960.1829,8337.061
Sudan,2007,81.3176,93.50869,70.302246,291.7,3946.9016,8394.189
Sudan,2008,81.492195,93.80939,70.62652,222.2,3991.7407,8410.83
Sudan,2009,82.731895,95.35109,71.32998,212.00002,4019.94,8526.84
Sudan,2010,83.1051,95.12548,72.38655,203.9,3981.1467,8284.85
Sudan,2011,81.37381,93.913315,70.264275,204.10002,3969.3162,8425.65
Sudan,2012,81.63751,94.08382,70.48831,209.1,3990.2583,8470.92
Sudan,2013,82.46976,94.90456,71.299644,259.09998,3968.5176,8435.17
Sudan,2014,82.057365,93.963135,71.59579,326.4,3967.9226,8203.5
Sudan,2015,82.69846,95.03795,71.735596,143.9,3984.6777,8380.64
Sudan,2016,83.029976,95.215996,72.083046,233.1,3975.3616,8365.85
Sudan,2017,83.58872,96.27558,72.86967,161.8,3949.7039,8330.9
Sudan,2018,82.490395,95.00523,71.42128,155.6,3879.5278,8188.33
Sudan,2019,82.5779,95.00473,71.83726,198.9,3830.6072,8071.28
Sudan,2020,82.35007,94.72993,71.04418,151.8,3834.9004,8117.87
Suriname,1995,80.157104,81.1437,78.98765,729.19995,3976.6843,7969.96
Suriname,1996,79.60705,80.61328,78.42967,897.9,3996.6897,8043.13
Suriname,1997,80.43265,81.56312,79.053474,1560.3,3821.8928,7572.73
Suriname,1998,81.06122,82.011154,79.94534,847.6,3967.4978,7946.37
Suriname,1999,80.03568,81.00143,78.82736,569,3970.7915,8002.4004
Suriname,2000,80.21885,81.20837,79.03164,598.9,4035.0828,8158.7505
Suriname,2001,80.11517,81.120026,78.91416,607.3,4010.4912,7998.99
Suriname,2002,80.17266,81.1183,78.97976,631.4,3983.4065,7949.51
Suriname,2003,80.172424,81.13334,79.00836,795.89996,3858.2522,7826.2607
Suriname,2004,80.08211,81.02148,78.93672,856.69995,3914.5269,7781.05
Suriname,2005,80.24832,81.204605,79.09983,603.6,3984.8057,8007.91
Suriname,2006,80.16207,81.08871,79.077896,756,3964.6306,7984.1904
Suriname,2007,80.78423,81.77789,79.50866,790.7999,3958.534,7886.42
Suriname,2008,79.86516,80.887955,78.64976,994.1,3970.584,7883.08
Suriname,2009,80.63859,81.68296,79.38537,820.6,3975.6963,7891.0806
Suriname,2010,80.668076,81.60899,79.56537,844.80005,3939.9573,7880.19
Suriname,2011,80.361374,81.35403,79.18885,875.2001,3943.7183,7916.51
Suriname,2012,81.00564,82.069016,79.71131,584.89996,4004.986,8013
Suriname,2013,80.32145,81.35279,79.064575,798,3961.8667,7887.6104
Suriname,2014,80.40146,81.40309,79.13065,965.30005,3919.588,7739.23
Suriname,2015,80.83609,81.84964,79.57202,752.7,3974.0122,7875.6797
Suriname,2016,80.79843,81.6768,79.731476,623.1,3993.2114,8001.7295
Suriname,2017,81.0056,81.993645,79.74981,703.69995,3963.8584,7834.81
Suriname,2018,80.39972,81.47954,79.07,1065.9,3896.7844,7704.74
Suriname,2019,81.061485,82.14233,79.72861,1523,3750.6204,7552.38
Suriname,2020,81.26747,82.347626,79.8682,1173.3,3826.8708,7549.58
Sweden,1995,43.04434,47.430832,38.709213,576.3,2754.0461,3613.87
Sweden,1996,41.70937,46.052456,37.362534,494.4,2766.583,3652.11
Sweden,1997,44.305748,48.4736,40.14379,521.4,2800.852,3721.6602
Sweden,1998,42.829636,46.74042,38.90253,673.7,2457.9333,3244.92
Sweden,1999,44.99665,49.448807,40.46656,588.7,2740.7817,3649.9102
Sweden,2000,45.231606,49.360325,41.291553,650.1,2623.9473,3454.5503
Sweden,2001,43.855347,48.026318,39.714256,574.9,2717.0571,3550.64
Sweden,2002,44.95501,49.403683,40.48431,535.2,2880.3127,3826.4
Sweden,2003,44.025536,48.451904,39.56927,615.6,2782.9744,3666.9
Sweden,2004,43.84024,48.15147,39.58352,482.30002,2800.9556,3617.4302
Sweden,2005,44.497417,48.84815,40.275707,566.1,2883.8032,3715.24
Sweden,2006,45.463387,49.843327,41.208504,552.2,2751.5977,3684.06
Sweden,2007,45.157566,49.42267,40.95601,561.6,2688.2395,3575.7002
Sweden,2008,45.57312,49.529255,41.650074,733.9,2707.284,3592.19
Sweden,2009,44.27811,48.34908,40.1793,558.9,2655.9504,3630.7603
Sweden,2010,41.156662,45.313736,36.912914,556.2,2638.8225,3573.99
Sweden,2011,45.31322,49.53585,40.958725,562.2,2812.405,3633.17
Sweden,2012,43.359337,47.440323,39.367615,787.3,2558.4812,3377.2002
Sweden,2013,44.37715,48.830887,40.02716,518.1,2872.0605,3718.6401
Sweden,2014,46.01508,49.904472,42.20615,483.1,2608.1882,3578.82
Sweden,2015,46.00935,50.25831,41.93097,568.9,2802.9438,3567.58
Sweden,2016,44.746674,48.869003,40.739983,550,2719.1968,3526.45
Sweden,2017,44.113907,49.343872,38.87255,672.2001,2694.379,3495.54
Sweden,2018,45.472935,50.926136,39.665783,447.9,2782.6384,3878.94
Sweden,2019,45.05154,50.068546,39.84307,792.8,2618.2434,3586.31
Sweden,2020,47.37812,52.557133,42.10336,576.8,2854.495,3785.83
Switzerland,1995,37.146057,44.24652,29.485044,2208.4,3025.5771,4723.45
Switzerland,1996,36.31346,43.275963,28.974815,1957.2001,3046.0427,4820.85
Switzerland,1997,38.36532,45.97058,30.417591,1758.4,3176.1758,4966.6396
Switzerland,1998,36.984577,44.36167,29.383701,1954.3,3067.1575,4856.9004
Switzerland,1999,37.313923,44.33134,29.961674,2523.1,2950.6758,4598.4297
Switzerland,2000,38.202293,45.37449,30.586946,2015.3,3002.077,4760.1396
Switzerland,2001,37.51268,44.61737,30.10888,2249.6,3019.2407,4759.67
Switzerland,2002,38.10281,45.305813,30.649126,2332.6,2946.4734,4712.3496
Switzerland,2003,38.546852,46.31825,30.042795,1620.7999,3341.6396,5230.51
Switzerland,2004,37.33576,44.32621,30.009323,1874.3,3138.7266,4915.2305
Switzerland,2005,36.51295,44.142467,28.550768,1798.8,3123.3774,4861.78
Switzerland,2006,38.13245,45.794765,30.215889,1854.5,3181.536,4909.49
Switzerland,2007,38.323208,45.777756,30.561098,2157.4,3098.3335,4881.88
Switzerland,2008,37.76459,44.76588,30.436699,1966.7001,3005.7312,4779.7705
Switzerland,2009,37.85462,44.963314,30.086441,1870.5,3137.8452,4891.93
Switzerland,2010,35.938534,42.634163,28.66518,1958.9,2924.1758,4652.88
Switzerland,2011,39.794643,47.613266,31.627537,1898.7999,3294.6328,5059.1104
Switzerland,2012,37.93865,45.23432,30.383093,2208.4,3111.5461,4867.68
Switzerland,2013,37.16618,44.161205,29.819397,1958.3,3015.0103,4791.34
Switzerland,2014,39.547176,46.723125,32.134743,2002.7999,3044.4316,4770.34
Switzerland,2015,39.68576,47.163506,31.960167,1875.7,3156.3157,4894.84
Switzerland,2016,39.093834,46.097122,31.738188,2011.7,3029.0662,4715.48
Switzerland,2017,39.299892,47.033108,32.373955,2241.8,2927.3079,4739.99
Switzerland,2018,41.214184,48.75173,34.321163,2008.7999,3009.4075,4882.48
Switzerland,2019,40.20201,47.665573,33.506966,2200.9,2870.8757,4831.7
Switzerland,2020,40.67276,48.639046,33.56429,1816.8,3049.4033,4912.32
Syria,1995,65.494026,76.25432,54.375935,70.2,3916.569,7504.14
Syria,1996,66.23065,76.784325,55.51728,140,3872.9434,7344.7603
Syria,1997,64.011154,74.42991,53.539555,163.5,3855.961,7395.6396
Syria,1998,67.10093,77.97073,55.888676,92.49999,3885.3916,7415.2295
Syria,1999,67.39325,78.52035,55.76366,26.100002,3986.3,7590.0996
Syria,2000,66.17108,77.04326,54.671875,98.5,3921.4573,7558.15
Syria,2001,66.956764,77.71973,55.889416,140.7,3870.5593,7420.13
Syria,2002,65.89638,76.783714,54.701168,113.2,3861.2583,7433.5
Syria,2003,65.97706,76.57635,55.145493,110.1,3849.3286,7433.4404
Syria,2004,65.769264,76.545555,54.75966,135.7,3827.0195,7442.09
Syria,2005,65.84053,76.95188,54.325146,62.9,3922.044,7528.9297
Syria,2006,66.185196,77.257385,54.782288,92.600006,3894.3489,7489.74
Syria,2007,66.50565,77.514565,55.15338,70.100006,3940.2407,7468.15
Syria,2008,66.89472,78.091545,54.933018,36.4,3955.784,7619.92
Syria,2009,66.66743,77.40952,55.276176,63.6,3924.1665,7473.63
Syria,2010,69.90841,81.29655,58.212894,78.100006,3910.7983,7479.66
Syria,2011,65.33005,76.32213,53.924946,75.9,3936.861,7509.62
Syria,2012,67.14675,77.925316,55.782604,97,3939.5295,7512.4404
Syria,2013,66.932686,77.86939,55.613987,107.3,3905.94,7518.8
Syria,2014,67.33855,78.03977,56.338676,70.2,3898.8733,7477.2197
Syria,2015,67.54028,78.44267,56.068184,106.3,3932.0168,7496.32
Syria,2016,68.25607,79.1385,56.392193,50.200005,3953.4534,7605.6504
Syria,2017,67.63466,77.82122,57.410545,143.3,3842.6262,7343.69
Syria,2018,68.73177,78.175545,59.373928,261.5,3650.1829,6961.63
Syria,2019,67.55628,77.248665,58.12478,157.59999,3809.4983,7157.88
Syria,2020,68.41721,78.16562,58.652344,121.200005,3791.5242,7138.55
Tajikistan,1995,19.447815,27.058739,11.949591,678.60004,3556.0854,7191.0303
Tajikistan,1996,19.239082,26.309093,12.277453,1055.4,3427.119,7094.54
Tajikistan,1997,21.225517,28.55422,13.7784395,696.1,3514.7756,7183.43
Tajikistan,1998,21.652956,28.863672,14.260247,1162.8,3355.4028,6960.31
Tajikistan,1999,20.27944,27.328987,13.147453,1114.4,3409.2673,7055.39
Tajikistan,2000,19.64021,27.05319,12.412455,872.7,3574.7996,7237.6304
Tajikistan,2001,20.689123,28.257097,12.920852,801.7001,3518.742,7174.45
Tajikistan,2002,20.958662,28.342413,13.304029,984.69995,3433.83,7212.7705
Tajikistan,2003,20.247404,27.265371,13.045371,1073.6,3348.5754,7111.24
Tajikistan,2004,21.338099,28.369259,13.929912,1050.2001,3410.7705,7149.4404
Tajikistan,2005,19.817493,27.017563,12.25929,802.4,3510.163,7140.3
Tajikistan,2006,21.704008,28.805725,13.927864,983.9,3451.417,7111.15
Tajikistan,2007,21.663465,28.861452,14.3302765,948.5,3476.438,7124.7397
Tajikistan,2008,21.134249,28.188519,13.801553,915.1,3503.7773,7162.63
Tajikistan,2009,20.191874,27.189672,12.75096,914.9,3351.6873,7120.5303
Tajikistan,2010,21.341892,28.271399,14.260001,1006.19995,3421.2456,7009.9297
Tajikistan,2011,21.125862,28.214191,13.803837,1001.49994,3423.4724,7199.4004
Tajikistan,2012,18.752659,26.039585,10.887865,694.8,3474.323,7132.83
Tajikistan,2013,21.44532,28.84222,13.720001,769.5,3528.8884,7238.33
Tajikistan,2014,19.873287,27.095974,12.2444935,923.1001,3451.138,7203.27
Tajikistan,2015,21.460594,28.334276,14.224987,1068.7,3347.185,7007.65
Tajikistan,2016,22.496489,29.690468,15.156207,980.89996,3533.7124,7132.66
Tajikistan,2017,20.29256,27.903864,13.008248,894.3,3551.6719,7081.8804
Tajikistan,2018,21.069199,28.09373,14.234961,990.8,3317.535,6969.54
Tajikistan,2019,20.999264,28.360525,13.807647,660,3458.8079,7174.6904
Tajikistan,2020,19.627005,26.882383,12.5974655,747.7,3501.0518,7148.9497
Thailand,1995,80.34268,88.7325,73.225624,1585.2,3555.2673,6718.3496
Thailand,1996,79.34504,87.5343,72.425865,1801.7999,3522,6666.1797
Thailand,1997,80.73785,89.25795,73.425095,1298.4,3601.9905,6916.6797
Thailand,1998,81.740425,90.20455,74.4479,1450.6,3709.4182,7060.0996
Thailand,1999,79.21274,87.35562,72.59636,1692.8,3513.3926,6603.8
Thailand,2000,79.39788,87.57537,72.46668,1848.3999,3454.9504,6638.2095
Thailand,2001,79.980125,87.70674,73.36592,1520.2,3500.0308,6571.09
Thailand,2002,80.255684,88.19422,73.71063,1787.3999,3474.3083,6472.48
Thailand,2003,80.20263,88.52933,73.07743,1351.5,3613.0405,6886.42
Thailand,2004,80.277885,88.89389,72.75267,1209.5,3594.639,6974.0195
Thailand,2005,80.55837,88.64965,73.683266,1395.1001,3530.2834,6686.7295
Thailand,2006,80.314156,88.555214,73.32795,1530.1,3516.635,6706.83
Thailand,2007,80.4088,88.6568,73.34842,1524.6001,3480.14,6683.54
Thailand,2008,79.03813,87.06439,72.401764,1801.2998,3507.4658,6598.1904
Thailand,2009,79.84338,88.0448,72.819016,1743.9,3560.01,6792.67
Thailand,2010,81.521904,89.45767,74.70927,1403.4,3487.1335,6678.05
Thailand,2011,78.87587,86.67359,72.39811,1988.1001,3331.4155,6285.1104
Thailand,2012,81.21295,89.12308,74.56595,1312.6001,3594.8613,6623.64
Thailand,2013,80.71925,88.840744,73.64406,1427.8,3473.0208,6697.02
Thailand,2014,80.39264,88.665436,73.26458,1366.1,3598.182,6788.699
Thailand,2015,81.09529,89.24809,74.099976,1309.5,3536.9595,6729.46
Thailand,2016,81.34232,89.39903,74.411514,1516.8,3476.4216,6620.0996
Thailand,2017,80.44633,87.83652,74.35569,2055.8,3192.3064,6291.8203
Thailand,2018,80.42194,88.07125,74.16614,1748.1001,3258.5115,6211.7197
Thailand,2019,81.94316,90.22387,74.85999,1672.4001,3446.891,6645.19
Thailand,2020,81.49461,89.4542,74.53755,1735.3,3473.929,6693.66
East Timor,1995,78.08233,83.809166,73.50034,2842.4,3431.613,6401.71
East Timor,1996,77.86088,83.3089,73.59357,3280.7002,3295.8777,6204.1
East Timor,1997,78.062546,83.725334,73.31862,2104.7002,3510.2266,6536.68
East Timor,1998,79.26304,85.66835,74.09361,2233,3575.9727,6735.0103
East Timor,1999,77.72127,83.253876,73.4249,3617.2002,3155.725,6053.9897
East Timor,2000,77.97284,83.54717,73.60046,3281.8,3200.9165,6110.5503
East Timor,2001,78.264435,83.67108,73.88476,2696.7002,3266.7336,6240.08
East Timor,2002,78.246,83.69303,73.75308,2068.6,3418.7344,6395.33
East Timor,2003,78.15467,83.514755,73.84481,2535.6,3310.4417,6174.19
East Timor,2004,78.62651,84.082504,74.07357,1834.1001,3580.9683,6586.01
East Timor,2005,78.416725,83.98571,73.95355,2606,3384.764,6386.6797
East Timor,2006,78.51053,84.01703,74.0004,2257.3,3397.8633,6373.8604
East Timor,2007,78.50367,84.11665,74.14366,2822.7998,3304.931,6288.61
East Timor,2008,78.01669,83.667175,73.52767,3387.8,3298.6648,6259.44
East Timor,2009,78.58277,83.97364,74.18385,2968.9,3190.141,6141.8
East Timor,2010,78.73628,84.53237,74.079796,2871.1997,3477.0376,6423.03
East Timor,2011,78.00109,83.23982,73.8855,3739.2998,3081.925,5911.1904
East Timor,2012,78.51619,83.99005,74.08292,2695.7002,3348.2622,6314.3604
East Timor,2013,78.41049,83.79487,74.047745,3297,3234.6086,6139.42
East Timor,2014,78.07562,83.13331,73.93086,3948.1,3064.9478,5908.27
East Timor,2015,78.57801,83.9687,74.05835,2474.7,3490.7869,6481.25
East Timor,2016,79.41895,85.27505,74.63168,2571.5,3505.1855,6531.96
East Timor,2017,78.15227,84.94568,73.46341,2703.9001,3144.8955,5970.82
East Timor,2018,78.70071,86.040474,73.38993,1898.1,3390.8936,6485.5503
East Timor,2019,78.97105,87.28987,72.92267,1415.2,3515.9604,6784.47
East Timor,2020,78.96271,87.03845,73.288864,1870.6,3414.1082,6554.06
Togo,1995,77.64403,88.296936,69.85756,2135.4001,3526.3308,6783.57
Togo,1996,77.5378,87.883995,69.99046,1963.5,3534.4482,6689.0503
Togo,1997,77.59897,88.14087,69.954704,1780.3999,3539.3032,6713.68
Togo,1998,78.75117,89.24922,70.81426,1656.5999,3548.3777,6762.71
Togo,1999,77.13705,87.60777,69.690125,2108.3,3481.706,6715.4004
Togo,2000,77.745,88.88579,69.39145,1741,3618.05,7044.3604
Togo,2001,78.11203,88.98834,69.75892,1287.9,3628.405,6906.84
Togo,2002,77.85368,88.485085,70.005005,1703.6001,3546.8616,6800.99
Togo,2003,78.23743,88.91239,70.49076,1687.5,3617.8037,6901.79
Togo,2004,77.86524,88.5499,70.21227,1762.6,3647.1826,6892.72
Togo,2005,78.21879,88.91511,70.610344,1640.9,3616.4214,6842.49
Togo,2006,78.251755,88.812775,70.52108,1632.2999,3473.7307,6750.31
Togo,2007,78.049164,88.92794,70.02177,1810.9,3526.1465,6877.6196
Togo,2008,78.005104,89.12554,69.7994,1383.3,3598.2524,7043.2505
Togo,2009,78.1825,88.90623,70.51838,1689.2999,3618.4417,6884.45
Togo,2010,78.466995,88.850266,70.80613,1737.5,3516.4407,6711.1396
Togo,2011,77.96904,88.71662,70.06837,1670,3578.8494,6871.8
Togo,2012,77.40381,87.7962,69.871445,1825.2999,3479.586,6645.7603
Togo,2013,77.97991,88.7218,70.411606,1725.5,3594.1108,6817.9004
Togo,2014,77.91076,88.46043,70.49963,1810.3,3564.8547,6814.4097
Togo,2015,78.12841,88.80415,70.35514,1567,3646.6611,6871.09
Togo,2016,78.84713,89.5083,70.92626,1842.3,3569.9263,6866.36
Togo,2017,78.18948,89.1304,70.31324,1177.7,3590.4866,6875.04
Togo,2018,77.051796,87.663025,69.740204,1451.2,3341.05,6428.3096
Togo,2019,77.78705,88.45626,70.54725,1571.8,3282.5012,6334.99
Togo,2020,77.80878,88.72439,69.75825,1222,3434.0713,6658.87
Tokelau,1995,80.4729,81.67137,79.06138,2195.6,3706.3616,7288.43
Tokelau,1996,80.49336,81.70164,79.0309,2303.7,3757.8462,7408.52
Tokelau,1997,80.55032,81.86296,79.11956,2988.6,3646.1477,7164.8
Tokelau,1998,80.14346,81.23148,78.889755,1547.7999,3849.8604,7628.67
Tokelau,1999,79.787674,80.94545,78.31967,1790.7,3802.043,7494.5503
Tokelau,2000,80.086174,81.34876,78.62714,2216.0999,3821.3557,7476.3994
Tokelau,2001,80.455284,81.64055,79.04658,1818.6,3825.2578,7532.08
Tokelau,2002,80.45302,81.66619,79.03918,2358.9998,3626.675,7106.97
Tokelau,2003,80.486946,81.75274,78.988144,2501.5,3683.5173,7189.8193
Tokelau,2004,80.69765,81.937454,79.24533,2532,3681.385,7208.37
Tokelau,2005,80.740135,81.877014,79.35578,1803.9,3779.3093,7457.27
Tokelau,2006,80.5913,81.83855,79.142746,2189.9001,3768.104,7430.79
Tokelau,2007,80.62396,81.77493,79.20931,1739.1,3871.536,7618.74
Tokelau,2008,80.00281,81.10508,78.60525,1477.7,3953.5027,7749.23
Tokelau,2009,80.697334,81.88688,79.20562,1662.1,3846.35,7543.98
Tokelau,2010,80.295334,81.34663,79.06335,1630.7999,3874.512,7500.13
Tokelau,2011,80.32163,81.59271,78.79951,2160.2002,3786.4417,7381.76
Tokelau,2012,80.60823,81.76262,79.133446,1422.7,3959.284,7744.31
Tokelau,2013,80.88086,81.98674,79.52345,1451.4,3877.4766,7704.25
Tokelau,2014,81.01234,82.260925,79.50274,2198.7,3711.6492,7365.5303
Tokelau,2015,80.95532,82.20965,79.51087,2918.8,3531.1912,6915.3
Tokelau,2016,80.963745,82.12483,79.56057,1993.5,3757.8193,7341.91
Tokelau,2017,81.47876,82.71784,79.89134,2093.7002,3787.1296,7430.8896
Tokelau,2018,80.99703,82.399506,79.31781,3143.2,3536.0989,6889.18
Tokelau,2019,81.24683,82.53117,79.69778,2057.7998,3772.434,7425.5703
Tokelau,2020,81.30685,82.57655,79.71278,2297.4,3681.5479,7222.58
Tonga,1995,77.42331,78.42644,76.25189,409,3963.9023,7573.4595
Tonga,1996,77.463486,78.55631,76.17476,858.9,3938.4226,7457.0103
Tonga,1997,77.40594,78.38871,76.20504,564.9,3911.3972,7318.3203
Tonga,1998,77.523415,78.5258,76.24646,406,4020.6484,7679.92
Tonga,1999,77.8016,78.79926,76.51843,752.5,3964.1921,7535.58
Tonga,2000,78.38198,79.50008,76.936806,849,3964.7273,7473.4004
Tonga,2001,78.30599,79.37624,76.92357,1253.9,3888.0234,7356.2295
Tonga,2002,77.568016,78.49868,76.49354,639.6,3961.293,7451.75
Tonga,2003,77.36001,78.35222,76.18088,677.7,3919.3262,7474.75
Tonga,2004,77.438705,78.545,76.18852,778.5,3902.2524,7271.15
Tonga,2005,77.69971,78.71074,76.4674,644,3946.6003,7494.94
Tonga,2006,77.73246,78.80469,76.447914,625.30005,3968.335,7446.1196
Tonga,2007,77.961845,79.02044,76.68537,943.1,3906.8555,7372.1
Tonga,2008,77.770226,78.8391,76.41549,705.69995,4027.6428,7515.05
Tonga,2009,77.860466,78.84438,76.65405,531.7,3998.905,7586.05
Tonga,2010,77.16171,78.137215,75.91877,539.7,3992.133,7561
Tonga,2011,77.991745,79.012054,76.67674,781.9,3892.375,7349.6396
Tonga,2012,77.921616,79.01836,76.54951,913.80005,3928.315,7370.68
Tonga,2013,77.82858,78.85228,76.601036,712.30005,3908.3704,7392.84
Tonga,2014,78.14058,79.12844,76.9063,636.4,3945.2944,7465.1904
Tonga,2015,77.7716,78.81874,76.57367,578.8,3956.2944,7451.13
Tonga,2016,77.94642,78.96795,76.70713,638.00006,3896.3428,7308.6
Tonga,2017,78.77253,79.83167,77.42534,899.7001,3871.5325,7261.92
Tonga,2018,77.56385,78.64022,76.23512,761.9,3947.3945,7396.59
Tonga,2019,78.38231,79.407074,77.07865,639.5,3939.7185,7544.9697
Tonga,2020,78.13346,79.18213,76.79787,749.3,3989.068,7578.9004
Trinidad and Tobago,1995,80.25999,81.06332,79.304985,147.20001,4056.1406,8051.3203
Trinidad and Tobago,1996,79.99786,80.77927,79.04172,349.8,3999.8152,7985.58
Trinidad and Tobago,1997,80.429695,81.37401,79.33679,486.90002,3972.6284,7793.3105
Trinidad and Tobago,1998,80.761566,81.53304,79.871864,173.8,3960.426,7879.9004
Trinidad and Tobago,1999,79.64738,80.49816,78.69225,395.4,3976.7144,7921.38
Trinidad and Tobago,2000,80.010635,80.817375,79.06312,207.5,3997.0972,7950.38
Trinidad and Tobago,2001,80.03956,80.85225,79.080605,237.79999,4007.389,7947.71
Trinidad and Tobago,2002,80.41691,81.28918,79.39153,387.3,3987.7683,7847.53
Trinidad and Tobago,2003,80.41371,81.285484,79.39597,585.4,3935.727,7865.41
Trinidad and Tobago,2004,80.10948,80.94033,79.135895,392.80002,3968.595,7807.2295
Trinidad and Tobago,2005,80.40878,81.21249,79.46304,245.39998,3941.9417,7784.85
Trinidad and Tobago,2006,80.26307,81.10449,79.2357,409.6,3963.8728,7780.25
Trinidad and Tobago,2007,80.319916,81.143456,79.33235,590.1,3844.7234,7631.64
Trinidad and Tobago,2008,79.61212,80.46451,78.67656,842.39996,3904.389,7732.9805
Trinidad and Tobago,2009,80.506805,81.33775,79.54491,305.59998,3972.5164,7912.7305
Trinidad and Tobago,2010,80.45166,81.2983,79.4628,466,3911.7344,7602.0303
Trinidad and Tobago,2011,80.18644,81.01178,79.2172,418.7,3931.7837,7774.26
Trinidad and Tobago,2012,80.1786,81.0918,79.146225,439,3979.1836,7918.54
Trinidad and Tobago,2013,79.99771,80.81871,79.08085,387.9,3955.7964,7751.13
Trinidad and Tobago,2014,80.01271,80.84337,79.032524,495.7,3904.6,7732.0195
Trinidad and Tobago,2015,80.723724,81.64252,79.65389,583.9001,3937.8145,7719.64
Trinidad and Tobago,2016,80.563545,81.34409,79.663605,214.80002,4024.107,7919.88
Trinidad and Tobago,2017,80.52743,81.31285,79.63712,324.4,3933.272,7882.96
Trinidad and Tobago,2018,80.225395,81.120766,79.16986,473.7,3853.6777,7752.04
Trinidad and Tobago,2019,80.70805,81.55893,79.70345,564.5,3820.923,7725.88
Trinidad and Tobago,2020,80.76713,81.55361,79.819756,472.59998,3833.8245,7659.0303
Tunisia,1995,67.26618,77.953636,57.513767,170.40002,3841.5498,7191.67
Tunisia,1996,67.37122,78.278496,57.066032,105.2,3848.969,7151.08
Tunisia,1997,68.25773,79.13621,58.021713,118.9,3849.1516,7169.9004
Tunisia,1998,67.84616,78.98482,57.428204,118.40001,3880.8066,7252.3896
Tunisia,1999,69.22426,80.49287,59.075577,110.29999,3890.1973,7267.71
Tunisia,2000,68.54567,80.15079,57.53792,46,3942.1477,7433.81
Tunisia,2001,69.72483,81.18081,58.981133,46.300003,3929.3545,7350.2695
Tunisia,2002,68.541275,79.90897,57.781544,95.7,3925.1277,7322.5996
Tunisia,2003,68.95328,79.61481,58.728153,161.5,3816.6277,7140.15
Tunisia,2004,68.28101,79.23801,57.878,97.5,3899.3406,7268.46
Tunisia,2005,68.054886,79.05015,57.77292,99.30002,3850.7239,7180.34
Tunisia,2006,68.656044,79.707275,58.108753,141.8,3861.1858,7242.96
Tunisia,2007,68.5784,79.471306,58.402424,175.5,3852.87,7242.49
Tunisia,2008,68.73284,79.75881,58.374474,62.7,3894.6345,7310.3496
Tunisia,2009,68.14645,78.976425,57.894722,194.4,3874.244,7243.3896
Tunisia,2010,69.31935,80.159485,59.22278,112.59999,3877.8806,7224.7104
Tunisia,2011,68.2339,78.91775,58.037987,93.899994,3861.704,7190.63
Tunisia,2012,69.35559,80.590706,58.725624,108.200005,3933.3206,7349.69
Tunisia,2013,69.334015,80.44724,58.899025,48.1,3889.6526,7288.43
Tunisia,2014,69.79069,81.18968,59.041798,87.20001,3893.3123,7339.3203
Tunisia,2015,68.90857,79.74895,58.64678,90.5,3923.5442,7326.4805
Tunisia,2016,70.41443,81.348434,60.073273,100.7,3907.5652,7325.21
Tunisia,2017,69.33697,80.41435,59.382706,133.30002,3855.2922,7206.22
Tunisia,2018,70.308846,81.212524,60.44841,118.399994,3734.137,6900.62
Tunisia,2019,70.12775,81.20808,60.047966,112.3,3749.265,6956.49
Tunisia,2020,70.31774,81.128746,60.18383,140.20001,3795.6514,6952.19
Turkey,1995,49.946625,61.203262,39.09113,493.5,3684.5168,6447.9297
Turkey,1996,51.139545,62.426876,40.26967,532.8,3623.9773,6453.74
Turkey,1997,48.756073,60.08948,37.789207,436.7,3638.3467,6442.3
Turkey,1998,51.35345,62.91647,40.2123,449.2,3639.656,6535.79
Turkey,1999,51.45367,63.108303,40.309208,299.7,3763.9634,6518.47
Turkey,2000,48.513542,59.750732,37.430733,409.7,3662.1506,6581.37
Turkey,2001,52.45546,63.939995,40.980385,355.6,3724.3823,6636.6597
Turkey,2002,49.018906,60.54466,37.74704,392.19998,3697.031,6572.04
Turkey,2003,49.70098,60.92562,38.652466,328,3603.4592,6571.4297
Turkey,2004,49.244205,60.950733,37.462948,348.5,3694.7278,6614.42
Turkey,2005,50.070633,61.461185,38.87907,358.19998,3646.7517,6460.12
Turkey,2006,50.58534,62.077118,39.404274,301.8,3729.0728,6579.5503
Turkey,2007,51.292957,63.079697,39.71052,375.2,3680.2563,6642.04
Turkey,2008,48.87242,60.837612,37.21606,378.4,3713.3577,6696.9995
Turkey,2009,50.079773,61.150246,39.287643,515.9,3590.7183,6358.88
Turkey,2010,53.70769,65.39159,42.467476,474.8,3653.5923,6482.04
Turkey,2011,48.78691,59.783478,38.36866,376,3613.48,6367.83
Turkey,2012,50.739834,62.03762,39.65344,449.6,3618.3948,6551.7104
Turkey,2013,50.900322,62.374245,39.661453,334.7,3681.8635,6618.3203
Turkey,2014,53.168358,64.758385,42.11167,384.3,3692.7979,6535.8896
Turkey,2015,50.942726,62.194736,40.18296,434.59998,3646.9119,6385.9297
Turkey,2016,51.354836,62.748444,39.994423,442.59998,3662.9084,6541.5103
Turkey,2017,52.073753,62.873367,41.984814,360.69998,3728.0322,6623.47
Turkey,2018,54.4323,64.64107,44.655148,395.40002,3566.938,6462.69
Turkey,2019,52.351696,62.588818,42.748375,363.3,3528.157,6356.8994
Turkey,2020,52.62282,62.86087,42.616276,389,3574.1738,6575.9497
Turkmenistan,1995,64.6253,74.38918,54.22178,92.100006,3742.4153,6522.25
Turkmenistan,1996,61.995644,71.61261,51.64785,137.1,3701.3408,6471.1494
Turkmenistan,1997,64.25986,73.91353,54.191196,158.09999,3644.437,6434.5303
Turkmenistan,1998,63.832855,73.32594,53.87953,121.200005,3661.3372,6457.2197
Turkmenistan,1999,64.48707,74.24246,54.295506,116.5,3736.726,6569.06
Turkmenistan,2000,64.61488,74.10555,54.123344,53.800003,3756.1836,6649.2397
Turkmenistan,2001,64.85921,74.64734,54.380325,83.90001,3733.9705,6603.05
Turkmenistan,2002,64.26291,73.82477,54.05139,132.9,3637.1992,6474.8096
Turkmenistan,2003,62.87956,72.05287,53.12624,194.3,3562.9697,6322.85
Turkmenistan,2004,64.91845,74.57056,54.57014,127.6,3684.0322,6557.5103
Turkmenistan,2005,65.34147,74.62243,55.196,128.7,3710.8752,6498.95
Turkmenistan,2006,65.52646,75.09388,55.11808,83.1,3749.426,6620.13
Turkmenistan,2007,64.68477,74.53342,53.91602,145.59999,3754.075,6635.31
Turkmenistan,2008,64.46766,74.19113,53.76752,51.700005,3805.4133,6697.92
Turkmenistan,2009,64.63356,74.11819,54.449368,180.6,3683.9084,6469.58
Turkmenistan,2010,65.81377,76.02026,54.947945,97.4,3718.5527,6580.6006
Turkmenistan,2011,63.539516,72.77756,53.59449,142.70001,3645.7524,6465.6807
Turkmenistan,2012,63.96503,73.64596,53.31433,89.899994,3724.5305,6657.5693
Turkmenistan,2013,65.527954,75.01868,55.2209,114.2,3784.03,6606.6904
Turkmenistan,2014,63.42302,73.38611,52.69942,90.3,3736.745,6652.55
Turkmenistan,2015,64.79067,74.3401,54.55268,135.29999,3707.4666,6561.56
Turkmenistan,2016,65.37371,74.94924,55.215878,154,3690.906,6451.9297
Turkmenistan,2017,64.24474,73.850655,54.2346,105.8,3634.0361,6476.56
Turkmenistan,2018,64.48672,73.84227,54.51372,134.6,3384.7534,6150.4
Turkmenistan,2019,65.1175,74.17638,55.30153,172.8,3395.4575,6046.0605
Turkmenistan,2020,62.987053,72.18728,53.04408,196.9,3397.004,6125.58
Turks and Caicos Islands,1995,82.559685,94.18907,72.34768,308.6,3827.9302,7442.0205
Turks and Caicos Islands,1996,82.130035,93.65179,71.91187,347.40002,3623.0662,7139.11
Turks and Caicos Islands,1997,81.1701,92.01231,71.55198,398.8,3704.6873,7060.29
Turks and Caicos Islands,1998,81.69939,92.44677,72.20639,717.89996,3685.1702,7150.2305
Turks and Caicos Islands,1999,81.623344,93.374146,71.47135,253.5,3667.2905,7175.47
Turks and Caicos Islands,2000,81.95189,94.01204,71.51917,309.2,3768.975,7332.26
Turks and Caicos Islands,2001,80.807816,91.890495,71.057846,644.4,3678.6438,7095.83
Turks and Caicos Islands,2002,81.77042,93.25259,71.57935,451.7,3753.0872,7276.3
Turks and Caicos Islands,2003,81.60698,92.78705,71.70017,548,3710.987,7210.4004
Turks and Caicos Islands,2004,81.40774,92.49777,71.57475,864.39996,3654.5168,7106.47
Turks and Caicos Islands,2005,79.977196,90.89039,70.14156,871.7001,3610.3,7114.21
Turks and Caicos Islands,2006,81.05629,91.96004,71.40083,706.60004,3617.3862,7056.4995
Turks and Caicos Islands,2007,81.047295,91.548996,71.82321,1207,3620.0203,7023.14
Turks and Caicos Islands,2008,79.74262,90.49909,70.327034,1105.3999,3581.889,6989.8
Turks and Caicos Islands,2009,82.46616,93.677185,72.508934,430.59998,3686.0203,7243.19
Turks and Caicos Islands,2010,81.80556,92.42631,72.62261,1197.8,3597.5864,6958.4404
Turks and Caicos Islands,2011,80.77463,91.38921,71.476036,586.2,3545.459,6934.5303
Turks and Caicos Islands,2012,81.19213,92.63744,71.1272,424.4,3617.2634,7114.87
Turks and Caicos Islands,2013,80.09859,90.25077,71.12195,785.89996,3471.3665,6837.0103
Turks and Caicos Islands,2014,81.17167,91.738365,71.77291,602.60004,3704.061,7127.7603
Turks and Caicos Islands,2015,81.92962,92.820335,72.32228,502.3,3680.6577,7109.2705
Turks and Caicos Islands,2016,81.56616,92.52587,71.916306,584.19995,3515.0842,6945.75
Turks and Caicos Islands,2017,81.93261,93.81968,72.21229,757.2,3558.466,7017.58
Turks and Caicos Islands,2018,83.41519,95.74766,73.22522,456,3531.3005,6970.49
Turks and Caicos Islands,2019,81.74053,93.1887,72.499054,1115.1001,3430.0076,6767.8
Turks and Caicos Islands,2020,81.64246,92.73708,72.36708,1078.8,3541.639,6870.91
Tuvalu,1995,80.56209,81.954926,79.011314,3047.2998,3624.08,7045.4897
Tuvalu,1996,80.32925,81.832954,78.71148,3563.9,3636.4321,6979.1597
Tuvalu,1997,80.56665,82.10485,78.91663,3590.6,3479.502,6838.99
Tuvalu,1998,80.46217,81.71205,79.08825,2077.4001,3837.8816,7541.2495
Tuvalu,1999,79.481804,80.90107,77.95252,3111.8,3672.4395,7065.62
Tuvalu,2000,79.80198,81.21574,78.32025,3507,3678.8755,7057.37
Tuvalu,2001,80.36326,81.74879,78.82589,3270.4,3553.7788,6884.11
Tuvalu,2002,80.63289,81.99931,79.16148,3564.3,3502.4072,6782
Tuvalu,2003,80.60415,82.07797,79.04164,4342.2,3389.4917,6639.2896
Tuvalu,2004,80.75157,82.230576,79.13467,3473.4001,3602.3335,6920.9995
Tuvalu,2005,80.64424,82.11323,79.08553,4132.2,3468.4944,6715.24
Tuvalu,2006,80.54481,82.02299,78.9154,3408.1,3619.0889,7030.15
Tuvalu,2007,80.41135,81.73302,78.953865,3289.9,3676.6475,7060.1
Tuvalu,2008,79.604996,80.973274,78.08639,3128.4004,3751.0078,7102.94
Tuvalu,2009,80.60149,81.980576,79.003426,3080,3648.2183,7092.04
Tuvalu,2010,80.42347,81.65065,79.09293,3003.6,3655.206,6974.92
Tuvalu,2011,80.05923,81.46277,78.49696,3984.2002,3542.8645,6856.8203
Tuvalu,2012,80.39783,81.707054,78.82852,2890,3687.143,7238.38
Tuvalu,2013,80.77117,82.099174,79.296844,3218.7998,3703.96,7176.38
Tuvalu,2014,80.82209,82.26068,79.28995,3958.5,3492.0288,6811.9
Tuvalu,2015,81.12291,82.51811,79.56117,3561.5,3479.2773,6773.3296
Tuvalu,2016,81.208336,82.48607,79.81114,2865.7998,3627.975,7081.85
Tuvalu,2017,81.40991,82.81647,79.65513,3052.6,3609.2175,7008.46
Tuvalu,2018,81.122444,82.67395,79.37526,3719.5,3457.4773,6703.1
Tuvalu,2019,81.4468,82.85419,79.860275,3160.0999,3509.994,6904.3003
Tuvalu,2020,81.339775,82.83795,79.669754,4177.8,3437.6628,6673.83
Uganda,1995,72.88134,81.1547,65.91856,1243.6,3730.571,7113.1997
Uganda,1996,72.53252,80.87508,65.619095,1396.3999,3760.4905,7089.3896
Uganda,1997,73.35595,81.76522,66.03889,1368.7001,3621.806,7041.16
Uganda,1998,73.51816,81.876175,66.46448,1039.6,3751.1494,7213.4004
Uganda,1999,72.47024,80.99935,65.25749,1160.1,3756.317,7210.81
Uganda,2000,73.31372,82.26221,65.56868,982.5,3822.296,7291.92
Uganda,2001,72.59282,81.25801,65.41826,1198.6,3716.9883,7155.32
Uganda,2002,73.47757,82.00317,66.21075,1146.4,3768.8767,7154.52
Uganda,2003,74.05266,82.98872,66.38286,1010.3,3796.9282,7347.05
Uganda,2004,73.97498,82.71614,66.59458,1136.7,3798.4333,7257.73
Uganda,2005,74.549446,83.61132,66.689354,1040.5,3788.0955,7354.85
Uganda,2006,73.75603,82.34566,66.46324,1242.9,3720.897,7056.8
Uganda,2007,73.80992,82.36464,66.36313,1057,3798.7239,7255.1196
Uganda,2008,73.545944,82.38319,65.8618,1084.2999,3756.178,7202.51
Uganda,2009,74.66581,83.65423,66.91694,942.7,3825.63,7248.3
Uganda,2010,73.50515,81.72725,66.58234,1266.7,3629.649,6989.3496
Uganda,2011,73.49707,82.09415,66.03914,1206.2,3680.157,7151.36
Uganda,2012,74.15704,83.003845,66.46868,1053.5,3725.441,7386.41
Uganda,2013,73.989365,82.57103,66.57765,1067.5,3749.808,7290.5195
Uganda,2014,74.78735,83.663605,66.94998,930.1,3815.4153,7292.9204
Uganda,2015,75.115234,84.0845,67.16623,1012.4,3803.9595,7355.4297
Uganda,2016,75.85819,84.8239,67.8857,796.2,3847.3323,7387.83
Uganda,2017,74.3875,84.705086,65.90445,999.60004,3941.7178,7510.61
Uganda,2018,73.550026,83.70794,65.30331,1067.8,3695.7366,7095.26
Uganda,2019,73.93715,83.78018,65.99001,1445.2001,3704.8867,7047.71
Uganda,2020,73.6578,83.65237,65.70598,1196.2,3679.668,7085.7197
Ukraine,1995,47.884132,54.7698,41.078213,566.2,2663.1882,4276.3604
Ukraine,1996,46.145386,52.821007,39.436333,567.8,2589.9321,4332.04
Ukraine,1997,45.912003,52.587116,39.345036,720.2,2651.1072,4131.3
Ukraine,1998,47.499027,54.312405,40.67901,590.7,2735.1416,4293.35
Ukraine,1999,49.665348,56.555008,42.905582,560.00006,2752.2705,4353
Ukraine,2000,48.81485,55.433464,42.217476,572.4,2658.6384,4310.54
Ukraine,2001,48.688442,55.4829,41.9501,558.2,2788.0518,4404.21
Ukraine,2002,49.28844,56.35997,42.347336,535.80005,2855.0522,4478.5
Ukraine,2003,47.149967,53.85945,40.310383,512.30005,2867.744,4614.69
Ukraine,2004,47.94697,54.481823,41.418545,698.7,2609.4036,4212.51
Ukraine,2005,48.793762,55.729965,41.88254,576.80005,2835.485,4447.0596
Ukraine,2006,47.938126,54.6761,41.217777,505.90002,2718.587,4390.4
Ukraine,2007,51.288322,58.479534,44.009995,424.59998,2911.66,4660.13
Ukraine,2008,49.736935,56.633217,43.078136,565.9,2762.5833,4340.08
Ukraine,2009,49.823612,56.72761,42.833828,456.39996,2731.6055,4475.1104
Ukraine,2010,49.5368,56.535286,42.520184,626.2,2831.292,4539.25
Ukraine,2011,48.470966,55.511997,41.438705,425.5,2973.8442,4605.9
Ukraine,2012,50.02329,57.31191,42.65076,430.09998,2875.7705,4599.97
Ukraine,2013,50.422066,57.10018,43.860813,454.59998,2728.3306,4342.67
Ukraine,2014,49.96585,57.226925,42.91964,447.3,2918.315,4635.81
Ukraine,2015,50.89708,57.966652,43.861305,459.8,2800.2761,4539.22
Ukraine,2016,49.66842,56.553078,42.7816,710.7,2836.51,4441.33
Ukraine,2017,50.36826,58.67256,42.515934,476.20004,2834.2761,4647.2603
Ukraine,2018,50.187622,58.250675,42.514973,551.19995,2912.1943,4865.1504
Ukraine,2019,51.635616,59.823822,43.956944,398.1,2948.4048,4729.1904
Ukraine,2020,52.052338,60.04804,44.536076,512.5,2983.3271,4781.41
United Arab Emirates,1995,79.96625,93.00024,67.409904,67.399994,3924.2786,8100.4697
United Arab Emirates,1996,81.2566,93.99573,69.12966,79.40001,3929.6409,8070.66
United Arab Emirates,1997,80.12558,93.258156,67.84438,68.8,3908.6033,8087.44
United Arab Emirates,1998,83.05573,96.04321,70.54733,33.899998,3920.7163,8066.45
United Arab Emirates,1999,82.4253,96.175385,69.053825,18.900002,3998.9097,8338.199
United Arab Emirates,2000,81.59127,95.27318,68.07227,5.9,3999.0444,8351.76
United Arab Emirates,2001,81.61755,95.51727,67.845856,5.2000003,3967.9968,8298.34
United Arab Emirates,2002,81.5443,95.22188,68.18958,44.7,3960.13,8240.21
United Arab Emirates,2003,82.056114,95.58139,68.84646,40.5,3956.0679,8181.8
United Arab Emirates,2004,81.54158,95.27244,67.89597,20.900002,3974.1533,8231.471
United Arab Emirates,2005,81.717735,95.1378,68.07344,16.3,3963.5264,8175.4697
United Arab Emirates,2006,81.90893,95.02658,68.60087,47.399998,3917.419,8047.8105
United Arab Emirates,2007,81.73877,95.31903,68.222626,20.9,3956.5266,8187.8994
United Arab Emirates,2008,81.00998,94.77204,67.109085,20.499998,3970.297,8295.141
United Arab Emirates,2009,81.56578,95.44109,67.51372,21.4,3975.254,8275.131
United Arab Emirates,2010,82.96822,96.52849,69.24788,20.7,3942.9407,8150.63
United Arab Emirates,2011,81.983955,95.2463,68.86051,9.9,3925.589,8129.8296
United Arab Emirates,2012,82.184204,95.84219,68.326546,6.1000004,3976.611,8196.19
United Arab Emirates,2013,80.78173,93.87533,67.64564,59.6,3915.2217,8078.54
United Arab Emirates,2014,81.3229,94.6942,68.21325,29.9,3975.8892,8225.54
United Arab Emirates,2015,82.83567,96.25601,69.22446,11,3936.5828,8187.0195
United Arab Emirates,2016,81.51384,94.89552,68.48078,47.2,3906.3984,8067.38
United Arab Emirates,2017,83.197495,96.07634,71.58771,35.100002,3879.6372,8021.7
United Arab Emirates,2018,83.14461,95.8887,71.70089,8.6,3830.6873,7930.88
United Arab Emirates,2019,82.92505,95.08412,71.59905,19.1,3784.8806,7829.2
United Arab Emirates,2020,82.639854,94.87077,71.61315,44.500004,3822.7786,7865.29
United Kingdom,1995,49.830822,51.210926,48.438194,683.10004,2975.8132,4174.84
United Kingdom,1996,47.28881,48.525818,46.095814,653.1,2767.0605,4010.9302
United Kingdom,1997,50.106277,51.427425,48.814217,648.8,2746.186,3989.09
United Kingdom,1998,49.447933,50.7232,48.22392,923.10004,2678.1309,3696.54
United Kingdom,1999,50.631214,51.997753,49.31723,709.60004,3012.44,4076.1401
United Kingdom,2000,49.866188,51.078526,48.693775,889.60004,2699.8303,3777.92
United Kingdom,2001,49.209717,50.428055,48.00397,742.9,2895.6687,4065.3198
United Kingdom,2002,50.881294,52.1055,49.731228,742.4,2798.2017,3950.9502
United Kingdom,2003,50.753723,51.970627,49.501423,602,3037.209,4209
United Kingdom,2004,50.45906,51.745167,49.18877,754.60004,2929.9722,4062.89
United Kingdom,2005,50.10763,51.474026,48.809776,762,2932.6333,3983.3599
United Kingdom,2006,50.989872,52.220654,49.74652,665.6,2940.2246,4176.47
United Kingdom,2007,50.907875,52.26282,49.612137,694.9,2876.4985,3968.15
United Kingdom,2008,50.392963,51.74049,49.090656,745.5,3039.0557,4118.04
United Kingdom,2009,50.374374,51.66192,49.121704,711.7,2977.5266,4163.08
United Kingdom,2010,48.008,49.301205,46.715862,734.6,2858.1448,4007.7598
United Kingdom,2011,50.032158,51.37318,48.750847,724.1,2832.7327,3986.3896
United Kingdom,2012,49.326347,50.68287,48.053688,824.2001,2823.234,3934.52
United Kingdom,2013,48.71984,49.96523,47.545837,625.4,2949.7761,4142.36
United Kingdom,2014,51.6913,52.951015,50.462082,796.10004,2933.1057,4140.7603
United Kingdom,2015,50.36279,51.69077,49.066463,813.7,2880.4604,3987.17
United Kingdom,2016,50.736607,51.95123,49.54459,762.7999,2973.1877,4026.96
United Kingdom,2017,50.87954,52.260605,49.542114,879.80005,2759.676,3947.3901
United Kingdom,2018,50.43155,51.782246,49.109127,737.9,2778.486,4132.76
United Kingdom,2019,51.151653,52.48572,49.90581,843.3,2889.7063,4147.8003
United Kingdom,2020,51.39421,52.79516,50.08951,817.5,2923.0522,4163.7197
Tanzania,1995,81.45373,91.27569,72.40454,522.4,3840.0813,7198.3003
Tanzania,1996,79.603775,89.09535,70.80199,859.19995,3737.7366,7011.88
Tanzania,1997,80.83787,90.43364,72.08399,761.9,3652.4934,7143.64
Tanzania,1998,81.79339,91.27101,73.01408,566,3783.3335,7188.2
Tanzania,1999,81.325485,91.1778,71.939,563.6,3810.1978,7178.71
Tanzania,2000,82.11456,91.86444,72.52673,397.6,3841.5527,7270.43
Tanzania,2001,80.7936,90.72213,71.73829,652.6,3842.8645,7204.9
Tanzania,2002,81.88196,91.617935,72.833824,471.90002,3807.3584,7217.85
Tanzania,2003,81.59978,91.43843,72.53991,573.19995,3781.4055,7194.2695
Tanzania,2004,81.47063,91.188705,72.546906,562.9,3809.709,7233.45
Tanzania,2005,82.62187,92.41043,73.26804,549.5,3797.4763,7302.97
Tanzania,2006,80.89815,90.47308,72.194214,721.9,3714.9983,7025.86
Tanzania,2007,80.857086,90.33994,71.727196,635.10004,3747.7234,7088.2
Tanzania,2008,80.77982,90.43625,71.468864,669.30005,3749.8936,7129.11
Tanzania,2009,82.349495,92.20109,72.95711,518.9,3835.7764,7281.94
Tanzania,2010,82.1677,91.90174,73.13243,489.5,3736.0984,7077.76
Tanzania,2011,80.99897,90.676025,71.73483,657.10004,3778.7886,7176.1797
Tanzania,2012,80.56951,89.985016,71.60288,778.9,3748.087,7101.76
Tanzania,2013,81.08924,90.73052,72.07339,630,3755.2212,7093.62
Tanzania,2014,81.39012,90.791664,72.203835,633.5,3780.4912,7098.88
Tanzania,2015,82.26203,92.06374,73.15264,542.6,3823.3833,7297.7803
Tanzania,2016,83.312675,92.98911,74.00952,404.5,3816.713,7315.0303
Tanzania,2017,82.08971,92.98707,73.41194,626,3817.591,7243.25
Tanzania,2018,81.74839,92.489975,73.168335,571.3,3752.7878,7128.77
Tanzania,2019,80.88233,91.29902,72.63918,834.69995,3741.8594,7000.9497
Tanzania,2020,80.19067,90.71565,71.87787,824.7,3674.149,6967.12
United States,1995,41.703426,52.63235,27.895668,22.6,3830.054,7496.79
United States,1996,42.60077,53.52093,29.069704,42.600002,3842.619,7400.3105
United States,1997,42.6656,53.719006,28.707396,30.099998,3871.4873,7555.6797
United States,1998,43.929485,55.042374,30.127665,56.699997,3825.8079,7390.1997
United States,1999,43.91323,54.858685,30.602076,49.6,3795.3318,7371.8203
United States,2000,42.208855,53.144703,28.415113,29.300001,3842.4885,7451.99
United States,2001,42.871597,53.835392,29.273283,58.800003,3810.576,7398.6807
United States,2002,43.35439,54.26961,30.09734,51.1,3769.18,7230.56
United States,2003,43.134846,54.226707,29.342573,34.800003,3826.6355,7407.2305
United States,2004,42.406353,53.353474,28.930765,54.8,3783.5818,7339.66
United States,2005,43.000607,53.799397,29.682844,40.6,3799.963,7314.0503
United States,2006,44.232914,55.45959,30.457338,39.2,3851.7388,7424.45
United States,2007,43.37059,54.392406,29.73882,69.7,3780.5925,7270.54
United States,2008,42.559673,53.30454,29.009705,77.200005,3791.7996,7336.4795
United States,2009,43.678993,54.667336,30.280052,83.399994,3787.4722,7305.34
United States,2010,43.717484,54.89345,30.35427,83.3,3844.442,7377.9297
United States,2011,43.513546,54.457256,30.0606,30.8,3830.6956,7406.0107
United States,2012,42.16754,52.634212,29.059376,47.9,3838.746,7374.8906
United States,2013,43.877262,55.138046,29.811804,49.2,3866.899,7540.01
United States,2014,43.213234,54.192924,29.652023,40.800003,3809.763,7400.21
United States,2015,43.787735,54.77879,30.076626,56.100002,3777.0994,7354.92
United States,2016,44.74519,55.6212,31.24151,43.3,3810.416,7351.6104
United States,2017,43.722786,54.012062,31.758883,80.8,3652.5767,7150.74
United States,2018,43.42629,53.85401,31.413433,94.8,3613.8394,7033.52
United States,2019,43.414093,53.577106,31.63979,78.2,3606.924,6971.85
United States,2020,43.431595,53.7119,31.337063,46.699997,3681.5532,7207.8403
Uruguay,1995,67.764534,77.67346,56.98998,138.9,3905.854,7622.1396
Uruguay,1996,66.563324,76.42781,56.157894,208.2,3909.227,7611.8
Uruguay,1997,67.79289,77.788124,56.775455,116.7,3935.8127,7639.54
Uruguay,1998,69.32547,79.495155,58.403595,116.50001,3967.0327,7706.1094
Uruguay,1999,68.33248,78.44105,57.49645,177.70003,3948.19,7723.0703
Uruguay,2000,68.51174,78.65273,57.14052,93.200005,3954.7866,7827.26
Uruguay,2001,69.93821,80.352745,58.254913,79.7,3965.693,7787.42
Uruguay,2002,68.95465,79.2725,57.63231,146.79999,3956.875,7736.5903
Uruguay,2003,68.43224,78.90806,56.895046,88.7,3920.187,7681.2695
Uruguay,2004,68.684265,78.88093,57.34019,162,3917.9922,7692.3506
Uruguay,2005,68.46154,78.49875,57.390907,102.2,3959.0693,7718.0103
Uruguay,2006,68.83492,78.708336,57.991074,157.1,3902.0417,7687.5596
Uruguay,2007,67.91164,78.116554,56.74661,96.7,3952.1377,7701.5703
Uruguay,2008,68.10248,78.111496,56.911583,100.2,3977.9343,7772.34
Uruguay,2009,68.814766,78.92779,57.49645,129.3,3916.041,7641.66
Uruguay,2010,70.53992,80.97461,58.81488,59.300003,3993.0583,7793.8
Uruguay,2011,68.3447,78.50762,56.89973,89,3963.3975,7722.5195
Uruguay,2012,66.98556,76.865524,55.99092,159.7,3953.156,7727.29
Uruguay,2013,68.76085,79.181274,57.054825,90.40001,3942.3284,7733.3
Uruguay,2014,67.882706,77.806114,56.529377,92.8,3947.3608,7742.19
Uruguay,2015,69.14882,79.381,57.566223,88.1,3925.74,7623.78
Uruguay,2016,70.01325,80.44937,58.219368,39.7,3994.1584,7788.84
Uruguay,2017,69.46522,79.21039,58.36343,75.8,3931.566,7660.3003
Uruguay,2018,69.70086,79.17611,59.10118,76.9,3785.1821,7295.41
Uruguay,2019,68.743484,78.13778,58.412495,106.7,3763.8855,7222.77
Uruguay,2020,67.138596,76.44759,56.63186,129.79999,3771.7744,7228.67
Uzbekistan,1995,58.969585,68.72329,48.988144,102.70001,3778.1682,6473.2
Uzbekistan,1996,56.037266,65.66623,46.00492,116.1,3722.9167,6420.6
Uzbekistan,1997,58.685375,68.202034,49.12573,222.9,3643.6794,6304.62
Uzbekistan,1998,57.361645,66.77066,47.738995,214.30002,3650.68,6282.75
Uzbekistan,1999,58.842926,68.420006,48.614826,155.20001,3696.6848,6403.3804
Uzbekistan,2000,58.64049,68.09918,48.702457,134.9,3733.916,6482.64
Uzbekistan,2001,58.76722,68.27921,48.705566,114.100006,3667.8628,6457.8696
Uzbekistan,2002,58.455437,67.74464,48.9625,239.50002,3562.4495,6136.9004
Uzbekistan,2003,57.073257,65.97867,48.123898,328.3,3419.7942,6022.5596
Uzbekistan,2004,59.815426,69.192955,50.343365,171.59999,3643.179,6370.09
Uzbekistan,2005,59.539326,68.663376,49.938934,243.30002,3587.6992,6288.19
Uzbekistan,2006,59.305576,68.881836,49.461323,137.79999,3675.9585,6399.5195
Uzbekistan,2007,59.777557,69.55573,49.696552,172.9,3723.6262,6471.1597
Uzbekistan,2008,58.336834,67.85673,48.47525,113.3,3761.3772,6479.3203
Uzbekistan,2009,59.13378,68.48164,49.628246,207.7,3601.8284,6253.5903
Uzbekistan,2010,60.881527,70.691956,51.010307,124.9,3683.6738,6382.3604
Uzbekistan,2011,58.189907,67.70321,48.16482,159,3681.0576,6415.4805
Uzbekistan,2012,58.69876,68.266396,48.776726,165.4,3721.5745,6479.9404
Uzbekistan,2013,60.215393,69.792694,50.167507,172.69998,3659.7434,6392.6904
Uzbekistan,2014,57.048332,67.04411,46.780308,137.2,3717.1272,6545.86
Uzbekistan,2015,59.58406,68.85249,50.030907,213,3601.4495,6315.66
Uzbekistan,2016,60.480278,70.12902,50.63574,180.29999,3648.2788,6276.5903
Uzbekistan,2017,58.434235,67.32608,49.64096,163.4,3590.057,6389.07
Uzbekistan,2018,57.83583,66.93921,48.39132,87.600006,3463.9766,6202.5605
Tunisia,2011,68.2339,78.91775,58.037987,93.899994,3861.704,7190.63
Uzbekistan,2019,59.908752,69.00822,50.538742,133.2,3466.063,6084.96
Uzbekistan,2020,57.620113,66.42489,48.357265,128.7,3566.3066,6230.08
Vanuatu,1995,79.82661,80.765945,78.62641,729.7,4012.081,7866.95
Vanuatu,1996,79.98783,81.05393,78.65024,1110.3,3988.1384,7812.17
Vanuatu,1997,80.02596,81.02436,78.69175,1206.6001,3939.1372,7660.45
Vanuatu,1998,79.49832,80.38573,78.319176,504.4,4028.341,7933.98
Vanuatu,1999,79.78329,80.78172,78.37145,713.89996,4037.7563,7938.4297
Vanuatu,2000,79.92973,80.88426,78.661064,682,4064.4644,7998.0195
Vanuatu,2001,80.22228,81.31063,78.79186,1081.9,3962.3389,7713.68
Vanuatu,2002,79.920555,80.94545,78.60225,1083,3932.6494,7644.98
Vanuatu,2003,80.05368,81.087234,78.77264,1107.7001,3967.1372,7657.3896
Vanuatu,2004,80.04088,81.11393,78.6977,1143.5,3949.933,7606.43
Vanuatu,2005,80.018105,80.9965,78.73195,815.9,3995.9702,7770.29
Vanuatu,2006,80.10366,81.1686,78.75462,955.9,3976.0562,7751.35
Vanuatu,2007,80.26348,81.23247,78.94301,677.5,4010.7998,7848.34
Vanuatu,2008,79.930405,80.87,78.66672,367.6,4100.925,8119.7803
Vanuatu,2009,80.15574,81.14296,78.87324,849.19995,3974.9631,7858.54
Vanuatu,2010,79.57335,80.527016,78.3029,664,4014.9954,7796.4404
Vanuatu,2011,80.28758,81.33849,78.79482,939.7999,3954.8286,7729.24
Vanuatu,2012,80.19571,81.231224,78.82041,651.80005,4072.0032,7974.73
Vanuatu,2013,80.30351,81.35353,78.89098,769,3996.957,7742.05
Vanuatu,2014,80.68316,81.78997,79.24655,858.69995,4028.8047,7788.2603
Vanuatu,2015,80.36312,81.415665,79.07148,1068,3909.3164,7450.59
Vanuatu,2016,80.11869,81.150826,78.77541,1207.5001,3940.798,7555.33
Vanuatu,2017,81.08003,82.078705,79.66228,821,4028.6538,7833.8203
Vanuatu,2018,80.43614,81.57669,78.93513,1482.5999,3809.4534,7361.29
Vanuatu,2019,80.45302,81.60948,78.92822,1060.6,3941.6362,7654.1396
Vanuatu,2020,80.6148,81.7073,79.09041,736.9001,4024.9111,7796.42
Venezuela,1995,80.92084,82.01732,79.53085,992.4,3833.9326,7734.81
Venezuela,1996,80.6925,81.767044,79.3791,1058.5,3854.1365,7750.82
Venezuela,1997,80.841576,82.08957,79.28847,1576.1001,3769.6895,7517.0703
Venezuela,1998,81.70413,82.83471,80.26786,899,3832.959,7667
Venezuela,1999,80.593994,81.6657,79.25,1031.1,3820.4722,7736.5996
Venezuela,2000,80.9082,82.064835,79.464676,900.80005,3895.4817,7814.55
Venezuela,2001,80.845795,82.00474,79.41767,1285.6001,3763.552,7510.36
Venezuela,2002,81.01844,82.16304,79.62603,1394.4,3772.7043,7596.2
Venezuela,2003,81.37929,82.59579,79.87531,1456.0999,3720.8066,7445.71
Venezuela,2004,81.15353,82.34049,79.707375,1158.4,3825.8206,7588.23
Venezuela,2005,81.30698,82.43106,79.85682,947.99994,3852.6472,7675.53
Venezuela,2006,81.24581,82.40913,79.799126,1162.5,3778.3809,7587.8896
Venezuela,2007,81.46976,82.586655,80.017586,1076.7001,3801.2527,7598.4697
Venezuela,2008,80.93737,82.03459,79.52197,1094.5,3794.9495,7543
Venezuela,2009,81.44819,82.56298,80.02721,977,3829.12,7699.0703
Venezuela,2010,81.55305,82.68381,80.21683,1396.7999,3726.909,7476.3096
Venezuela,2011,81.25736,82.35585,79.871864,1225.1,3791.3691,7658.26
Venezuela,2012,81.49109,82.62574,79.98894,863.6,3848.829,7739.21
Venezuela,2013,81.52321,82.60023,80.16454,1085.5,3843.6636,7663.2495
Venezuela,2014,81.1905,82.35808,79.742165,1294.6001,3799.8103,7523.8604
Venezuela,2015,81.868576,83.1094,80.27576,1277.2,3836.4705,7610.15
Venezuela,2016,81.97563,83.045,80.608604,798.7,3931.0793,7833.58
Venezuela,2017,81.93472,83.04011,80.420494,975.39996,3803.4036,7621.24
Venezuela,2018,81.84042,82.98858,80.38104,1531.2001,3750.544,7551.88
Venezuela,2019,82.19452,83.389755,80.65646,1520.6001,3648.4595,7427.9297
Venezuela,2020,82.18391,83.407455,80.56139,1507.7001,3619.9553,7299.0596
Vietnam,1995,72.73679,81.24535,66.78986,1625.5,3538.4475,6745.6895
Vietnam,1996,72.37984,80.53678,66.90522,1910.7,3473.36,6598.38
Vietnam,1997,72.6105,80.920364,66.94176,1629.7,3549.0867,6774.5
Vietnam,1998,74.601135,82.93315,68.848526,1659.6001,3463.0884,6674.22
Vietnam,1999,72.10489,79.66653,67.147156,1680.4,3361.3674,6369.36
Vietnam,2000,72.551834,80.35457,67.35841,1749.6,3377.0027,6422.2
Vietnam,2001,72.89722,81.01677,67.38215,1364.3,3510.6184,6624.55
Vietnam,2002,73.29587,81.71113,67.63908,1561.7,3517.675,6669.51
Vietnam,2003,73.04997,81.63173,67.26403,1267.9,3530.4612,6737.49
Vietnam,2004,72.94228,82.08744,66.68391,1084.5,3675.2737,6987.57
Vietnam,2005,73.175,81.37381,67.55253,1555.2002,3436.0283,6547.01
Vietnam,2006,73.2279,81.66403,67.45414,1613.3999,3504.6091,6681.02
Vietnam,2007,72.80196,81.0365,67.32025,1889.9999,3373.5266,6462.8994
Vietnam,2008,71.89613,79.607765,66.853096,1570.0999,3398.4968,6399.8403
Vietnam,2009,72.46188,80.32143,67.212746,2474.2002,3339.5862,6289.85
Vietnam,2010,74.165596,82.64516,68.30532,1829.7,3475.2532,6649.04
Vietnam,2011,71.88598,79.80683,66.83055,1860.5,3367.7053,6262.54
Vietnam,2012,73.184906,81.137024,67.931366,1690.4,3464.0786,6418.2397
Vietnam,2013,72.57534,80.61485,67.33407,2243.9,3251.2112,6264.6396
Vietnam,2014,72.76716,81.015045,67.086,1604.2001,3505.2625,6604.71
Vietnam,2015,73.559746,82.11478,67.66989,1358.4,3540.0544,6797.08
Vietnam,2016,74.21078,82.22041,68.67989,1716,3487.4448,6546.8496
Vietnam,2017,72.418434,80.49987,66.9651,1418.8,3385.9534,6465.1997
Vietnam,2018,72.39661,80.91781,66.617676,1371.6,3501.0125,6783.4795
Vietnam,2019,72.83033,81.37275,66.84699,1388,3676.6438,7053
Vietnam,2020,73.31431,82.262634,67.05559,1801,3620.9119,7038.4897
Yemen,1995,77.21955,90.29417,62.725815,96.4,3976.3162,8595.8
Yemen,1996,77.225815,90.28603,62.573666,57.800003,3963.855,8560.109
Yemen,1997,78.14599,91.46294,62.948223,56.600006,3978.331,8511.78
Yemen,1998,78.88579,91.902336,63.98582,31.1,3969.3098,8528.48
Yemen,1999,77.561295,90.77474,62.233646,58.100002,3979.2607,8608.1
Yemen,2000,77.36675,91.04366,61.314903,21.300001,4018.091,8726.779
Yemen,2001,77.28886,90.529396,61.832474,43.300003,3981.4812,8632.291
Yemen,2002,77.59292,90.93798,62.11036,37,3983.166,8585.78
Yemen,2003,78.18699,91.64713,62.337456,32.199997,3969.3213,8598.4
Yemen,2004,77.874,91.15628,62.285957,12.7,3994.266,8596.2295
Yemen,2005,78.06352,91.19787,62.993595,44.7,3973.96,8481.5
Yemen,2006,78.14711,91.34853,62.695736,30.7,3950.8918,8488.51
Yemen,2007,78.11953,91.00579,63.77672,94.1,3944.1963,8495.64
Yemen,2008,76.638405,89.877106,62.19276,174.40001,3976.5989,8667.3
Yemen,2009,78.15286,91.73812,63.10184,26.800003,3981.1921,8626.57
Yemen,2010,78.18072,90.82432,64.537155,67.5,3929.7383,8504.721
Yemen,2011,77.81168,91.05683,63.253983,35,3986.9067,8595.74
Yemen,2012,77.767395,91.30629,62.744568,25.4,3993.2434,8687.63
Yemen,2013,77.69383,90.556526,63.363213,41.8,3949.3738,8501.221
Yemen,2014,77.93525,90.93083,63.219955,22.8,3977.8271,8576.89
Yemen,2015,78.27401,91.38428,63.000004,102.4,3977.3071,8601.591
Yemen,2016,78.77419,91.485825,64.95968,67.2,3979.8772,8529.7
Yemen,2017,77.82729,90.710495,65.32532,20.099998,3940.816,8514.211
Yemen,2018,77.74922,90.33373,64.075676,10.1,3919.6565,8538.21
Yemen,2019,79.350365,91.69977,66.14346,12.200001,3912.469,8467.24
Yemen,2020,78.34086,90.61619,65.20766,127.7,3904.3728,8516.18
Zambia,1995,79.99584,92.408066,68.947914,252.00002,3992.0784,8559.35
Zambia,1996,79.89466,92.49955,68.862015,274,3999.1938,8543.421
Zambia,1997,80.362144,92.64528,69.35032,237.8,3987.0684,8480.89
Zambia,1998,80.94181,93.412865,69.75101,237.4,3968.4817,8509.141
Zambia,1999,80.885475,93.17122,69.69306,266.2,3988.8972,8548.221
Zambia,2000,80.02071,92.69627,68.72751,178.5,4040.39,8753.07
Zambia,2001,80.69851,93.09923,69.546844,229.40002,4001.1528,8587.7
Zambia,2002,81.54869,94.05594,70.14183,182.3,4030.75,8693.079
Zambia,2003,81.39378,93.95682,70.16673,257.3,3991.189,8564.051
Zambia,2004,81.49269,93.99955,70.17021,201.69998,4050.9785,8678.299
Zambia,2005,81.491005,94.01845,70.44561,288,4007.0227,8592.02
Zambia,2006,81.15208,93.55687,70.029144,208.7,4018.5686,8565.42
Zambia,2007,80.78895,93.17493,69.540924,213.1,4010.506,8625.6
Zambia,2008,81.13672,93.46104,70.1021,152.6,4019.4214,8595.791
Zambia,2009,82.40416,95.01954,70.815475,164.59999,4052.051,8730.68
Zambia,2010,83.1749,95.19906,72.081635,186.8,4007.412,8504.24
Zambia,2011,81.03719,93.57584,69.69602,130.8,4037.4211,8687.81
Zambia,2012,81.31251,94.000046,69.767914,149.6,4053.0955,8674.48
Zambia,2013,82.25363,94.74092,70.86799,177.7,4014.2354,8604.0205
Zambia,2014,81.980225,93.96495,71.17695,198,4015.308,8453.95
Zambia,2015,82.1401,94.529106,70.99843,79.200005,4045.355,8625.94
Zambia,2016,82.2421,94.59083,71.20976,165.5,4035.8293,8646.51
Zambia,2017,83.04823,95.06955,72.619865,115.4,3929.1287,8474.12
Zambia,2018,82.50913,94.34882,71.87027,103.8,3893.986,8383.11
Zambia,2019,82.36945,94.23046,72.06432,177.5,3819.885,8154.7695
Zambia,2020,81.83584,93.43996,71.28865,192.3,3852.6472,8253.78
Zimbabwe,1995,79.08272,91.24908,65.2938,3.4,4082.4182,8918.33
Zimbabwe,1996,79.65252,91.942,65.643814,2.6000004,4095.164,8936.82
Zimbabwe,1997,78.95307,90.99854,65.11775,5.7999997,4075.165,8883.65
Zimbabwe,1998,79.79832,91.88795,65.85526,0.70000005,4083.7334,8924.7295
Zimbabwe,1999,80.5005,92.38036,67.283676,6.9,4077.1611,8827.57
Zimbabwe,2000,78.33702,90.55266,64.637085,0,4101.1187,8994.77
Zimbabwe,2001,79.56174,91.77872,65.68266,1.2,4084.4927,8955.939
Zimbabwe,2002,80.01485,92.136986,66.17384,3.1,4088.03,8951.199
Zimbabwe,2003,80.295815,92.32414,66.65392,0.8,4079.1465,8868.379
Zimbabwe,2004,79.95962,92.34528,65.90324,1.4,4096.4365,8985.77
Zimbabwe,2005,80.63931,92.73863,67.060036,10.5,4083.9094,8871.78
Zimbabwe,2006,80.29025,92.37123,66.482796,0.8,4083.5005,8928.45
Zimbabwe,2007,80.01807,92.13995,66.3854,9.7,4080.689,8894.86
Zimbabwe,2008,80.46228,92.54495,66.821434,4.5,4096.115,8968.63
Zimbabwe,2009,80.49027,92.71965,66.63666,0.9,4082.1572,8929.42
Zimbabwe,2010,82.96803,95.15235,69.18723,2.9,4081.435,8872.64
Zimbabwe,2011,79.56539,91.49737,65.84268,1,4087.1155,8955.96
Zimbabwe,2012,80.8376,92.68193,67.150444,1.5000001,4093.6511,8910.15
Zimbabwe,2013,80.78385,92.79337,67.05855,2.9,4083.5295,8914.65
Zimbabwe,2014,81.68968,93.414,68.35628,7.3,4061.425,8788.28
Zimbabwe,2015,80.9196,92.83825,67.472305,0.9,4079.0022,8911.55
Zimbabwe,2016,81.31652,93.21251,67.891525,2.5,4093.841,8910.3
Zimbabwe,2017,80.602615,92.33274,67.682846,3.2,4008.1736,8694.281
Zimbabwe,2018,81.73371,93.39054,68.73621,1.1,3995.2808,8568.381
Zimbabwe,2019,81.60607,93.18194,68.69824,0.3,3988.4434,8504.221
Zimbabwe,2020,81.21433,92.80378,68.22689,0.1,4007.4683,8560.2
